
C:/Users/nahue/Desktop/Accesos Directos/GitHUB/EGB_TD3_G9_511_2025/2_rtos/EGA_TD3/EGA_TD3/Firmware/build/firmware.elf:     file format elf32-littlearm

Sections:
Idx Name          Size      VMA       LMA       File off  Algn
  0 .text         00008e10  10000000  10000000  00001000  2**3
                  CONTENTS, ALLOC, LOAD, READONLY, CODE
  1 .rodata       000009cc  10008e10  10008e10  00009e10  2**3
                  CONTENTS, ALLOC, LOAD, READONLY, DATA
  2 .ARM.exidx    00000008  100097dc  100097dc  0000a7dc  2**2
                  CONTENTS, ALLOC, LOAD, READONLY, DATA
  3 .binary_info  00000024  100097e4  100097e4  0000a7e4  2**2
                  CONTENTS, ALLOC, LOAD, READONLY, DATA
  4 .ram_vector_table 00000110  20000000  20000000  0000e000  2**2
                  ALLOC
  5 .uninitialized_data 00000078  20000110  20000110  0000e000  2**3
                  ALLOC
  6 .data         00001a18  20000188  10009808  0000b188  2**3
                  CONTENTS, ALLOC, LOAD, READONLY, CODE
  7 .tdata        00000000  20001ba0  20001ba0  0000d234  2**0
                  CONTENTS, ALLOC, LOAD, DATA, THREAD_LOCAL
  8 .tbss         00000000  20001ba0  20001ba0  00000000  2**0
                  ALLOC, THREAD_LOCAL
  9 .bss          00001018  20001ba0  1000b220  0000dba0  2**3
                  ALLOC
 10 .heap         00000800  20002bb8  20002bb8  0000d234  2**2
                  CONTENTS, READONLY
 11 .scratch_x    00000000  20080000  20080000  0000da34  2**0
                  CONTENTS
 12 .scratch_y    00000000  20081000  20081000  0000da34  2**0
                  CONTENTS
 13 .stack_dummy  00000800  20081000  20081000  0000da40  2**5
                  CONTENTS, READONLY
 14 .flash_end    00000014  1000b220  1000b220  0000d220  2**2
                  CONTENTS, ALLOC, LOAD, READONLY, DATA
 15 .ARM.attributes 00000034  00000000  00000000  0000e240  2**0
                  CONTENTS, READONLY
 16 .comment      00000045  00000000  00000000  0000e274  2**0
                  CONTENTS, READONLY
 17 .debug_info   0004dca3  00000000  00000000  0000e2b9  2**0
                  CONTENTS, READONLY, DEBUGGING, OCTETS
 18 .debug_abbrev 0000d20d  00000000  00000000  0005bf5c  2**0
                  CONTENTS, READONLY, DEBUGGING, OCTETS
 19 .debug_loclists 00024d9b  00000000  00000000  00069169  2**0
                  CONTENTS, READONLY, DEBUGGING, OCTETS
 20 .debug_aranges 00001bd0  00000000  00000000  0008df08  2**3
                  CONTENTS, READONLY, DEBUGGING, OCTETS
 21 .debug_rnglists 00006142  00000000  00000000  0008fad8  2**0
                  CONTENTS, READONLY, DEBUGGING, OCTETS
 22 .debug_line   00032f5a  00000000  00000000  00095c1a  2**0
                  CONTENTS, READONLY, DEBUGGING, OCTETS
 23 .debug_str    0000e4b2  00000000  00000000  000c8b74  2**0
                  CONTENTS, READONLY, DEBUGGING, OCTETS
 24 .debug_frame  0000536c  00000000  00000000  000d7028  2**2
                  CONTENTS, READONLY, DEBUGGING, OCTETS
 25 .debug_line_str 000002ce  00000000  00000000  000dc394  2**0
                  CONTENTS, READONLY, DEBUGGING, OCTETS

C:/Users/nahue/Desktop/Accesos Directos/GitHUB/EGB_TD3_G9_511_2025/2_rtos/EGA_TD3/EGA_TD3/Firmware/build/firmware.elf:     file format elf32-littlearm


Disassembly of section .text:

10000000 <__VECTOR_TABLE>:
10000000:	20082000 	.word	0x20082000
10000004:	1000015d 	.word	0x1000015d
10000008:	10000113 	.word	0x10000113
1000000c:	10007fed 	.word	0x10007fed
10000010:	10000111 	.word	0x10000111
10000014:	10000111 	.word	0x10000111
10000018:	10000111 	.word	0x10000111
1000001c:	10000111 	.word	0x10000111
10000020:	10000111 	.word	0x10000111
10000024:	10000111 	.word	0x10000111
10000028:	10000111 	.word	0x10000111
1000002c:	10000117 	.word	0x10000117
10000030:	10000111 	.word	0x10000111
10000034:	10000111 	.word	0x10000111
10000038:	10000119 	.word	0x10000119
1000003c:	1000011b 	.word	0x1000011b
10000040:	1000011d 	.word	0x1000011d
10000044:	1000011d 	.word	0x1000011d
10000048:	1000011d 	.word	0x1000011d
1000004c:	1000011d 	.word	0x1000011d
10000050:	1000011d 	.word	0x1000011d
10000054:	1000011d 	.word	0x1000011d
10000058:	1000011d 	.word	0x1000011d
1000005c:	1000011d 	.word	0x1000011d
10000060:	1000011d 	.word	0x1000011d
10000064:	1000011d 	.word	0x1000011d
10000068:	1000011d 	.word	0x1000011d
1000006c:	1000011d 	.word	0x1000011d
10000070:	1000011d 	.word	0x1000011d
10000074:	1000011d 	.word	0x1000011d
10000078:	1000011d 	.word	0x1000011d
1000007c:	1000011d 	.word	0x1000011d
10000080:	1000011d 	.word	0x1000011d
10000084:	1000011d 	.word	0x1000011d
10000088:	1000011d 	.word	0x1000011d
1000008c:	1000011d 	.word	0x1000011d
10000090:	1000011d 	.word	0x1000011d
10000094:	1000011d 	.word	0x1000011d
10000098:	1000011d 	.word	0x1000011d
1000009c:	1000011d 	.word	0x1000011d
100000a0:	1000011d 	.word	0x1000011d
100000a4:	1000011d 	.word	0x1000011d
100000a8:	1000011d 	.word	0x1000011d
100000ac:	1000011d 	.word	0x1000011d
100000b0:	1000011d 	.word	0x1000011d
100000b4:	1000011d 	.word	0x1000011d
100000b8:	1000011d 	.word	0x1000011d
100000bc:	1000011d 	.word	0x1000011d
100000c0:	1000011d 	.word	0x1000011d
100000c4:	1000011d 	.word	0x1000011d
100000c8:	1000011d 	.word	0x1000011d
100000cc:	1000011d 	.word	0x1000011d
100000d0:	1000011d 	.word	0x1000011d
100000d4:	1000011d 	.word	0x1000011d
100000d8:	1000011d 	.word	0x1000011d
100000dc:	1000011d 	.word	0x1000011d
100000e0:	1000011d 	.word	0x1000011d
100000e4:	1000011d 	.word	0x1000011d
100000e8:	1000011d 	.word	0x1000011d
100000ec:	1000011d 	.word	0x1000011d
100000f0:	1000011d 	.word	0x1000011d
100000f4:	1000011d 	.word	0x1000011d
100000f8:	1000011d 	.word	0x1000011d
100000fc:	1000011d 	.word	0x1000011d
10000100:	1000011d 	.word	0x1000011d
10000104:	1000011d 	.word	0x1000011d
10000108:	1000011d 	.word	0x1000011d
1000010c:	1000011d 	.word	0x1000011d

10000110 <isr_invalid>:
10000110:	be00      	bkpt	0x0000

10000112 <NMI_Handler>:
10000112:	be00      	bkpt	0x0000
10000114:	be00      	bkpt	0x0000

10000116 <SVC_Handler>:
10000116:	be00      	bkpt	0x0000

10000118 <PendSV_Handler>:
10000118:	be00      	bkpt	0x0000

1000011a <SysTick_Handler>:
1000011a:	be00      	bkpt	0x0000

1000011c <__unhandled_user_irq>:
1000011c:	f3ef 8005 	mrs	r0, IPSR
10000120:	3810      	subs	r0, #16

10000122 <unhandled_user_irq_num_in_r0>:
10000122:	be00      	bkpt	0x0000

10000124 <binary_info_header>:
10000124:	7188ebf2 	.word	0x7188ebf2
10000128:	100097e4 	.word	0x100097e4
1000012c:	10009808 	.word	0x10009808
10000130:	100001a8 	.word	0x100001a8
10000134:	e71aa390 	.word	0xe71aa390

10000138 <__binary_info_header_end>:
10000138:	ffffded3 	.word	0xffffded3
1000013c:	10210142 	.word	0x10210142
10000140:	000001ff 	.word	0x000001ff
10000144:	0000b0e8 	.word	0x0000b0e8
10000148:	ab123579 	.word	0xab123579

1000014c <_entry_point>:
1000014c:	f04f 0000 	mov.w	r0, #0

10000150 <_enter_vtable_in_r0>:
10000150:	4920      	ldr	r1, [pc, #128]	@ (100001d4 <data_cpy_table+0x2c>)
10000152:	6008      	str	r0, [r1, #0]
10000154:	c806      	ldmia	r0!, {r1, r2}
10000156:	f381 8808 	msr	MSP, r1
1000015a:	4710      	bx	r2

1000015c <_reset_handler>:
1000015c:	f04f 4050 	mov.w	r0, #3489660928	@ 0xd0000000
10000160:	6800      	ldr	r0, [r0, #0]
10000162:	b110      	cbz	r0, 1000016a <hold_non_core0_in_bootrom+0x6>

10000164 <hold_non_core0_in_bootrom>:
10000164:	f04f 0000 	mov.w	r0, #0
10000168:	e7f2      	b.n	10000150 <_enter_vtable_in_r0>
1000016a:	a40f      	add	r4, pc, #60	@ (adr r4, 100001a8 <data_cpy_table>)
1000016c:	cc0e      	ldmia	r4!, {r1, r2, r3}
1000016e:	2900      	cmp	r1, #0
10000170:	d002      	beq.n	10000178 <hold_non_core0_in_bootrom+0x14>
10000172:	f000 f815 	bl	100001a0 <data_cpy>
10000176:	e7f9      	b.n	1000016c <hold_non_core0_in_bootrom+0x8>
10000178:	4917      	ldr	r1, [pc, #92]	@ (100001d8 <data_cpy_table+0x30>)
1000017a:	4a18      	ldr	r2, [pc, #96]	@ (100001dc <data_cpy_table+0x34>)
1000017c:	2000      	movs	r0, #0
1000017e:	e000      	b.n	10000182 <bss_fill_test>

10000180 <bss_fill_loop>:
10000180:	c101      	stmia	r1!, {r0}

10000182 <bss_fill_test>:
10000182:	4291      	cmp	r1, r2
10000184:	d1fc      	bne.n	10000180 <bss_fill_loop>

10000186 <platform_entry>:
10000186:	2000      	movs	r0, #0
10000188:	f380 880a 	msr	MSPLIM, r0
1000018c:	4914      	ldr	r1, [pc, #80]	@ (100001e0 <data_cpy_table+0x38>)
1000018e:	4788      	blx	r1
10000190:	4914      	ldr	r1, [pc, #80]	@ (100001e4 <data_cpy_table+0x3c>)
10000192:	4788      	blx	r1
10000194:	4914      	ldr	r1, [pc, #80]	@ (100001e8 <data_cpy_table+0x40>)
10000196:	4788      	blx	r1
10000198:	be00      	bkpt	0x0000
1000019a:	e7fd      	b.n	10000198 <platform_entry+0x12>

1000019c <data_cpy_loop>:
1000019c:	c901      	ldmia	r1!, {r0}
1000019e:	c201      	stmia	r2!, {r0}

100001a0 <data_cpy>:
100001a0:	429a      	cmp	r2, r3
100001a2:	d3fb      	bcc.n	1000019c <data_cpy_loop>
100001a4:	4770      	bx	lr
100001a6:	bf00      	nop

100001a8 <data_cpy_table>:
100001a8:	10009808 	.word	0x10009808
100001ac:	20000188 	.word	0x20000188
100001b0:	20001ba0 	.word	0x20001ba0
100001b4:	1000b220 	.word	0x1000b220
100001b8:	20080000 	.word	0x20080000
100001bc:	20080000 	.word	0x20080000
100001c0:	1000b220 	.word	0x1000b220
100001c4:	20081000 	.word	0x20081000
100001c8:	20081000 	.word	0x20081000
100001cc:	00000000 	.word	0x00000000
100001d0:	4770      	bx	lr
100001d2:	0000      	.short	0x0000
100001d4:	e000ed08 	.word	0xe000ed08
100001d8:	20001ba0 	.word	0x20001ba0
100001dc:	20002bb8 	.word	0x20002bb8
100001e0:	100036f9 	.word	0x100036f9
100001e4:	10000759 	.word	0x10000759
100001e8:	100036f1 	.word	0x100036f1

100001ec <_init>:
100001ec:	b5f8      	push	{r3, r4, r5, r6, r7, lr}
100001ee:	bf00      	nop

100001f0 <register_tm_clones>:
100001f0:	4b06      	ldr	r3, [pc, #24]	@ (1000020c <register_tm_clones+0x1c>)
100001f2:	4907      	ldr	r1, [pc, #28]	@ (10000210 <register_tm_clones+0x20>)
100001f4:	1ac9      	subs	r1, r1, r3
100001f6:	1089      	asrs	r1, r1, #2
100001f8:	bf48      	it	mi
100001fa:	3101      	addmi	r1, #1
100001fc:	1049      	asrs	r1, r1, #1
100001fe:	d003      	beq.n	10000208 <register_tm_clones+0x18>
10000200:	4b04      	ldr	r3, [pc, #16]	@ (10000214 <register_tm_clones+0x24>)
10000202:	b10b      	cbz	r3, 10000208 <register_tm_clones+0x18>
10000204:	4801      	ldr	r0, [pc, #4]	@ (1000020c <register_tm_clones+0x1c>)
10000206:	4718      	bx	r3
10000208:	4770      	bx	lr
1000020a:	bf00      	nop
1000020c:	20001ba0 	.word	0x20001ba0
10000210:	20001ba0 	.word	0x20001ba0
10000214:	00000000 	.word	0x00000000

10000218 <frame_dummy>:
10000218:	b508      	push	{r3, lr}
1000021a:	4b05      	ldr	r3, [pc, #20]	@ (10000230 <frame_dummy+0x18>)
1000021c:	b11b      	cbz	r3, 10000226 <frame_dummy+0xe>
1000021e:	4905      	ldr	r1, [pc, #20]	@ (10000234 <frame_dummy+0x1c>)
10000220:	4805      	ldr	r0, [pc, #20]	@ (10000238 <frame_dummy+0x20>)
10000222:	f3af 8000 	nop.w
10000226:	e8bd 4008 	ldmia.w	sp!, {r3, lr}
1000022a:	f7ff bfe1 	b.w	100001f0 <register_tm_clones>
1000022e:	bf00      	nop
10000230:	00000000 	.word	0x00000000
10000234:	20002938 	.word	0x20002938
10000238:	10008e10 	.word	0x10008e10

1000023c <init_i2c>:
1000023c:	b508      	push	{r3, lr}
1000023e:	490c      	ldr	r1, [pc, #48]	@ (10000270 <init_i2c+0x34>)
10000240:	480c      	ldr	r0, [pc, #48]	@ (10000274 <init_i2c+0x38>)
10000242:	f006 f843 	bl	100062cc <i2c_init>
10000246:	2103      	movs	r1, #3
10000248:	2008      	movs	r0, #8
1000024a:	f000 fb13 	bl	10000874 <gpio_set_function>
1000024e:	2103      	movs	r1, #3
10000250:	2009      	movs	r0, #9
10000252:	f000 fb0f 	bl	10000874 <gpio_set_function>
10000256:	2200      	movs	r2, #0
10000258:	2101      	movs	r1, #1
1000025a:	2008      	movs	r0, #8
1000025c:	f000 fb28 	bl	100008b0 <gpio_set_pulls>
10000260:	e8bd 4008 	ldmia.w	sp!, {r3, lr}
10000264:	2200      	movs	r2, #0
10000266:	2101      	movs	r1, #1
10000268:	2009      	movs	r0, #9
1000026a:	f000 bb21 	b.w	100008b0 <gpio_set_pulls>
1000026e:	bf00      	nop
10000270:	00061a80 	.word	0x00061a80
10000274:	20001620 	.word	0x20001620

10000278 <init_adc>:
10000278:	b508      	push	{r3, lr}
1000027a:	f006 f84d 	bl	10006318 <adc_init>
1000027e:	211f      	movs	r1, #31
10000280:	201a      	movs	r0, #26
10000282:	f000 faf7 	bl	10000874 <gpio_set_function>
10000286:	2200      	movs	r2, #0
10000288:	201a      	movs	r0, #26
1000028a:	4611      	mov	r1, r2
1000028c:	f000 fb10 	bl	100008b0 <gpio_set_pulls>
10000290:	2100      	movs	r1, #0
10000292:	201a      	movs	r0, #26
10000294:	f000 fb20 	bl	100008d8 <gpio_set_input_enabled>
10000298:	4b03      	ldr	r3, [pc, #12]	@ (100002a8 <init_adc+0x30>)
1000029a:	4a04      	ldr	r2, [pc, #16]	@ (100002ac <init_adc+0x34>)
1000029c:	681b      	ldr	r3, [r3, #0]
1000029e:	f403 4370 	and.w	r3, r3, #61440	@ 0xf000
100002a2:	6013      	str	r3, [r2, #0]
100002a4:	bd08      	pop	{r3, pc}
100002a6:	bf00      	nop
100002a8:	400a0000 	.word	0x400a0000
100002ac:	400a1000 	.word	0x400a1000

100002b0 <init_leds>:
100002b0:	b538      	push	{r3, r4, r5, lr}
100002b2:	200c      	movs	r0, #12
100002b4:	f000 fb20 	bl	100008f8 <gpio_init>
100002b8:	f04f 0501 	mov.w	r5, #1
100002bc:	230c      	movs	r3, #12
100002be:	ec45 3044 	gpioc_bit_oe_put r3, r5
100002c2:	f04f 0400 	mov.w	r4, #0
100002c6:	ec44 3040 	gpioc_bit_out_put r3, r4
100002ca:	200d      	movs	r0, #13
100002cc:	f000 fb14 	bl	100008f8 <gpio_init>
100002d0:	230d      	movs	r3, #13
100002d2:	ec45 3044 	gpioc_bit_oe_put r3, r5
100002d6:	ec44 3040 	gpioc_bit_out_put r3, r4
100002da:	bd38      	pop	{r3, r4, r5, pc}

100002dc <procesar_comando_uart>:
100002dc:	2800      	cmp	r0, #0
100002de:	f000 80cc 	beq.w	1000047a <procesar_comando_uart+0x19e>
100002e2:	e92d 4ff0 	stmdb	sp!, {r4, r5, r6, r7, r8, r9, sl, fp, lr}
100002e6:	460e      	mov	r6, r1
100002e8:	b091      	sub	sp, #68	@ 0x44
100002ea:	2900      	cmp	r1, #0
100002ec:	f000 80c2 	beq.w	10000474 <procesar_comando_uart+0x198>
100002f0:	4604      	mov	r4, r0
100002f2:	f008 fbb9 	bl	10008a68 <strlen>
100002f6:	283f      	cmp	r0, #63	@ 0x3f
100002f8:	4602      	mov	r2, r0
100002fa:	f200 80b8 	bhi.w	1000046e <procesar_comando_uart+0x192>
100002fe:	4621      	mov	r1, r4
10000300:	4668      	mov	r0, sp
10000302:	3201      	adds	r2, #1
10000304:	f008 fb3a 	bl	1000897c <memcpy>
10000308:	f89d 3000 	ldrb.w	r3, [sp]
1000030c:	b16b      	cbz	r3, 1000032a <procesar_comando_uart+0x4e>
1000030e:	4669      	mov	r1, sp
10000310:	2200      	movs	r2, #0
10000312:	e005      	b.n	10000320 <procesar_comando_uart+0x44>
10000314:	2b0a      	cmp	r3, #10
10000316:	d005      	beq.n	10000324 <procesar_comando_uart+0x48>
10000318:	f811 3f01 	ldrb.w	r3, [r1, #1]!
1000031c:	3201      	adds	r2, #1
1000031e:	b123      	cbz	r3, 1000032a <procesar_comando_uart+0x4e>
10000320:	2b0d      	cmp	r3, #13
10000322:	d1f7      	bne.n	10000314 <procesar_comando_uart+0x38>
10000324:	2300      	movs	r3, #0
10000326:	446a      	add	r2, sp
10000328:	7013      	strb	r3, [r2, #0]
1000032a:	4669      	mov	r1, sp
1000032c:	4854      	ldr	r0, [pc, #336]	@ (10000480 <procesar_comando_uart+0x1a4>)
1000032e:	f003 fbcf 	bl	10003ad0 <__wrap_printf>
10000332:	4668      	mov	r0, sp
10000334:	4953      	ldr	r1, [pc, #332]	@ (10000484 <procesar_comando_uart+0x1a8>)
10000336:	f008 fabd 	bl	100088b4 <strtok>
1000033a:	4604      	mov	r4, r0
1000033c:	2800      	cmp	r0, #0
1000033e:	f000 8088 	beq.w	10000452 <procesar_comando_uart+0x176>
10000342:	f04f 0800 	mov.w	r8, #0
10000346:	46c3      	mov	fp, r8
10000348:	46c2      	mov	sl, r8
1000034a:	4645      	mov	r5, r8
1000034c:	4647      	mov	r7, r8
1000034e:	46c1      	mov	r9, r8
10000350:	e015      	b.n	1000037e <procesar_comando_uart+0xa2>
10000352:	7862      	ldrb	r2, [r4, #1]
10000354:	2a50      	cmp	r2, #80	@ 0x50
10000356:	d156      	bne.n	10000406 <procesar_comando_uart+0x12a>
10000358:	78a2      	ldrb	r2, [r4, #2]
1000035a:	2a3a      	cmp	r2, #58	@ 0x3a
1000035c:	d153      	bne.n	10000406 <procesar_comando_uart+0x12a>
1000035e:	1ce0      	adds	r0, r4, #3
10000360:	f007 fe52 	bl	10008008 <atoi>
10000364:	4681      	mov	r9, r0
10000366:	4848      	ldr	r0, [pc, #288]	@ (10000488 <procesar_comando_uart+0x1ac>)
10000368:	4649      	mov	r1, r9
1000036a:	f003 fbb1 	bl	10003ad0 <__wrap_printf>
1000036e:	f04f 0a01 	mov.w	sl, #1
10000372:	2000      	movs	r0, #0
10000374:	4943      	ldr	r1, [pc, #268]	@ (10000484 <procesar_comando_uart+0x1a8>)
10000376:	f008 fa9d 	bl	100088b4 <strtok>
1000037a:	4604      	mov	r4, r0
1000037c:	b188      	cbz	r0, 100003a2 <procesar_comando_uart+0xc6>
1000037e:	4621      	mov	r1, r4
10000380:	4842      	ldr	r0, [pc, #264]	@ (1000048c <procesar_comando_uart+0x1b0>)
10000382:	f003 fba5 	bl	10003ad0 <__wrap_printf>
10000386:	7823      	ldrb	r3, [r4, #0]
10000388:	2b53      	cmp	r3, #83	@ 0x53
1000038a:	d0e2      	beq.n	10000352 <procesar_comando_uart+0x76>
1000038c:	4621      	mov	r1, r4
1000038e:	4840      	ldr	r0, [pc, #256]	@ (10000490 <procesar_comando_uart+0x1b4>)
10000390:	f003 fb9e 	bl	10003ad0 <__wrap_printf>
10000394:	2000      	movs	r0, #0
10000396:	493b      	ldr	r1, [pc, #236]	@ (10000484 <procesar_comando_uart+0x1a8>)
10000398:	f008 fa8c 	bl	100088b4 <strtok>
1000039c:	4604      	mov	r4, r0
1000039e:	2800      	cmp	r0, #0
100003a0:	d1ed      	bne.n	1000037e <procesar_comando_uart+0xa2>
100003a2:	f1ba 0f00 	cmp.w	sl, #0
100003a6:	d057      	beq.n	10000458 <procesar_comando_uart+0x17c>
100003a8:	f1bb 0f00 	cmp.w	fp, #0
100003ac:	d054      	beq.n	10000458 <procesar_comando_uart+0x17c>
100003ae:	f1b8 0f00 	cmp.w	r8, #0
100003b2:	d05a      	beq.n	1000046a <procesar_comando_uart+0x18e>
100003b4:	ee07 5a90 	vmov	s15, r5
100003b8:	ee07 7a10 	vmov	s14, r7
100003bc:	eef8 7ae7 	vcvt.f32.s32	s15, s15
100003c0:	eeb8 7ac7 	vcvt.f32.s32	s14, s14
100003c4:	edc6 7a01 	vstr	s15, [r6, #4]
100003c8:	ed86 7a02 	vstr	s14, [r6, #8]
100003cc:	4831      	ldr	r0, [pc, #196]	@ (10000494 <procesar_comando_uart+0x1b8>)
100003ce:	f8c6 9000 	str.w	r9, [r6]
100003d2:	f003 fafd 	bl	100039d0 <__wrap_puts>
100003d6:	6831      	ldr	r1, [r6, #0]
100003d8:	482f      	ldr	r0, [pc, #188]	@ (10000498 <procesar_comando_uart+0x1bc>)
100003da:	f003 fb79 	bl	10003ad0 <__wrap_printf>
100003de:	68b0      	ldr	r0, [r6, #8]
100003e0:	f008 fcca 	bl	10008d78 <____aeabi_f2d_veneer>
100003e4:	4602      	mov	r2, r0
100003e6:	460b      	mov	r3, r1
100003e8:	482c      	ldr	r0, [pc, #176]	@ (1000049c <procesar_comando_uart+0x1c0>)
100003ea:	f003 fb71 	bl	10003ad0 <__wrap_printf>
100003ee:	6870      	ldr	r0, [r6, #4]
100003f0:	f008 fcc2 	bl	10008d78 <____aeabi_f2d_veneer>
100003f4:	4602      	mov	r2, r0
100003f6:	460b      	mov	r3, r1
100003f8:	4829      	ldr	r0, [pc, #164]	@ (100004a0 <procesar_comando_uart+0x1c4>)
100003fa:	f003 fb69 	bl	10003ad0 <__wrap_printf>
100003fe:	4620      	mov	r0, r4
10000400:	b011      	add	sp, #68	@ 0x44
10000402:	e8bd 8ff0 	ldmia.w	sp!, {r4, r5, r6, r7, r8, r9, sl, fp, pc}
10000406:	2b53      	cmp	r3, #83	@ 0x53
10000408:	d1c0      	bne.n	1000038c <procesar_comando_uart+0xb0>
1000040a:	7862      	ldrb	r2, [r4, #1]
1000040c:	2a4d      	cmp	r2, #77	@ 0x4d
1000040e:	d012      	beq.n	10000436 <procesar_comando_uart+0x15a>
10000410:	2b53      	cmp	r3, #83	@ 0x53
10000412:	d1bb      	bne.n	1000038c <procesar_comando_uart+0xb0>
10000414:	7863      	ldrb	r3, [r4, #1]
10000416:	2b6d      	cmp	r3, #109	@ 0x6d
10000418:	d1b8      	bne.n	1000038c <procesar_comando_uart+0xb0>
1000041a:	78a3      	ldrb	r3, [r4, #2]
1000041c:	2b3a      	cmp	r3, #58	@ 0x3a
1000041e:	d1b5      	bne.n	1000038c <procesar_comando_uart+0xb0>
10000420:	1ce0      	adds	r0, r4, #3
10000422:	f007 fdf1 	bl	10008008 <atoi>
10000426:	4605      	mov	r5, r0
10000428:	481e      	ldr	r0, [pc, #120]	@ (100004a4 <procesar_comando_uart+0x1c8>)
1000042a:	4629      	mov	r1, r5
1000042c:	f003 fb50 	bl	10003ad0 <__wrap_printf>
10000430:	f04f 0801 	mov.w	r8, #1
10000434:	e79d      	b.n	10000372 <procesar_comando_uart+0x96>
10000436:	78a2      	ldrb	r2, [r4, #2]
10000438:	2a3a      	cmp	r2, #58	@ 0x3a
1000043a:	d1e9      	bne.n	10000410 <procesar_comando_uart+0x134>
1000043c:	1ce0      	adds	r0, r4, #3
1000043e:	f007 fde3 	bl	10008008 <atoi>
10000442:	4607      	mov	r7, r0
10000444:	4818      	ldr	r0, [pc, #96]	@ (100004a8 <procesar_comando_uart+0x1cc>)
10000446:	4639      	mov	r1, r7
10000448:	f003 fb42 	bl	10003ad0 <__wrap_printf>
1000044c:	f04f 0b01 	mov.w	fp, #1
10000450:	e78f      	b.n	10000372 <procesar_comando_uart+0x96>
10000452:	4680      	mov	r8, r0
10000454:	4683      	mov	fp, r0
10000456:	4682      	mov	sl, r0
10000458:	4643      	mov	r3, r8
1000045a:	465a      	mov	r2, fp
1000045c:	4651      	mov	r1, sl
1000045e:	4813      	ldr	r0, [pc, #76]	@ (100004ac <procesar_comando_uart+0x1d0>)
10000460:	f003 fb36 	bl	10003ad0 <__wrap_printf>
10000464:	f06f 0002 	mvn.w	r0, #2
10000468:	e7ca      	b.n	10000400 <procesar_comando_uart+0x124>
1000046a:	46da      	mov	sl, fp
1000046c:	e7f4      	b.n	10000458 <procesar_comando_uart+0x17c>
1000046e:	f06f 0001 	mvn.w	r0, #1
10000472:	e7c5      	b.n	10000400 <procesar_comando_uart+0x124>
10000474:	f04f 30ff 	mov.w	r0, #4294967295
10000478:	e7c2      	b.n	10000400 <procesar_comando_uart+0x124>
1000047a:	f04f 30ff 	mov.w	r0, #4294967295
1000047e:	4770      	bx	lr
10000480:	10008e10 	.word	0x10008e10
10000484:	10008e2c 	.word	0x10008e2c
10000488:	10008e4c 	.word	0x10008e4c
1000048c:	10008e30 	.word	0x10008e30
10000490:	10008e94 	.word	0x10008e94
10000494:	10008eb0 	.word	0x10008eb0
10000498:	10008ecc 	.word	0x10008ecc
1000049c:	10008ee8 	.word	0x10008ee8
100004a0:	10008f08 	.word	0x10008f08
100004a4:	10008e7c 	.word	0x10008e7c
100004a8:	10008e64 	.word	0x10008e64
100004ac:	10008f28 	.word	0x10008f28

100004b0 <task_setpoint_uart>:
100004b0:	e92d 4ff0 	stmdb	sp!, {r4, r5, r6, r7, r8, r9, sl, fp, lr}
100004b4:	ed2d 8b02 	vpush	{d8}
100004b8:	2300      	movs	r3, #0
100004ba:	b0a7      	sub	sp, #156	@ 0x9c
100004bc:	f44f 31e1 	mov.w	r1, #115200	@ 0x1c200
100004c0:	4880      	ldr	r0, [pc, #512]	@ (100006c4 <task_setpoint_uart+0x214>)
100004c2:	e9cd 3301 	strd	r3, r3, [sp, #4]
100004c6:	e9cd 3303 	strd	r3, r3, [sp, #12]
100004ca:	9305      	str	r3, [sp, #20]
100004cc:	f001 f920 	bl	10001710 <uart_init>
100004d0:	2102      	movs	r1, #2
100004d2:	2004      	movs	r0, #4
100004d4:	f000 f9ce 	bl	10000874 <gpio_set_function>
100004d8:	2102      	movs	r1, #2
100004da:	2005      	movs	r0, #5
100004dc:	f000 f9ca 	bl	10000874 <gpio_set_function>
100004e0:	4879      	ldr	r0, [pc, #484]	@ (100006c8 <task_setpoint_uart+0x218>)
100004e2:	f003 fa75 	bl	100039d0 <__wrap_puts>
100004e6:	2205      	movs	r2, #5
100004e8:	2104      	movs	r1, #4
100004ea:	4878      	ldr	r0, [pc, #480]	@ (100006cc <task_setpoint_uart+0x21c>)
100004ec:	f003 faf0 	bl	10003ad0 <__wrap_printf>
100004f0:	4877      	ldr	r0, [pc, #476]	@ (100006d0 <task_setpoint_uart+0x220>)
100004f2:	f003 fa6d 	bl	100039d0 <__wrap_puts>
100004f6:	f001 f8d3 	bl	100016a0 <time_us_64>
100004fa:	ed9f 8a76 	vldr	s16, [pc, #472]	@ 100006d4 <task_setpoint_uart+0x224>
100004fe:	4603      	mov	r3, r0
10000500:	4d75      	ldr	r5, [pc, #468]	@ (100006d8 <task_setpoint_uart+0x228>)
10000502:	f8df 8228 	ldr.w	r8, [pc, #552]	@ 1000072c <task_setpoint_uart+0x27c>
10000506:	4f75      	ldr	r7, [pc, #468]	@ (100006dc <task_setpoint_uart+0x22c>)
10000508:	f8df b224 	ldr.w	fp, [pc, #548]	@ 10000730 <task_setpoint_uart+0x280>
1000050c:	f8df 9224 	ldr.w	r9, [pc, #548]	@ 10000734 <task_setpoint_uart+0x284>
10000510:	4c6c      	ldr	r4, [pc, #432]	@ (100006c4 <task_setpoint_uart+0x214>)
10000512:	b379      	cbz	r1, 10000574 <task_setpoint_uart+0xc4>
10000514:	f44f 727a 	mov.w	r2, #1000	@ 0x3e8
10000518:	2300      	movs	r3, #0
1000051a:	f008 fc31 	bl	10008d80 <____aeabi_uldivmod_veneer>
1000051e:	69a1      	ldr	r1, [r4, #24]
10000520:	682e      	ldr	r6, [r5, #0]
10000522:	f011 0110 	ands.w	r1, r1, #16
10000526:	bf08      	it	eq
10000528:	4632      	moveq	r2, r6
1000052a:	f040 8094 	bne.w	10000656 <task_setpoint_uart+0x1a6>
1000052e:	69a3      	ldr	r3, [r4, #24]
10000530:	06db      	lsls	r3, r3, #27
10000532:	d4fc      	bmi.n	1000052e <task_setpoint_uart+0x7e>
10000534:	6823      	ldr	r3, [r4, #0]
10000536:	b2db      	uxtb	r3, r3
10000538:	2b0a      	cmp	r3, #10
1000053a:	d01f      	beq.n	1000057c <task_setpoint_uart+0xcc>
1000053c:	2b0d      	cmp	r3, #13
1000053e:	d01d      	beq.n	1000057c <task_setpoint_uart+0xcc>
10000540:	2a7e      	cmp	r2, #126	@ 0x7e
10000542:	f1a3 0c20 	sub.w	ip, r3, #32
10000546:	dc05      	bgt.n	10000554 <task_setpoint_uart+0xa4>
10000548:	f1bc 0f5e 	cmp.w	ip, #94	@ 0x5e
1000054c:	d802      	bhi.n	10000554 <task_setpoint_uart+0xa4>
1000054e:	2101      	movs	r1, #1
10000550:	54bb      	strb	r3, [r7, r2]
10000552:	440a      	add	r2, r1
10000554:	69a3      	ldr	r3, [r4, #24]
10000556:	06db      	lsls	r3, r3, #27
10000558:	d5e9      	bpl.n	1000052e <task_setpoint_uart+0x7e>
1000055a:	f8c8 0000 	str.w	r0, [r8]
1000055e:	2900      	cmp	r1, #0
10000560:	d079      	beq.n	10000656 <task_setpoint_uart+0x1a6>
10000562:	602a      	str	r2, [r5, #0]
10000564:	200a      	movs	r0, #10
10000566:	f006 fe5f 	bl	10007228 <vTaskDelay>
1000056a:	f001 f899 	bl	100016a0 <time_us_64>
1000056e:	4603      	mov	r3, r0
10000570:	2900      	cmp	r1, #0
10000572:	d1cf      	bne.n	10000514 <task_setpoint_uart+0x64>
10000574:	fba9 3003 	umull	r3, r0, r9, r3
10000578:	0980      	lsrs	r0, r0, #6
1000057a:	e7d0      	b.n	1000051e <task_setpoint_uart+0x6e>
1000057c:	2a00      	cmp	r2, #0
1000057e:	dde9      	ble.n	10000554 <task_setpoint_uart+0xa4>
10000580:	2600      	movs	r6, #0
10000582:	4639      	mov	r1, r7
10000584:	54be      	strb	r6, [r7, r2]
10000586:	f8c8 0000 	str.w	r0, [r8]
1000058a:	227f      	movs	r2, #127	@ 0x7f
1000058c:	a806      	add	r0, sp, #24
1000058e:	f008 f95f 	bl	10008850 <strncpy>
10000592:	a906      	add	r1, sp, #24
10000594:	4852      	ldr	r0, [pc, #328]	@ (100006e0 <task_setpoint_uart+0x230>)
10000596:	f88d 6097 	strb.w	r6, [sp, #151]	@ 0x97
1000059a:	602e      	str	r6, [r5, #0]
1000059c:	f003 fa98 	bl	10003ad0 <__wrap_printf>
100005a0:	a901      	add	r1, sp, #4
100005a2:	a806      	add	r0, sp, #24
100005a4:	f7ff fe9a 	bl	100002dc <procesar_comando_uart>
100005a8:	4606      	mov	r6, r0
100005aa:	2800      	cmp	r0, #0
100005ac:	d148      	bne.n	10000640 <task_setpoint_uart+0x190>
100005ae:	484d      	ldr	r0, [pc, #308]	@ (100006e4 <task_setpoint_uart+0x234>)
100005b0:	f003 fa0e 	bl	100039d0 <__wrap_puts>
100005b4:	9901      	ldr	r1, [sp, #4]
100005b6:	484c      	ldr	r0, [pc, #304]	@ (100006e8 <task_setpoint_uart+0x238>)
100005b8:	f003 fa8a 	bl	10003ad0 <__wrap_printf>
100005bc:	9803      	ldr	r0, [sp, #12]
100005be:	f008 fbdb 	bl	10008d78 <____aeabi_f2d_veneer>
100005c2:	4602      	mov	r2, r0
100005c4:	460b      	mov	r3, r1
100005c6:	4849      	ldr	r0, [pc, #292]	@ (100006ec <task_setpoint_uart+0x23c>)
100005c8:	f003 fa82 	bl	10003ad0 <__wrap_printf>
100005cc:	9802      	ldr	r0, [sp, #8]
100005ce:	f008 fbd3 	bl	10008d78 <____aeabi_f2d_veneer>
100005d2:	4602      	mov	r2, r0
100005d4:	460b      	mov	r3, r1
100005d6:	4846      	ldr	r0, [pc, #280]	@ (100006f0 <task_setpoint_uart+0x240>)
100005d8:	f003 fa7a 	bl	10003ad0 <__wrap_printf>
100005dc:	4845      	ldr	r0, [pc, #276]	@ (100006f4 <task_setpoint_uart+0x244>)
100005de:	f003 f9f7 	bl	100039d0 <__wrap_puts>
100005e2:	2301      	movs	r3, #1
100005e4:	2264      	movs	r2, #100	@ 0x64
100005e6:	f8ad 3014 	strh.w	r3, [sp, #20]
100005ea:	f8db 0000 	ldr.w	r0, [fp]
100005ee:	4633      	mov	r3, r6
100005f0:	a901      	add	r1, sp, #4
100005f2:	ed8d 8a04 	vstr	s16, [sp, #16]
100005f6:	f005 ff29 	bl	1000644c <xQueueGenericSend>
100005fa:	2801      	cmp	r0, #1
100005fc:	d04a      	beq.n	10000694 <task_setpoint_uart+0x1e4>
100005fe:	483e      	ldr	r0, [pc, #248]	@ (100006f8 <task_setpoint_uart+0x248>)
10000600:	2300      	movs	r3, #0
10000602:	2264      	movs	r2, #100	@ 0x64
10000604:	6800      	ldr	r0, [r0, #0]
10000606:	a901      	add	r1, sp, #4
10000608:	f005 ff20 	bl	1000644c <xQueueGenericSend>
1000060c:	2801      	cmp	r0, #1
1000060e:	d054      	beq.n	100006ba <task_setpoint_uart+0x20a>
10000610:	483a      	ldr	r0, [pc, #232]	@ (100006fc <task_setpoint_uart+0x24c>)
10000612:	2300      	movs	r3, #0
10000614:	2264      	movs	r2, #100	@ 0x64
10000616:	6800      	ldr	r0, [r0, #0]
10000618:	a901      	add	r1, sp, #4
1000061a:	f005 ff17 	bl	1000644c <xQueueGenericSend>
1000061e:	2801      	cmp	r0, #1
10000620:	d047      	beq.n	100006b2 <task_setpoint_uart+0x202>
10000622:	4837      	ldr	r0, [pc, #220]	@ (10000700 <task_setpoint_uart+0x250>)
10000624:	2300      	movs	r3, #0
10000626:	2264      	movs	r2, #100	@ 0x64
10000628:	6800      	ldr	r0, [r0, #0]
1000062a:	a901      	add	r1, sp, #4
1000062c:	f005 ff0e 	bl	1000644c <xQueueGenericSend>
10000630:	2801      	cmp	r0, #1
10000632:	d033      	beq.n	1000069c <task_setpoint_uart+0x1ec>
10000634:	2280      	movs	r2, #128	@ 0x80
10000636:	2100      	movs	r1, #0
10000638:	a806      	add	r0, sp, #24
1000063a:	f008 f8bb 	bl	100087b4 <memset>
1000063e:	e791      	b.n	10000564 <task_setpoint_uart+0xb4>
10000640:	4601      	mov	r1, r0
10000642:	4830      	ldr	r0, [pc, #192]	@ (10000704 <task_setpoint_uart+0x254>)
10000644:	f003 fa44 	bl	10003ad0 <__wrap_printf>
10000648:	482f      	ldr	r0, [pc, #188]	@ (10000708 <task_setpoint_uart+0x258>)
1000064a:	f003 f9c1 	bl	100039d0 <__wrap_puts>
1000064e:	482f      	ldr	r0, [pc, #188]	@ (1000070c <task_setpoint_uart+0x25c>)
10000650:	f003 f9be 	bl	100039d0 <__wrap_puts>
10000654:	e7ee      	b.n	10000634 <task_setpoint_uart+0x184>
10000656:	2e00      	cmp	r6, #0
10000658:	dd84      	ble.n	10000564 <task_setpoint_uart+0xb4>
1000065a:	f8d8 3000 	ldr.w	r3, [r8]
1000065e:	1ac0      	subs	r0, r0, r3
10000660:	2864      	cmp	r0, #100	@ 0x64
10000662:	f67f af7f 	bls.w	10000564 <task_setpoint_uart+0xb4>
10000666:	482a      	ldr	r0, [pc, #168]	@ (10000710 <task_setpoint_uart+0x260>)
10000668:	f003 fa32 	bl	10003ad0 <__wrap_printf>
1000066c:	682b      	ldr	r3, [r5, #0]
1000066e:	2b00      	cmp	r3, #0
10000670:	dd0a      	ble.n	10000688 <task_setpoint_uart+0x1d8>
10000672:	2600      	movs	r6, #0
10000674:	f8df a064 	ldr.w	sl, [pc, #100]	@ 100006dc <task_setpoint_uart+0x22c>
10000678:	f81a 0b01 	ldrb.w	r0, [sl], #1
1000067c:	f003 f966 	bl	1000394c <__wrap_putchar>
10000680:	682b      	ldr	r3, [r5, #0]
10000682:	3601      	adds	r6, #1
10000684:	429e      	cmp	r6, r3
10000686:	dbf7      	blt.n	10000678 <task_setpoint_uart+0x1c8>
10000688:	4822      	ldr	r0, [pc, #136]	@ (10000714 <task_setpoint_uart+0x264>)
1000068a:	f003 f9a1 	bl	100039d0 <__wrap_puts>
1000068e:	2300      	movs	r3, #0
10000690:	602b      	str	r3, [r5, #0]
10000692:	e767      	b.n	10000564 <task_setpoint_uart+0xb4>
10000694:	4820      	ldr	r0, [pc, #128]	@ (10000718 <task_setpoint_uart+0x268>)
10000696:	f003 f99b 	bl	100039d0 <__wrap_puts>
1000069a:	e7b0      	b.n	100005fe <task_setpoint_uart+0x14e>
1000069c:	2300      	movs	r3, #0
1000069e:	4a1f      	ldr	r2, [pc, #124]	@ (1000071c <task_setpoint_uart+0x26c>)
100006a0:	4619      	mov	r1, r3
100006a2:	6810      	ldr	r0, [r2, #0]
100006a4:	461a      	mov	r2, r3
100006a6:	f005 fed1 	bl	1000644c <xQueueGenericSend>
100006aa:	481d      	ldr	r0, [pc, #116]	@ (10000720 <task_setpoint_uart+0x270>)
100006ac:	f003 f990 	bl	100039d0 <__wrap_puts>
100006b0:	e7c0      	b.n	10000634 <task_setpoint_uart+0x184>
100006b2:	481c      	ldr	r0, [pc, #112]	@ (10000724 <task_setpoint_uart+0x274>)
100006b4:	f003 f98c 	bl	100039d0 <__wrap_puts>
100006b8:	e7b3      	b.n	10000622 <task_setpoint_uart+0x172>
100006ba:	9901      	ldr	r1, [sp, #4]
100006bc:	481a      	ldr	r0, [pc, #104]	@ (10000728 <task_setpoint_uart+0x278>)
100006be:	f003 fa07 	bl	10003ad0 <__wrap_printf>
100006c2:	e7a5      	b.n	10000610 <task_setpoint_uart+0x160>
100006c4:	40078000 	.word	0x40078000
100006c8:	10008f58 	.word	0x10008f58
100006cc:	10008f74 	.word	0x10008f74
100006d0:	10008f9c 	.word	0x10008f9c
100006d4:	00000000 	.word	0x00000000
100006d8:	20002924 	.word	0x20002924
100006dc:	20002a48 	.word	0x20002a48
100006e0:	10008fb8 	.word	0x10008fb8
100006e4:	10008ff8 	.word	0x10008ff8
100006e8:	1000902c 	.word	0x1000902c
100006ec:	10009044 	.word	0x10009044
100006f0:	10009060 	.word	0x10009060
100006f4:	1000907c 	.word	0x1000907c
100006f8:	20002a10 	.word	0x20002a10
100006fc:	20002a0c 	.word	0x20002a0c
10000700:	20002a18 	.word	0x20002a18
10000704:	10009148 	.word	0x10009148
10000708:	10009170 	.word	0x10009170
1000070c:	100091a4 	.word	0x100091a4
10000710:	10008fd0 	.word	0x10008fd0
10000714:	10008ff4 	.word	0x10008ff4
10000718:	100090b4 	.word	0x100090b4
1000071c:	20002a2c 	.word	0x20002a2c
10000720:	1000911c 	.word	0x1000911c
10000724:	100090f8 	.word	0x100090f8
10000728:	100090c8 	.word	0x100090c8
1000072c:	20002928 	.word	0x20002928
10000730:	20002a1c 	.word	0x20002a1c
10000734:	10624dd3 	.word	0x10624dd3

10000738 <configuracion_gpio_boton>:
10000738:	b508      	push	{r3, lr}
1000073a:	2012      	movs	r0, #18
1000073c:	f000 f8dc 	bl	100008f8 <gpio_init>
10000740:	2012      	movs	r0, #18
10000742:	f04f 0300 	mov.w	r3, #0
10000746:	ec43 0044 	gpioc_bit_oe_put r0, r3
1000074a:	e8bd 4008 	ldmia.w	sp!, {r3, lr}
1000074e:	2101      	movs	r1, #1
10000750:	2200      	movs	r2, #0
10000752:	f000 b8ad 	b.w	100008b0 <gpio_set_pulls>
10000756:	bf00      	nop

10000758 <main>:
10000758:	b500      	push	{lr}
1000075a:	b083      	sub	sp, #12
1000075c:	f003 f8f4 	bl	10003948 <stdio_init_all>
10000760:	f7ff ffea 	bl	10000738 <configuracion_gpio_boton>
10000764:	220f      	movs	r2, #15
10000766:	210e      	movs	r1, #14
10000768:	4834      	ldr	r0, [pc, #208]	@ (1000083c <main+0xe4>)
1000076a:	f007 fbd3 	bl	10007f14 <hc_sr04_init>
1000076e:	f7ff fd83 	bl	10000278 <init_adc>
10000772:	f7ff fd63 	bl	1000023c <init_i2c>
10000776:	f7ff fd9b 	bl	100002b0 <init_leds>
1000077a:	4831      	ldr	r0, [pc, #196]	@ (10000840 <main+0xe8>)
1000077c:	f007 fb88 	bl	10007e90 <pwm_init_config>
10000780:	2200      	movs	r2, #0
10000782:	2107      	movs	r1, #7
10000784:	2001      	movs	r0, #1
10000786:	f005 fe25 	bl	100063d4 <xQueueGenericCreate>
1000078a:	4604      	mov	r4, r0
1000078c:	4b2d      	ldr	r3, [pc, #180]	@ (10000844 <main+0xec>)
1000078e:	2200      	movs	r2, #0
10000790:	2104      	movs	r1, #4
10000792:	2001      	movs	r0, #1
10000794:	601c      	str	r4, [r3, #0]
10000796:	f005 fe1d 	bl	100063d4 <xQueueGenericCreate>
1000079a:	4604      	mov	r4, r0
1000079c:	4b2a      	ldr	r3, [pc, #168]	@ (10000848 <main+0xf0>)
1000079e:	2200      	movs	r2, #0
100007a0:	2114      	movs	r1, #20
100007a2:	2005      	movs	r0, #5
100007a4:	601c      	str	r4, [r3, #0]
100007a6:	f005 fe15 	bl	100063d4 <xQueueGenericCreate>
100007aa:	4604      	mov	r4, r0
100007ac:	4b27      	ldr	r3, [pc, #156]	@ (1000084c <main+0xf4>)
100007ae:	2200      	movs	r2, #0
100007b0:	2114      	movs	r1, #20
100007b2:	2005      	movs	r0, #5
100007b4:	601c      	str	r4, [r3, #0]
100007b6:	f005 fe0d 	bl	100063d4 <xQueueGenericCreate>
100007ba:	4604      	mov	r4, r0
100007bc:	4b24      	ldr	r3, [pc, #144]	@ (10000850 <main+0xf8>)
100007be:	2200      	movs	r2, #0
100007c0:	2114      	movs	r1, #20
100007c2:	2001      	movs	r0, #1
100007c4:	601c      	str	r4, [r3, #0]
100007c6:	f005 fe05 	bl	100063d4 <xQueueGenericCreate>
100007ca:	4604      	mov	r4, r0
100007cc:	4b21      	ldr	r3, [pc, #132]	@ (10000854 <main+0xfc>)
100007ce:	2200      	movs	r2, #0
100007d0:	2114      	movs	r1, #20
100007d2:	2005      	movs	r0, #5
100007d4:	601c      	str	r4, [r3, #0]
100007d6:	f005 fdfd 	bl	100063d4 <xQueueGenericCreate>
100007da:	4604      	mov	r4, r0
100007dc:	4b1e      	ldr	r3, [pc, #120]	@ (10000858 <main+0x100>)
100007de:	2200      	movs	r2, #0
100007e0:	2114      	movs	r1, #20
100007e2:	2001      	movs	r0, #1
100007e4:	601c      	str	r4, [r3, #0]
100007e6:	f005 fdf5 	bl	100063d4 <xQueueGenericCreate>
100007ea:	2101      	movs	r1, #1
100007ec:	4b1b      	ldr	r3, [pc, #108]	@ (1000085c <main+0x104>)
100007ee:	2200      	movs	r2, #0
100007f0:	6018      	str	r0, [r3, #0]
100007f2:	4608      	mov	r0, r1
100007f4:	f005 fdee 	bl	100063d4 <xQueueGenericCreate>
100007f8:	4602      	mov	r2, r0
100007fa:	4b19      	ldr	r3, [pc, #100]	@ (10000860 <main+0x108>)
100007fc:	2001      	movs	r0, #1
100007fe:	601a      	str	r2, [r3, #0]
10000800:	f005 ff64 	bl	100066cc <xQueueCreateMutex>
10000804:	4604      	mov	r4, r0
10000806:	4b17      	ldr	r3, [pc, #92]	@ (10000864 <main+0x10c>)
10000808:	2203      	movs	r2, #3
1000080a:	2100      	movs	r1, #0
1000080c:	2001      	movs	r0, #1
1000080e:	601c      	str	r4, [r3, #0]
10000810:	f005 fde0 	bl	100063d4 <xQueueGenericCreate>
10000814:	2300      	movs	r3, #0
10000816:	4604      	mov	r4, r0
10000818:	f04f 0c02 	mov.w	ip, #2
1000081c:	f8df e050 	ldr.w	lr, [pc, #80]	@ 10000870 <main+0x118>
10000820:	f44f 6280 	mov.w	r2, #1024	@ 0x400
10000824:	f8ce 4000 	str.w	r4, [lr]
10000828:	490f      	ldr	r1, [pc, #60]	@ (10000868 <main+0x110>)
1000082a:	e9cd c300 	strd	ip, r3, [sp]
1000082e:	480f      	ldr	r0, [pc, #60]	@ (1000086c <main+0x114>)
10000830:	f006 fb50 	bl	10006ed4 <xTaskCreate>
10000834:	f006 fbd0 	bl	10006fd8 <vTaskStartScheduler>
10000838:	e7fe      	b.n	10000838 <main+0xe0>
1000083a:	bf00      	nop
1000083c:	20002a34 	.word	0x20002a34
10000840:	20001570 	.word	0x20001570
10000844:	20002a14 	.word	0x20002a14
10000848:	20002a08 	.word	0x20002a08
1000084c:	20002a1c 	.word	0x20002a1c
10000850:	20002a0c 	.word	0x20002a0c
10000854:	20002a18 	.word	0x20002a18
10000858:	20002a20 	.word	0x20002a20
1000085c:	20002a10 	.word	0x20002a10
10000860:	200024bc 	.word	0x200024bc
10000864:	20002a30 	.word	0x20002a30
10000868:	100091c4 	.word	0x100091c4
1000086c:	100004b1 	.word	0x100004b1
10000870:	20002a2c 	.word	0x20002a2c

10000874 <gpio_set_function>:
10000874:	b410      	push	{r4}
10000876:	f44f 7480 	mov.w	r4, #256	@ 0x100
1000087a:	4b0c      	ldr	r3, [pc, #48]	@ (100008ac <gpio_set_function+0x38>)
1000087c:	f853 2020 	ldr.w	r2, [r3, r0, lsl #2]
10000880:	eb03 0380 	add.w	r3, r3, r0, lsl #2
10000884:	00c0      	lsls	r0, r0, #3
10000886:	f082 0240 	eor.w	r2, r2, #64	@ 0x40
1000088a:	f100 4080 	add.w	r0, r0, #1073741824	@ 0x40000000
1000088e:	f503 5c80 	add.w	ip, r3, #4096	@ 0x1000
10000892:	f002 02c0 	and.w	r2, r2, #192	@ 0xc0
10000896:	f500 3020 	add.w	r0, r0, #163840	@ 0x28000
1000089a:	f503 5340 	add.w	r3, r3, #12288	@ 0x3000
1000089e:	f8cc 2000 	str.w	r2, [ip]
100008a2:	6041      	str	r1, [r0, #4]
100008a4:	601c      	str	r4, [r3, #0]
100008a6:	f85d 4b04 	ldr.w	r4, [sp], #4
100008aa:	4770      	bx	lr
100008ac:	40038004 	.word	0x40038004

100008b0 <gpio_set_pulls>:
100008b0:	b410      	push	{r4}
100008b2:	4c08      	ldr	r4, [pc, #32]	@ (100008d4 <gpio_set_pulls+0x24>)
100008b4:	00c9      	lsls	r1, r1, #3
100008b6:	ea41 0182 	orr.w	r1, r1, r2, lsl #2
100008ba:	f854 2020 	ldr.w	r2, [r4, r0, lsl #2]
100008be:	eb04 0380 	add.w	r3, r4, r0, lsl #2
100008c2:	4051      	eors	r1, r2
100008c4:	f503 5380 	add.w	r3, r3, #4096	@ 0x1000
100008c8:	f001 010c 	and.w	r1, r1, #12
100008cc:	f85d 4b04 	ldr.w	r4, [sp], #4
100008d0:	6019      	str	r1, [r3, #0]
100008d2:	4770      	bx	lr
100008d4:	40038004 	.word	0x40038004

100008d8 <gpio_set_input_enabled>:
100008d8:	4b06      	ldr	r3, [pc, #24]	@ (100008f4 <gpio_set_input_enabled+0x1c>)
100008da:	2240      	movs	r2, #64	@ 0x40
100008dc:	eb03 0380 	add.w	r3, r3, r0, lsl #2
100008e0:	b119      	cbz	r1, 100008ea <gpio_set_input_enabled+0x12>
100008e2:	f503 5300 	add.w	r3, r3, #8192	@ 0x2000
100008e6:	601a      	str	r2, [r3, #0]
100008e8:	4770      	bx	lr
100008ea:	f503 5340 	add.w	r3, r3, #12288	@ 0x3000
100008ee:	601a      	str	r2, [r3, #0]
100008f0:	4770      	bx	lr
100008f2:	bf00      	nop
100008f4:	40038004 	.word	0x40038004

100008f8 <gpio_init>:
100008f8:	b430      	push	{r4, r5}
100008fa:	f04f 0300 	mov.w	r3, #0
100008fe:	ec43 0044 	gpioc_bit_oe_put r0, r3
10000902:	ec43 0040 	gpioc_bit_out_put r0, r3
10000906:	2505      	movs	r5, #5
10000908:	f44f 7480 	mov.w	r4, #256	@ 0x100
1000090c:	4b0b      	ldr	r3, [pc, #44]	@ (1000093c <gpio_init+0x44>)
1000090e:	00c2      	lsls	r2, r0, #3
10000910:	f853 1020 	ldr.w	r1, [r3, r0, lsl #2]
10000914:	eb03 0080 	add.w	r0, r3, r0, lsl #2
10000918:	f081 0140 	eor.w	r1, r1, #64	@ 0x40
1000091c:	f102 4380 	add.w	r3, r2, #1073741824	@ 0x40000000
10000920:	f503 3320 	add.w	r3, r3, #163840	@ 0x28000
10000924:	f001 02c0 	and.w	r2, r1, #192	@ 0xc0
10000928:	f500 5180 	add.w	r1, r0, #4096	@ 0x1000
1000092c:	f500 5040 	add.w	r0, r0, #12288	@ 0x3000
10000930:	600a      	str	r2, [r1, #0]
10000932:	605d      	str	r5, [r3, #4]
10000934:	6004      	str	r4, [r0, #0]
10000936:	bc30      	pop	{r4, r5}
10000938:	4770      	bx	lr
1000093a:	bf00      	nop
1000093c:	40038004 	.word	0x40038004

10000940 <panic>:
10000940:	b40f      	push	{r0, r1, r2, r3}
10000942:	b500      	push	{lr}
10000944:	b083      	sub	sp, #12
10000946:	9c04      	ldr	r4, [sp, #16]
10000948:	4807      	ldr	r0, [pc, #28]	@ (10000968 <panic+0x28>)
1000094a:	f003 f841 	bl	100039d0 <__wrap_puts>
1000094e:	b13c      	cbz	r4, 10000960 <panic+0x20>
10000950:	a905      	add	r1, sp, #20
10000952:	4620      	mov	r0, r4
10000954:	9101      	str	r1, [sp, #4]
10000956:	f002 fe9b 	bl	10003690 <weak_raw_vprintf>
1000095a:	4804      	ldr	r0, [pc, #16]	@ (1000096c <panic+0x2c>)
1000095c:	f003 f838 	bl	100039d0 <__wrap_puts>
10000960:	2001      	movs	r0, #1
10000962:	f002 fead 	bl	100036c0 <_exit>
10000966:	bf00      	nop
10000968:	100091d4 	.word	0x100091d4
1000096c:	100091e4 	.word	0x100091e4

10000970 <hw_claim_or_assert>:
10000970:	b570      	push	{r4, r5, r6, lr}
10000972:	4686      	mov	lr, r0
10000974:	f3ef 8510 	mrs	r5, PRIMASK
10000978:	b672      	cpsid	i
1000097a:	4c12      	ldr	r4, [pc, #72]	@ (100009c4 <hw_claim_or_assert+0x54>)
1000097c:	e8d4 6fcf 	ldaexb	r6, [r4]
10000980:	2001      	movs	r0, #1
10000982:	2e00      	cmp	r6, #0
10000984:	d1fa      	bne.n	1000097c <hw_claim_or_assert+0xc>
10000986:	e8c4 0f46 	strexb	r6, r0, [r4]
1000098a:	2e00      	cmp	r6, #0
1000098c:	d1f6      	bne.n	1000097c <hw_claim_or_assert+0xc>
1000098e:	f3bf 8f5f 	dmb	sy
10000992:	f04f 0c01 	mov.w	ip, #1
10000996:	08c8      	lsrs	r0, r1, #3
10000998:	f001 0307 	and.w	r3, r1, #7
1000099c:	fa0c f303 	lsl.w	r3, ip, r3
100009a0:	f81e c000 	ldrb.w	ip, [lr, r0]
100009a4:	ea1c 0603 	ands.w	r6, ip, r3
100009a8:	d108      	bne.n	100009bc <hw_claim_or_assert+0x4c>
100009aa:	ea4c 0c03 	orr.w	ip, ip, r3
100009ae:	f80e c000 	strb.w	ip, [lr, r0]
100009b2:	e8c4 6f8f 	stlb	r6, [r4]
100009b6:	f385 8810 	msr	PRIMASK, r5
100009ba:	bd70      	pop	{r4, r5, r6, pc}
100009bc:	4610      	mov	r0, r2
100009be:	f7ff ffbf 	bl	10000940 <panic>
100009c2:	bf00      	nop
100009c4:	200020a3 	.word	0x200020a3

100009c8 <hw_claim_unused_from_range>:
100009c8:	b5f8      	push	{r3, r4, r5, r6, r7, lr}
100009ca:	f3ef 8710 	mrs	r7, PRIMASK
100009ce:	b672      	cpsid	i
100009d0:	4e1c      	ldr	r6, [pc, #112]	@ (10000a44 <hw_claim_unused_from_range+0x7c>)
100009d2:	e8d6 5fcf 	ldaexb	r5, [r6]
100009d6:	2401      	movs	r4, #1
100009d8:	2d00      	cmp	r5, #0
100009da:	d1fa      	bne.n	100009d2 <hw_claim_unused_from_range+0xa>
100009dc:	e8c6 4f45 	strexb	r5, r4, [r6]
100009e0:	2d00      	cmp	r5, #0
100009e2:	d1f6      	bne.n	100009d2 <hw_claim_unused_from_range+0xa>
100009e4:	f3bf 8f5f 	dmb	sy
100009e8:	429a      	cmp	r2, r3
100009ea:	d81b      	bhi.n	10000a24 <hw_claim_unused_from_range+0x5c>
100009ec:	2501      	movs	r5, #1
100009ee:	e002      	b.n	100009f6 <hw_claim_unused_from_range+0x2e>
100009f0:	3201      	adds	r2, #1
100009f2:	4293      	cmp	r3, r2
100009f4:	d322      	bcc.n	10000a3c <hw_claim_unused_from_range+0x74>
100009f6:	08d4      	lsrs	r4, r2, #3
100009f8:	f810 e004 	ldrb.w	lr, [r0, r4]
100009fc:	f002 0c07 	and.w	ip, r2, #7
10000a00:	fa05 fc0c 	lsl.w	ip, r5, ip
10000a04:	ea1e 0f0c 	tst.w	lr, ip
10000a08:	d1f2      	bne.n	100009f0 <hw_claim_unused_from_range+0x28>
10000a0a:	ea4e 0e0c 	orr.w	lr, lr, ip
10000a0e:	f800 e004 	strb.w	lr, [r0, r4]
10000a12:	4610      	mov	r0, r2
10000a14:	2300      	movs	r3, #0
10000a16:	e8c6 3f8f 	stlb	r3, [r6]
10000a1a:	f387 8810 	msr	PRIMASK, r7
10000a1e:	4298      	cmp	r0, r3
10000a20:	db07      	blt.n	10000a32 <hw_claim_unused_from_range+0x6a>
10000a22:	bdf8      	pop	{r3, r4, r5, r6, r7, pc}
10000a24:	2300      	movs	r3, #0
10000a26:	e8c6 3f8f 	stlb	r3, [r6]
10000a2a:	f387 8810 	msr	PRIMASK, r7
10000a2e:	f04f 30ff 	mov.w	r0, #4294967295
10000a32:	2900      	cmp	r1, #0
10000a34:	d0f5      	beq.n	10000a22 <hw_claim_unused_from_range+0x5a>
10000a36:	9806      	ldr	r0, [sp, #24]
10000a38:	f7ff ff82 	bl	10000940 <panic>
10000a3c:	f04f 30ff 	mov.w	r0, #4294967295
10000a40:	e7e8      	b.n	10000a14 <hw_claim_unused_from_range+0x4c>
10000a42:	bf00      	nop
10000a44:	200020a3 	.word	0x200020a3

10000a48 <next_striped_spin_lock_num>:
10000a48:	4a04      	ldr	r2, [pc, #16]	@ (10000a5c <next_striped_spin_lock_num+0x14>)
10000a4a:	7810      	ldrb	r0, [r2, #0]
10000a4c:	1c43      	adds	r3, r0, #1
10000a4e:	b2db      	uxtb	r3, r3
10000a50:	2b18      	cmp	r3, #24
10000a52:	bf28      	it	cs
10000a54:	2310      	movcs	r3, #16
10000a56:	7013      	strb	r3, [r2, #0]
10000a58:	4770      	bx	lr
10000a5a:	bf00      	nop
10000a5c:	20001584 	.word	0x20001584

10000a60 <spin_lock_claim_unused>:
10000a60:	b510      	push	{r4, lr}
10000a62:	4c05      	ldr	r4, [pc, #20]	@ (10000a78 <spin_lock_claim_unused+0x18>)
10000a64:	b082      	sub	sp, #8
10000a66:	4601      	mov	r1, r0
10000a68:	231f      	movs	r3, #31
10000a6a:	2218      	movs	r2, #24
10000a6c:	9400      	str	r4, [sp, #0]
10000a6e:	4803      	ldr	r0, [pc, #12]	@ (10000a7c <spin_lock_claim_unused+0x1c>)
10000a70:	f7ff ffaa 	bl	100009c8 <hw_claim_unused_from_range>
10000a74:	b002      	add	sp, #8
10000a76:	bd10      	pop	{r4, pc}
10000a78:	100091e8 	.word	0x100091e8
10000a7c:	200024b4 	.word	0x200024b4

10000a80 <spinlock_set_extexclall>:
10000a80:	f04f 22e0 	mov.w	r2, #3758153728	@ 0xe000e000
10000a84:	6893      	ldr	r3, [r2, #8]
10000a86:	f043 5300 	orr.w	r3, r3, #536870912	@ 0x20000000
10000a8a:	6093      	str	r3, [r2, #8]
10000a8c:	4770      	bx	lr
10000a8e:	bf00      	nop

10000a90 <spin_locks_reset>:
10000a90:	2100      	movs	r1, #0
10000a92:	4b04      	ldr	r3, [pc, #16]	@ (10000aa4 <spin_locks_reset+0x14>)
10000a94:	f103 0220 	add.w	r2, r3, #32
10000a98:	e8c3 1f8f 	stlb	r1, [r3]
10000a9c:	3301      	adds	r3, #1
10000a9e:	4293      	cmp	r3, r2
10000aa0:	d1fa      	bne.n	10000a98 <spin_locks_reset+0x8>
10000aa2:	4770      	bx	lr
10000aa4:	20002098 	.word	0x20002098

10000aa8 <runtime_init_per_core_irq_priorities>:
10000aa8:	f04f 23e0 	mov.w	r3, #3758153728	@ 0xe000e000
10000aac:	f04f 3280 	mov.w	r2, #2155905152	@ 0x80808080
10000ab0:	f8c3 2400 	str.w	r2, [r3, #1024]	@ 0x400
10000ab4:	f8c3 2404 	str.w	r2, [r3, #1028]	@ 0x404
10000ab8:	f8c3 2408 	str.w	r2, [r3, #1032]	@ 0x408
10000abc:	f8c3 240c 	str.w	r2, [r3, #1036]	@ 0x40c
10000ac0:	f8c3 2410 	str.w	r2, [r3, #1040]	@ 0x410
10000ac4:	f8c3 2414 	str.w	r2, [r3, #1044]	@ 0x414
10000ac8:	f8c3 2418 	str.w	r2, [r3, #1048]	@ 0x418
10000acc:	f8c3 241c 	str.w	r2, [r3, #1052]	@ 0x41c
10000ad0:	f8c3 2420 	str.w	r2, [r3, #1056]	@ 0x420
10000ad4:	f8c3 2424 	str.w	r2, [r3, #1060]	@ 0x424
10000ad8:	f8c3 2428 	str.w	r2, [r3, #1064]	@ 0x428
10000adc:	f8c3 242c 	str.w	r2, [r3, #1068]	@ 0x42c
10000ae0:	f8c3 2430 	str.w	r2, [r3, #1072]	@ 0x430
10000ae4:	4770      	bx	lr
10000ae6:	bf00      	nop

10000ae8 <irq_set_enabled>:
10000ae8:	2301      	movs	r3, #1
10000aea:	f000 021f 	and.w	r2, r0, #31
10000aee:	4093      	lsls	r3, r2
10000af0:	0940      	lsrs	r0, r0, #5
10000af2:	b141      	cbz	r1, 10000b06 <irq_set_enabled+0x1e>
10000af4:	0080      	lsls	r0, r0, #2
10000af6:	f100 4060 	add.w	r0, r0, #3758096384	@ 0xe0000000
10000afa:	f500 4061 	add.w	r0, r0, #57600	@ 0xe100
10000afe:	f8c0 3180 	str.w	r3, [r0, #384]	@ 0x180
10000b02:	6003      	str	r3, [r0, #0]
10000b04:	4770      	bx	lr
10000b06:	4a02      	ldr	r2, [pc, #8]	@ (10000b10 <irq_set_enabled+0x28>)
10000b08:	3020      	adds	r0, #32
10000b0a:	f842 3020 	str.w	r3, [r2, r0, lsl #2]
10000b0e:	4770      	bx	lr
10000b10:	e000e100 	.word	0xe000e100

10000b14 <irq_is_enabled>:
10000b14:	2301      	movs	r3, #1
10000b16:	4a06      	ldr	r2, [pc, #24]	@ (10000b30 <irq_is_enabled+0x1c>)
10000b18:	0941      	lsrs	r1, r0, #5
10000b1a:	f852 2021 	ldr.w	r2, [r2, r1, lsl #2]
10000b1e:	f000 001f 	and.w	r0, r0, #31
10000b22:	fa03 f000 	lsl.w	r0, r3, r0
10000b26:	4010      	ands	r0, r2
10000b28:	3800      	subs	r0, #0
10000b2a:	bf18      	it	ne
10000b2c:	2001      	movne	r0, #1
10000b2e:	4770      	bx	lr
10000b30:	e000e100 	.word	0xe000e100

10000b34 <irq_set_pending>:
10000b34:	2201      	movs	r2, #1
10000b36:	0943      	lsrs	r3, r0, #5
10000b38:	4903      	ldr	r1, [pc, #12]	@ (10000b48 <irq_set_pending+0x14>)
10000b3a:	f000 001f 	and.w	r0, r0, #31
10000b3e:	4082      	lsls	r2, r0
10000b40:	3340      	adds	r3, #64	@ 0x40
10000b42:	f841 2023 	str.w	r2, [r1, r3, lsl #2]
10000b46:	4770      	bx	lr
10000b48:	e000e100 	.word	0xe000e100

10000b4c <irq_has_shared_handler>:
10000b4c:	4a05      	ldr	r2, [pc, #20]	@ (10000b64 <irq_has_shared_handler+0x18>)
10000b4e:	3010      	adds	r0, #16
10000b50:	6892      	ldr	r2, [r2, #8]
10000b52:	4b05      	ldr	r3, [pc, #20]	@ (10000b68 <irq_has_shared_handler+0x1c>)
10000b54:	f852 0020 	ldr.w	r0, [r2, r0, lsl #2]
10000b58:	1ac0      	subs	r0, r0, r3
10000b5a:	282f      	cmp	r0, #47	@ 0x2f
10000b5c:	bf8c      	ite	hi
10000b5e:	2000      	movhi	r0, #0
10000b60:	2001      	movls	r0, #1
10000b62:	4770      	bx	lr
10000b64:	e000ed00 	.word	0xe000ed00
10000b68:	20001588 	.word	0x20001588

10000b6c <irq_set_exclusive_handler>:
10000b6c:	b5f8      	push	{r3, r4, r5, r6, r7, lr}
10000b6e:	460d      	mov	r5, r1
10000b70:	f3ef 8710 	mrs	r7, PRIMASK
10000b74:	b672      	cpsid	i
10000b76:	4e12      	ldr	r6, [pc, #72]	@ (10000bc0 <irq_set_exclusive_handler+0x54>)
10000b78:	e8d6 2fcf 	ldaexb	r2, [r6]
10000b7c:	2301      	movs	r3, #1
10000b7e:	2a00      	cmp	r2, #0
10000b80:	d1fa      	bne.n	10000b78 <irq_set_exclusive_handler+0xc>
10000b82:	e8c6 3f42 	strexb	r2, r3, [r6]
10000b86:	2a00      	cmp	r2, #0
10000b88:	d1f6      	bne.n	10000b78 <irq_set_exclusive_handler+0xc>
10000b8a:	f3bf 8f5f 	dmb	sy
10000b8e:	4b0d      	ldr	r3, [pc, #52]	@ (10000bc4 <irq_set_exclusive_handler+0x58>)
10000b90:	f100 0410 	add.w	r4, r0, #16
10000b94:	689b      	ldr	r3, [r3, #8]
10000b96:	4a0c      	ldr	r2, [pc, #48]	@ (10000bc8 <irq_set_exclusive_handler+0x5c>)
10000b98:	f853 3024 	ldr.w	r3, [r3, r4, lsl #2]
10000b9c:	4293      	cmp	r3, r2
10000b9e:	d003      	beq.n	10000ba8 <irq_set_exclusive_handler+0x3c>
10000ba0:	4299      	cmp	r1, r3
10000ba2:	d001      	beq.n	10000ba8 <irq_set_exclusive_handler+0x3c>
10000ba4:	f000 ffa8 	bl	10001af8 <hard_assertion_failure>
10000ba8:	4b06      	ldr	r3, [pc, #24]	@ (10000bc4 <irq_set_exclusive_handler+0x58>)
10000baa:	689b      	ldr	r3, [r3, #8]
10000bac:	f843 5024 	str.w	r5, [r3, r4, lsl #2]
10000bb0:	f3bf 8f5f 	dmb	sy
10000bb4:	2300      	movs	r3, #0
10000bb6:	e8c6 3f8f 	stlb	r3, [r6]
10000bba:	f387 8810 	msr	PRIMASK, r7
10000bbe:	bdf8      	pop	{r3, r4, r5, r6, r7, pc}
10000bc0:	200020a1 	.word	0x200020a1
10000bc4:	e000ed00 	.word	0xe000ed00
10000bc8:	1000011d 	.word	0x1000011d

10000bcc <irq_add_shared_handler>:
10000bcc:	e92d 4ff0 	stmdb	sp!, {r4, r5, r6, r7, r8, r9, sl, fp, lr}
10000bd0:	4681      	mov	r9, r0
10000bd2:	468b      	mov	fp, r1
10000bd4:	4616      	mov	r6, r2
10000bd6:	b083      	sub	sp, #12
10000bd8:	f3ef 8310 	mrs	r3, PRIMASK
10000bdc:	b672      	cpsid	i
10000bde:	f8df a1d0 	ldr.w	sl, [pc, #464]	@ 10000db0 <irq_add_shared_handler+0x1e4>
10000be2:	9300      	str	r3, [sp, #0]
10000be4:	e8da 1fcf 	ldaexb	r1, [sl]
10000be8:	2301      	movs	r3, #1
10000bea:	2900      	cmp	r1, #0
10000bec:	d1fa      	bne.n	10000be4 <irq_add_shared_handler+0x18>
10000bee:	e8ca 3f41 	strexb	r1, r3, [sl]
10000bf2:	2900      	cmp	r1, #0
10000bf4:	d1f6      	bne.n	10000be4 <irq_add_shared_handler+0x18>
10000bf6:	f3bf 8f5f 	dmb	sy
10000bfa:	4b66      	ldr	r3, [pc, #408]	@ (10000d94 <irq_add_shared_handler+0x1c8>)
10000bfc:	f993 4000 	ldrsb.w	r4, [r3]
10000c00:	2c00      	cmp	r4, #0
10000c02:	f2c0 80a0 	blt.w	10000d46 <irq_add_shared_handler+0x17a>
10000c06:	4d64      	ldr	r5, [pc, #400]	@ (10000d98 <irq_add_shared_handler+0x1cc>)
10000c08:	eb04 0744 	add.w	r7, r4, r4, lsl #1
10000c0c:	eb05 0887 	add.w	r8, r5, r7, lsl #2
10000c10:	f898 1006 	ldrb.w	r1, [r8, #6]
10000c14:	f109 0910 	add.w	r9, r9, #16
10000c18:	7019      	strb	r1, [r3, #0]
10000c1a:	4b60      	ldr	r3, [pc, #384]	@ (10000d9c <irq_add_shared_handler+0x1d0>)
10000c1c:	00bf      	lsls	r7, r7, #2
10000c1e:	689b      	ldr	r3, [r3, #8]
10000c20:	f853 0029 	ldr.w	r0, [r3, r9, lsl #2]
10000c24:	0063      	lsls	r3, r4, #1
10000c26:	1b41      	subs	r1, r0, r5
10000c28:	292f      	cmp	r1, #47	@ 0x2f
10000c2a:	d92f      	bls.n	10000c8c <irq_add_shared_handler+0xc0>
10000c2c:	495c      	ldr	r1, [pc, #368]	@ (10000da0 <irq_add_shared_handler+0x1d4>)
10000c2e:	4288      	cmp	r0, r1
10000c30:	f040 80a4 	bne.w	10000d7c <irq_add_shared_handler+0x1b0>
10000c34:	441c      	add	r4, r3
10000c36:	4b5b      	ldr	r3, [pc, #364]	@ (10000da4 <irq_add_shared_handler+0x1d8>)
10000c38:	3702      	adds	r7, #2
10000c3a:	442f      	add	r7, r5
10000c3c:	3b04      	subs	r3, #4
10000c3e:	1bdb      	subs	r3, r3, r7
10000c40:	f3c3 034a 	ubfx	r3, r3, #1, #11
10000c44:	ea6f 43c3 	mvn.w	r3, r3, lsl #19
10000c48:	f44f 4121 	mov.w	r1, #41216	@ 0xa100
10000c4c:	ea6f 43d3 	mvn.w	r3, r3, lsr #19
10000c50:	f825 1024 	strh.w	r1, [r5, r4, lsl #2]
10000c54:	eb05 0484 	add.w	r4, r5, r4, lsl #2
10000c58:	8063      	strh	r3, [r4, #2]
10000c5a:	f64b 5301 	movw	r3, #48385	@ 0xbd01
10000c5e:	80a3      	strh	r3, [r4, #4]
10000c60:	23ff      	movs	r3, #255	@ 0xff
10000c62:	f048 0001 	orr.w	r0, r8, #1
10000c66:	71e6      	strb	r6, [r4, #7]
10000c68:	f8c4 b008 	str.w	fp, [r4, #8]
10000c6c:	71a3      	strb	r3, [r4, #6]
10000c6e:	4b4b      	ldr	r3, [pc, #300]	@ (10000d9c <irq_add_shared_handler+0x1d0>)
10000c70:	689b      	ldr	r3, [r3, #8]
10000c72:	f843 0029 	str.w	r0, [r3, r9, lsl #2]
10000c76:	f3bf 8f5f 	dmb	sy
10000c7a:	2300      	movs	r3, #0
10000c7c:	e8ca 3f8f 	stlb	r3, [sl]
10000c80:	9b00      	ldr	r3, [sp, #0]
10000c82:	f383 8810 	msr	PRIMASK, r3
10000c86:	b003      	add	sp, #12
10000c88:	e8bd 8ff0 	ldmia.w	sp!, {r4, r5, r6, r7, r8, r9, sl, fp, pc}
10000c8c:	f020 0e01 	bic.w	lr, r0, #1
10000c90:	f89e 1007 	ldrb.w	r1, [lr, #7]
10000c94:	42b1      	cmp	r1, r6
10000c96:	d82e      	bhi.n	10000cf6 <irq_add_shared_handler+0x12a>
10000c98:	f44f 4321 	mov.w	r3, #41216	@ 0xa100
10000c9c:	53eb      	strh	r3, [r5, r7]
10000c9e:	4b41      	ldr	r3, [pc, #260]	@ (10000da4 <irq_add_shared_handler+0x1d8>)
10000ca0:	1cb9      	adds	r1, r7, #2
10000ca2:	4429      	add	r1, r5
10000ca4:	3b04      	subs	r3, #4
10000ca6:	3704      	adds	r7, #4
10000ca8:	1a5b      	subs	r3, r3, r1
10000caa:	442f      	add	r7, r5
10000cac:	f1ae 0104 	sub.w	r1, lr, #4
10000cb0:	1bc9      	subs	r1, r1, r7
10000cb2:	f3c1 044a 	ubfx	r4, r1, #1, #11
10000cb6:	493c      	ldr	r1, [pc, #240]	@ (10000da8 <irq_add_shared_handler+0x1dc>)
10000cb8:	f3c3 034a 	ubfx	r3, r3, #1, #11
10000cbc:	430b      	orrs	r3, r1
10000cbe:	4321      	orrs	r1, r4
10000cc0:	f8a8 1004 	strh.w	r1, [r8, #4]
10000cc4:	4939      	ldr	r1, [pc, #228]	@ (10000dac <irq_add_shared_handler+0x1e0>)
10000cc6:	f8a8 3002 	strh.w	r3, [r8, #2]
10000cca:	f64a 20aa 	movw	r0, #43690	@ 0xaaaa
10000cce:	4673      	mov	r3, lr
10000cd0:	1b5b      	subs	r3, r3, r5
10000cd2:	415b      	adcs	r3, r3
10000cd4:	4358      	muls	r0, r3
10000cd6:	0d00      	lsrs	r0, r0, #20
10000cd8:	f888 6007 	strb.w	r6, [r8, #7]
10000cdc:	f888 0006 	strb.w	r0, [r8, #6]
10000ce0:	f8c8 b008 	str.w	fp, [r8, #8]
10000ce4:	f048 0001 	orr.w	r0, r8, #1
10000ce8:	f8ce 1000 	str.w	r1, [lr]
10000cec:	e7bf      	b.n	10000c6e <irq_add_shared_handler+0xa2>
10000cee:	79d1      	ldrb	r1, [r2, #7]
10000cf0:	42b1      	cmp	r1, r6
10000cf2:	d92e      	bls.n	10000d52 <irq_add_shared_handler+0x186>
10000cf4:	4696      	mov	lr, r2
10000cf6:	f99e c006 	ldrsb.w	ip, [lr, #6]
10000cfa:	eb0c 024c 	add.w	r2, ip, ip, lsl #1
10000cfe:	f1bc 0f00 	cmp.w	ip, #0
10000d02:	eb05 0282 	add.w	r2, r5, r2, lsl #2
10000d06:	daf2      	bge.n	10000cee <irq_add_shared_handler+0x122>
10000d08:	f64b 5101 	movw	r1, #48385	@ 0xbd01
10000d0c:	f10e 0204 	add.w	r2, lr, #4
10000d10:	f1a8 0704 	sub.w	r7, r8, #4
10000d14:	1abf      	subs	r7, r7, r2
10000d16:	f3c7 074a 	ubfx	r7, r7, #1, #11
10000d1a:	ea6f 47c7 	mvn.w	r7, r7, lsl #19
10000d1e:	ea6f 47d7 	mvn.w	r7, r7, lsr #19
10000d22:	f88e 4006 	strb.w	r4, [lr, #6]
10000d26:	eb03 0804 	add.w	r8, r3, r4
10000d2a:	4c20      	ldr	r4, [pc, #128]	@ (10000dac <irq_add_shared_handler+0x1e0>)
10000d2c:	eb05 0388 	add.w	r3, r5, r8, lsl #2
10000d30:	f8ae 7004 	strh.w	r7, [lr, #4]
10000d34:	f845 4028 	str.w	r4, [r5, r8, lsl #2]
10000d38:	8099      	strh	r1, [r3, #4]
10000d3a:	f883 c006 	strb.w	ip, [r3, #6]
10000d3e:	71de      	strb	r6, [r3, #7]
10000d40:	f8c3 b008 	str.w	fp, [r3, #8]
10000d44:	e793      	b.n	10000c6e <irq_add_shared_handler+0xa2>
10000d46:	f000 fed7 	bl	10001af8 <hard_assertion_failure>
10000d4a:	4b12      	ldr	r3, [pc, #72]	@ (10000d94 <irq_add_shared_handler+0x1c8>)
10000d4c:	f993 4000 	ldrsb.w	r4, [r3]
10000d50:	e759      	b.n	10000c06 <irq_add_shared_handler+0x3a>
10000d52:	4672      	mov	r2, lr
10000d54:	f832 1f04 	ldrh.w	r1, [r2, #4]!
10000d58:	0549      	lsls	r1, r1, #21
10000d5a:	d414      	bmi.n	10000d86 <irq_add_shared_handler+0x1ba>
10000d5c:	1549      	asrs	r1, r1, #21
10000d5e:	3102      	adds	r1, #2
10000d60:	eb02 0141 	add.w	r1, r2, r1, lsl #1
10000d64:	9101      	str	r1, [sp, #4]
10000d66:	f06f 0107 	mvn.w	r1, #7
10000d6a:	1bc9      	subs	r1, r1, r7
10000d6c:	9f01      	ldr	r7, [sp, #4]
10000d6e:	1b49      	subs	r1, r1, r5
10000d70:	4439      	add	r1, r7
10000d72:	f3c1 014a 	ubfx	r1, r1, #1, #11
10000d76:	f441 4160 	orr.w	r1, r1, #57344	@ 0xe000
10000d7a:	e7c9      	b.n	10000d10 <irq_add_shared_handler+0x144>
10000d7c:	9301      	str	r3, [sp, #4]
10000d7e:	f000 febb 	bl	10001af8 <hard_assertion_failure>
10000d82:	9b01      	ldr	r3, [sp, #4]
10000d84:	e756      	b.n	10000c34 <irq_add_shared_handler+0x68>
10000d86:	f501 11ff 	add.w	r1, r1, #2088960	@ 0x1fe000
10000d8a:	f501 51ff 	add.w	r1, r1, #8160	@ 0x1fe0
10000d8e:	311f      	adds	r1, #31
10000d90:	e7e4      	b.n	10000d5c <irq_add_shared_handler+0x190>
10000d92:	bf00      	nop
10000d94:	20002bb3 	.word	0x20002bb3
10000d98:	20001588 	.word	0x20001588
10000d9c:	e000ed00 	.word	0xe000ed00
10000da0:	1000011d 	.word	0x1000011d
10000da4:	200015b8 	.word	0x200015b8
10000da8:	ffffe000 	.word	0xffffe000
10000dac:	47804801 	.word	0x47804801
10000db0:	200020a1 	.word	0x200020a1

10000db4 <irq_add_tail_to_free_list>:
10000db4:	b5f0      	push	{r4, r5, r6, r7, lr}
10000db6:	f3ef 8505 	mrs	r5, IPSR
10000dba:	b2ed      	uxtb	r5, r5
10000dbc:	f3ef 8c10 	mrs	ip, PRIMASK
10000dc0:	b672      	cpsid	i
10000dc2:	4926      	ldr	r1, [pc, #152]	@ (10000e5c <irq_add_tail_to_free_list+0xa8>)
10000dc4:	e8d1 2fcf 	ldaexb	r2, [r1]
10000dc8:	2301      	movs	r3, #1
10000dca:	2a00      	cmp	r2, #0
10000dcc:	d1fa      	bne.n	10000dc4 <irq_add_tail_to_free_list+0x10>
10000dce:	e8c1 3f42 	strexb	r2, r3, [r1]
10000dd2:	2a00      	cmp	r2, #0
10000dd4:	d1f6      	bne.n	10000dc4 <irq_add_tail_to_free_list+0x10>
10000dd6:	f3bf 8f5f 	dmb	sy
10000dda:	4e21      	ldr	r6, [pc, #132]	@ (10000e60 <irq_add_tail_to_free_list+0xac>)
10000ddc:	f040 0e01 	orr.w	lr, r0, #1
10000de0:	68b4      	ldr	r4, [r6, #8]
10000de2:	f64a 23aa 	movw	r3, #43690	@ 0xaaaa
10000de6:	f854 7025 	ldr.w	r7, [r4, r5, lsl #2]
10000dea:	4a1e      	ldr	r2, [pc, #120]	@ (10000e64 <irq_add_tail_to_free_list+0xb0>)
10000dec:	4604      	mov	r4, r0
10000dee:	1aa4      	subs	r4, r4, r2
10000df0:	4164      	adcs	r4, r4
10000df2:	4363      	muls	r3, r4
10000df4:	0d1b      	lsrs	r3, r3, #20
10000df6:	4577      	cmp	r7, lr
10000df8:	b25b      	sxtb	r3, r3
10000dfa:	d01b      	beq.n	10000e34 <irq_add_tail_to_free_list+0x80>
10000dfc:	f992 4006 	ldrsb.w	r4, [r2, #6]
10000e00:	429c      	cmp	r4, r3
10000e02:	d01c      	beq.n	10000e3e <irq_add_tail_to_free_list+0x8a>
10000e04:	f992 4012 	ldrsb.w	r4, [r2, #18]
10000e08:	429c      	cmp	r4, r3
10000e0a:	d023      	beq.n	10000e54 <irq_add_tail_to_free_list+0xa0>
10000e0c:	f992 401e 	ldrsb.w	r4, [r2, #30]
10000e10:	429c      	cmp	r4, r3
10000e12:	d021      	beq.n	10000e58 <irq_add_tail_to_free_list+0xa4>
10000e14:	f992 402a 	ldrsb.w	r4, [r2, #42]	@ 0x2a
10000e18:	429c      	cmp	r4, r3
10000e1a:	bf08      	it	eq
10000e1c:	2403      	moveq	r4, #3
10000e1e:	d00f      	beq.n	10000e40 <irq_add_tail_to_free_list+0x8c>
10000e20:	4a11      	ldr	r2, [pc, #68]	@ (10000e68 <irq_add_tail_to_free_list+0xb4>)
10000e22:	2400      	movs	r4, #0
10000e24:	7815      	ldrb	r5, [r2, #0]
10000e26:	7013      	strb	r3, [r2, #0]
10000e28:	7185      	strb	r5, [r0, #6]
10000e2a:	e8c1 4f8f 	stlb	r4, [r1]
10000e2e:	f38c 8810 	msr	PRIMASK, ip
10000e32:	bdf0      	pop	{r4, r5, r6, r7, pc}
10000e34:	68b2      	ldr	r2, [r6, #8]
10000e36:	4c0d      	ldr	r4, [pc, #52]	@ (10000e6c <irq_add_tail_to_free_list+0xb8>)
10000e38:	f842 4025 	str.w	r4, [r2, r5, lsl #2]
10000e3c:	e7f0      	b.n	10000e20 <irq_add_tail_to_free_list+0x6c>
10000e3e:	2400      	movs	r4, #0
10000e40:	eb04 0444 	add.w	r4, r4, r4, lsl #1
10000e44:	eb02 0284 	add.w	r2, r2, r4, lsl #2
10000e48:	24ff      	movs	r4, #255	@ 0xff
10000e4a:	7194      	strb	r4, [r2, #6]
10000e4c:	f64b 5401 	movw	r4, #48385	@ 0xbd01
10000e50:	8094      	strh	r4, [r2, #4]
10000e52:	e7e5      	b.n	10000e20 <irq_add_tail_to_free_list+0x6c>
10000e54:	2401      	movs	r4, #1
10000e56:	e7f3      	b.n	10000e40 <irq_add_tail_to_free_list+0x8c>
10000e58:	2402      	movs	r4, #2
10000e5a:	e7f1      	b.n	10000e40 <irq_add_tail_to_free_list+0x8c>
10000e5c:	200020a1 	.word	0x200020a1
10000e60:	e000ed00 	.word	0xe000ed00
10000e64:	20001588 	.word	0x20001588
10000e68:	20002bb3 	.word	0x20002bb3
10000e6c:	1000011d 	.word	0x1000011d

10000e70 <user_irq_claim_unused>:
10000e70:	b510      	push	{r4, lr}
10000e72:	4c07      	ldr	r4, [pc, #28]	@ (10000e90 <user_irq_claim_unused+0x20>)
10000e74:	b082      	sub	sp, #8
10000e76:	4601      	mov	r1, r0
10000e78:	2305      	movs	r3, #5
10000e7a:	2200      	movs	r2, #0
10000e7c:	9400      	str	r4, [sp, #0]
10000e7e:	4805      	ldr	r0, [pc, #20]	@ (10000e94 <user_irq_claim_unused+0x24>)
10000e80:	f7ff fda2 	bl	100009c8 <hw_claim_unused_from_range>
10000e84:	2800      	cmp	r0, #0
10000e86:	bfa8      	it	ge
10000e88:	f1c0 0033 	rsbge	r0, r0, #51	@ 0x33
10000e8c:	b002      	add	sp, #8
10000e8e:	bd10      	pop	{r4, pc}
10000e90:	10009204 	.word	0x10009204
10000e94:	20002bb7 	.word	0x20002bb7

10000e98 <lock_init>:
10000e98:	4b01      	ldr	r3, [pc, #4]	@ (10000ea0 <lock_init+0x8>)
10000e9a:	440b      	add	r3, r1
10000e9c:	6003      	str	r3, [r0, #0]
10000e9e:	4770      	bx	lr
10000ea0:	20002098 	.word	0x20002098

10000ea4 <runtime_init_mutex>:
10000ea4:	b570      	push	{r4, r5, r6, lr}
10000ea6:	4c10      	ldr	r4, [pc, #64]	@ (10000ee8 <runtime_init_mutex+0x44>)
10000ea8:	4d10      	ldr	r5, [pc, #64]	@ (10000eec <runtime_init_mutex+0x48>)
10000eaa:	42ac      	cmp	r4, r5
10000eac:	d20e      	bcs.n	10000ecc <runtime_init_mutex+0x28>
10000eae:	26ff      	movs	r6, #255	@ 0xff
10000eb0:	6823      	ldr	r3, [r4, #0]
10000eb2:	b163      	cbz	r3, 10000ece <runtime_init_mutex+0x2a>
10000eb4:	f7ff fdc8 	bl	10000a48 <next_striped_spin_lock_num>
10000eb8:	4601      	mov	r1, r0
10000eba:	4620      	mov	r0, r4
10000ebc:	f7ff ffec 	bl	10000e98 <lock_init>
10000ec0:	80a6      	strh	r6, [r4, #4]
10000ec2:	f3bf 8f5f 	dmb	sy
10000ec6:	3408      	adds	r4, #8
10000ec8:	42ac      	cmp	r4, r5
10000eca:	d3f1      	bcc.n	10000eb0 <runtime_init_mutex+0xc>
10000ecc:	bd70      	pop	{r4, r5, r6, pc}
10000ece:	f7ff fdbb 	bl	10000a48 <next_striped_spin_lock_num>
10000ed2:	4601      	mov	r1, r0
10000ed4:	4620      	mov	r0, r4
10000ed6:	f7ff ffdf 	bl	10000e98 <lock_init>
10000eda:	7126      	strb	r6, [r4, #4]
10000edc:	f3bf 8f5f 	dmb	sy
10000ee0:	3408      	adds	r4, #8
10000ee2:	42ac      	cmp	r4, r5
10000ee4:	d3e4      	bcc.n	10000eb0 <runtime_init_mutex+0xc>
10000ee6:	bd70      	pop	{r4, r5, r6, pc}
10000ee8:	20001b88 	.word	0x20001b88
10000eec:	20001ba0 	.word	0x20001ba0

10000ef0 <mutex_init>:
10000ef0:	b510      	push	{r4, lr}
10000ef2:	4604      	mov	r4, r0
10000ef4:	f7ff fda8 	bl	10000a48 <next_striped_spin_lock_num>
10000ef8:	4601      	mov	r1, r0
10000efa:	4620      	mov	r0, r4
10000efc:	f7ff ffcc 	bl	10000e98 <lock_init>
10000f00:	23ff      	movs	r3, #255	@ 0xff
10000f02:	7123      	strb	r3, [r4, #4]
10000f04:	f3bf 8f5f 	dmb	sy
10000f08:	bd10      	pop	{r4, pc}
10000f0a:	bf00      	nop

10000f0c <critical_section_init>:
10000f0c:	b510      	push	{r4, lr}
10000f0e:	4604      	mov	r4, r0
10000f10:	2001      	movs	r0, #1
10000f12:	f7ff fda5 	bl	10000a60 <spin_lock_claim_unused>
10000f16:	4b03      	ldr	r3, [pc, #12]	@ (10000f24 <critical_section_init+0x18>)
10000f18:	4403      	add	r3, r0
10000f1a:	6023      	str	r3, [r4, #0]
10000f1c:	f3bf 8f5f 	dmb	sy
10000f20:	bd10      	pop	{r4, pc}
10000f22:	bf00      	nop
10000f24:	20002098 	.word	0x20002098

10000f28 <critical_section_init_with_lock_num>:
10000f28:	4b02      	ldr	r3, [pc, #8]	@ (10000f34 <critical_section_init_with_lock_num+0xc>)
10000f2a:	440b      	add	r3, r1
10000f2c:	6003      	str	r3, [r0, #0]
10000f2e:	f3bf 8f5f 	dmb	sy
10000f32:	4770      	bx	lr
10000f34:	20002098 	.word	0x20002098

10000f38 <sleep_until_callback>:
10000f38:	4b0d      	ldr	r3, [pc, #52]	@ (10000f70 <sleep_until_callback+0x38>)
10000f3a:	681a      	ldr	r2, [r3, #0]
10000f3c:	f3ef 8110 	mrs	r1, PRIMASK
10000f40:	b672      	cpsid	i
10000f42:	e8d2 cfcf 	ldaexb	ip, [r2]
10000f46:	2001      	movs	r0, #1
10000f48:	f1bc 0f00 	cmp.w	ip, #0
10000f4c:	d1f9      	bne.n	10000f42 <sleep_until_callback+0xa>
10000f4e:	e8c2 0f4c 	strexb	ip, r0, [r2]
10000f52:	f1bc 0f00 	cmp.w	ip, #0
10000f56:	d1f4      	bne.n	10000f42 <sleep_until_callback+0xa>
10000f58:	f3bf 8f5f 	dmb	sy
10000f5c:	2200      	movs	r2, #0
10000f5e:	681b      	ldr	r3, [r3, #0]
10000f60:	e8c3 2f8f 	stlb	r2, [r3]
10000f64:	f381 8810 	msr	PRIMASK, r1
10000f68:	bf40      	sev
10000f6a:	2000      	movs	r0, #0
10000f6c:	2100      	movs	r1, #0
10000f6e:	4770      	bx	lr
10000f70:	20002a3c 	.word	0x20002a3c
10000f74:	00000000 	.word	0x00000000

10000f78 <alarm_pool_irq_handler>:
10000f78:	e92d 4ff0 	stmdb	sp!, {r4, r5, r6, r7, r8, r9, sl, fp, lr}
10000f7c:	ed2d 8b02 	vpush	{d8}
10000f80:	b085      	sub	sp, #20
10000f82:	f3ef 8305 	mrs	r3, IPSR
10000f86:	b2db      	uxtb	r3, r3
10000f88:	3b10      	subs	r3, #16
10000f8a:	089a      	lsrs	r2, r3, #2
10000f8c:	bf18      	it	ne
10000f8e:	2201      	movne	r2, #1
10000f90:	f04f 0101 	mov.w	r1, #1
10000f94:	f003 0b03 	and.w	fp, r3, #3
10000f98:	bf18      	it	ne
10000f9a:	4daf      	ldrne	r5, [pc, #700]	@ (10001258 <alarm_pool_irq_handler+0x2e0>)
10000f9c:	4baf      	ldr	r3, [pc, #700]	@ (1000125c <alarm_pool_irq_handler+0x2e4>)
10000f9e:	bf08      	it	eq
10000fa0:	4daf      	ldreq	r5, [pc, #700]	@ (10001260 <alarm_pool_irq_handler+0x2e8>)
10000fa2:	eb0b 0282 	add.w	r2, fp, r2, lsl #2
10000fa6:	f853 6022 	ldr.w	r6, [r3, r2, lsl #2]
10000faa:	fa01 f20b 	lsl.w	r2, r1, fp
10000fae:	f505 5341 	add.w	r3, r5, #12352	@ 0x3040
10000fb2:	ed9f 8ba7 	vldr	d8, [pc, #668]	@ 10001250 <alarm_pool_irq_handler+0x2d8>
10000fb6:	9201      	str	r2, [sp, #4]
10000fb8:	605a      	str	r2, [r3, #4]
10000fba:	e02f      	b.n	1000101c <alarm_pool_irq_handler+0xa4>
10000fbc:	88b3      	ldrh	r3, [r6, #4]
10000fbe:	041c      	lsls	r4, r3, #16
10000fc0:	f140 8093 	bpl.w	100010ea <alarm_pool_irq_handler+0x172>
10000fc4:	79b3      	ldrb	r3, [r6, #6]
10000fc6:	2b00      	cmp	r3, #0
10000fc8:	f040 80dd 	bne.w	10001186 <alarm_pool_irq_handler+0x20e>
10000fcc:	f9b6 2008 	ldrsh.w	r2, [r6, #8]
10000fd0:	2a00      	cmp	r2, #0
10000fd2:	f2c0 811e 	blt.w	10001212 <alarm_pool_irq_handler+0x29a>
10000fd6:	6973      	ldr	r3, [r6, #20]
10000fd8:	eb02 0242 	add.w	r2, r2, r2, lsl #1
10000fdc:	eb03 03c2 	add.w	r3, r3, r2, lsl #3
10000fe0:	e9d3 4702 	ldrd	r4, r7, [r3, #8]
10000fe4:	f1b7 3fff 	cmp.w	r7, #4294967295
10000fe8:	bf08      	it	eq
10000fea:	f1b4 3fff 	cmpeq.w	r4, #4294967295
10000fee:	d00e      	beq.n	1000100e <alarm_pool_irq_handler+0x96>
10000ff0:	eb05 018b 	add.w	r1, r5, fp, lsl #2
10000ff4:	6aab      	ldr	r3, [r5, #40]	@ 0x28
10000ff6:	690a      	ldr	r2, [r1, #16]
10000ff8:	1ad2      	subs	r2, r2, r3
10000ffa:	1ae3      	subs	r3, r4, r3
10000ffc:	4293      	cmp	r3, r2
10000ffe:	d305      	bcc.n	1000100c <alarm_pool_irq_handler+0x94>
10001000:	2301      	movs	r3, #1
10001002:	6a2a      	ldr	r2, [r5, #32]
10001004:	fa03 f30b 	lsl.w	r3, r3, fp
10001008:	4213      	tst	r3, r2
1000100a:	d100      	bne.n	1000100e <alarm_pool_irq_handler+0x96>
1000100c:	610c      	str	r4, [r1, #16]
1000100e:	4628      	mov	r0, r5
10001010:	f000 fb3e 	bl	10001690 <timer_time_us_64>
10001014:	42a0      	cmp	r0, r4
10001016:	41b9      	sbcs	r1, r7
10001018:	f2c0 80fb 	blt.w	10001212 <alarm_pool_irq_handler+0x29a>
1000101c:	f9b6 3008 	ldrsh.w	r3, [r6, #8]
10001020:	9a01      	ldr	r2, [sp, #4]
10001022:	2b00      	cmp	r3, #0
10001024:	9300      	str	r3, [sp, #0]
10001026:	63ea      	str	r2, [r5, #60]	@ 0x3c
10001028:	dbc8      	blt.n	10000fbc <alarm_pool_irq_handler+0x44>
1000102a:	f8d6 8014 	ldr.w	r8, [r6, #20]
1000102e:	eb03 0943 	add.w	r9, r3, r3, lsl #1
10001032:	4628      	mov	r0, r5
10001034:	eb08 07c9 	add.w	r7, r8, r9, lsl #3
10001038:	e9d7 4a02 	ldrd	r4, sl, [r7, #8]
1000103c:	f000 fb28 	bl	10001690 <timer_time_us_64>
10001040:	42a0      	cmp	r0, r4
10001042:	eb71 010a 	sbcs.w	r1, r1, sl
10001046:	dbb9      	blt.n	10000fbc <alarm_pool_irq_handler+0x44>
10001048:	f1ba 0f00 	cmp.w	sl, #0
1000104c:	f2c0 80c3 	blt.w	100011d6 <alarm_pool_irq_handler+0x25e>
10001050:	e9d7 3104 	ldrd	r3, r1, [r7, #16]
10001054:	4a83      	ldr	r2, [pc, #524]	@ (10001264 <alarm_pool_irq_handler+0x2ec>)
10001056:	4293      	cmp	r3, r2
10001058:	f000 80ed 	beq.w	10001236 <alarm_pool_irq_handler+0x2be>
1000105c:	887a      	ldrh	r2, [r7, #2]
1000105e:	f9b6 0008 	ldrsh.w	r0, [r6, #8]
10001062:	b292      	uxth	r2, r2
10001064:	ea42 4000 	orr.w	r0, r2, r0, lsl #16
10001068:	4798      	blx	r3
1000106a:	4602      	mov	r2, r0
1000106c:	460b      	mov	r3, r1
1000106e:	ea52 0103 	orrs.w	r1, r2, r3
10001072:	f000 80b0 	beq.w	100011d6 <alarm_pool_irq_handler+0x25e>
10001076:	2b00      	cmp	r3, #0
10001078:	f280 80d1 	bge.w	1000121e <alarm_pool_irq_handler+0x2a6>
1000107c:	ebb4 0e02 	subs.w	lr, r4, r2
10001080:	eb6a 0a03 	sbc.w	sl, sl, r3
10001084:	f938 3039 	ldrsh.w	r3, [r8, r9, lsl #3]
10001088:	e9c7 ea02 	strd	lr, sl, [r7, #8]
1000108c:	2b00      	cmp	r3, #0
1000108e:	db95      	blt.n	10000fbc <alarm_pool_irq_handler+0x44>
10001090:	6971      	ldr	r1, [r6, #20]
10001092:	eb03 0243 	add.w	r2, r3, r3, lsl #1
10001096:	eb01 02c2 	add.w	r2, r1, r2, lsl #3
1000109a:	e9d2 7002 	ldrd	r7, r0, [r2, #8]
1000109e:	45be      	cmp	lr, r7
100010a0:	eb7a 0c00 	sbcs.w	ip, sl, r0
100010a4:	ea4f 0243 	mov.w	r2, r3, lsl #1
100010a8:	db88      	blt.n	10000fbc <alarm_pool_irq_handler+0x44>
100010aa:	46b4      	mov	ip, r6
100010ac:	f82c 3f08 	strh.w	r3, [ip, #8]!
100010b0:	e006      	b.n	100010c0 <alarm_pool_irq_handler+0x148>
100010b2:	eb03 0043 	add.w	r0, r3, r3, lsl #1
100010b6:	eb01 00c0 	add.w	r0, r1, r0, lsl #3
100010ba:	005a      	lsls	r2, r3, #1
100010bc:	e9d0 7002 	ldrd	r7, r0, [r0, #8]
100010c0:	45be      	cmp	lr, r7
100010c2:	441a      	add	r2, r3
100010c4:	eb7a 0000 	sbcs.w	r0, sl, r0
100010c8:	eb01 04c2 	add.w	r4, r1, r2, lsl #3
100010cc:	db04      	blt.n	100010d8 <alarm_pool_irq_handler+0x160>
100010ce:	f931 3032 	ldrsh.w	r3, [r1, r2, lsl #3]
100010d2:	46a4      	mov	ip, r4
100010d4:	2b00      	cmp	r3, #0
100010d6:	daec      	bge.n	100010b2 <alarm_pool_irq_handler+0x13a>
100010d8:	f828 3039 	strh.w	r3, [r8, r9, lsl #3]
100010dc:	9b00      	ldr	r3, [sp, #0]
100010de:	f8ac 3000 	strh.w	r3, [ip]
100010e2:	88b3      	ldrh	r3, [r6, #4]
100010e4:	041c      	lsls	r4, r3, #16
100010e6:	f53f af6d 	bmi.w	10000fc4 <alarm_pool_irq_handler+0x4c>
100010ea:	6933      	ldr	r3, [r6, #16]
100010ec:	f3ef 8210 	mrs	r2, PRIMASK
100010f0:	b672      	cpsid	i
100010f2:	e8d3 0fcf 	ldaexb	r0, [r3]
100010f6:	2101      	movs	r1, #1
100010f8:	2800      	cmp	r0, #0
100010fa:	d1fa      	bne.n	100010f2 <alarm_pool_irq_handler+0x17a>
100010fc:	e8c3 1f40 	strexb	r0, r1, [r3]
10001100:	2800      	cmp	r0, #0
10001102:	d1f6      	bne.n	100010f2 <alarm_pool_irq_handler+0x17a>
10001104:	f3bf 8f5f 	dmb	sy
10001108:	f64f 74ff 	movw	r4, #65535	@ 0xffff
1000110c:	88b0      	ldrh	r0, [r6, #4]
1000110e:	2300      	movs	r3, #0
10001110:	6931      	ldr	r1, [r6, #16]
10001112:	b200      	sxth	r0, r0
10001114:	80b4      	strh	r4, [r6, #4]
10001116:	e8c1 3f8f 	stlb	r3, [r1]
1000111a:	f382 8810 	msr	PRIMASK, r2
1000111e:	4298      	cmp	r0, r3
10001120:	f6ff af50 	blt.w	10000fc4 <alarm_pool_irq_handler+0x4c>
10001124:	4607      	mov	r7, r0
10001126:	46a9      	mov	r9, r5
10001128:	6974      	ldr	r4, [r6, #20]
1000112a:	f106 0808 	add.w	r8, r6, #8
1000112e:	eb07 0e47 	add.w	lr, r7, r7, lsl #1
10001132:	eb04 03ce 	add.w	r3, r4, lr, lsl #3
10001136:	e9d3 5002 	ldrd	r5, r0, [r3, #8]
1000113a:	f9b6 3008 	ldrsh.w	r3, [r6, #8]
1000113e:	46c4      	mov	ip, r8
10001140:	2b00      	cmp	r3, #0
10001142:	db13      	blt.n	1000116c <alarm_pool_irq_handler+0x1f4>
10001144:	46b2      	mov	sl, r6
10001146:	9700      	str	r7, [sp, #0]
10001148:	e004      	b.n	10001154 <alarm_pool_irq_handler+0x1dc>
1000114a:	f934 3036 	ldrsh.w	r3, [r4, r6, lsl #3]
1000114e:	4694      	mov	ip, r2
10001150:	2b00      	cmp	r3, #0
10001152:	db09      	blt.n	10001168 <alarm_pool_irq_handler+0x1f0>
10001154:	eb03 0643 	add.w	r6, r3, r3, lsl #1
10001158:	eb04 02c6 	add.w	r2, r4, r6, lsl #3
1000115c:	e9d2 7102 	ldrd	r7, r1, [r2, #8]
10001160:	42bd      	cmp	r5, r7
10001162:	eb70 0101 	sbcs.w	r1, r0, r1
10001166:	daf0      	bge.n	1000114a <alarm_pool_irq_handler+0x1d2>
10001168:	4656      	mov	r6, sl
1000116a:	9f00      	ldr	r7, [sp, #0]
1000116c:	f8ac 7000 	strh.w	r7, [ip]
10001170:	f934 703e 	ldrsh.w	r7, [r4, lr, lsl #3]
10001174:	f824 303e 	strh.w	r3, [r4, lr, lsl #3]
10001178:	2f00      	cmp	r7, #0
1000117a:	dad8      	bge.n	1000112e <alarm_pool_irq_handler+0x1b6>
1000117c:	79b3      	ldrb	r3, [r6, #6]
1000117e:	464d      	mov	r5, r9
10001180:	2b00      	cmp	r3, #0
10001182:	f43f af23 	beq.w	10000fcc <alarm_pool_irq_handler+0x54>
10001186:	2300      	movs	r3, #0
10001188:	71b3      	strb	r3, [r6, #6]
1000118a:	f9b6 3008 	ldrsh.w	r3, [r6, #8]
1000118e:	f106 0808 	add.w	r8, r6, #8
10001192:	1c58      	adds	r0, r3, #1
10001194:	d03d      	beq.n	10001212 <alarm_pool_irq_handler+0x29a>
10001196:	461a      	mov	r2, r3
10001198:	6977      	ldr	r7, [r6, #20]
1000119a:	e003      	b.n	100011a4 <alarm_pool_irq_handler+0x22c>
1000119c:	4680      	mov	r8, r0
1000119e:	1c59      	adds	r1, r3, #1
100011a0:	f43f af16 	beq.w	10000fd0 <alarm_pool_irq_handler+0x58>
100011a4:	eb03 0143 	add.w	r1, r3, r3, lsl #1
100011a8:	eb07 00c1 	add.w	r0, r7, r1, lsl #3
100011ac:	f8b0 c002 	ldrh.w	ip, [r0, #2]
100011b0:	461c      	mov	r4, r3
100011b2:	f41c 4f00 	tst.w	ip, #32768	@ 0x8000
100011b6:	469e      	mov	lr, r3
100011b8:	f937 3031 	ldrsh.w	r3, [r7, r1, lsl #3]
100011bc:	d0ee      	beq.n	1000119c <alarm_pool_irq_handler+0x224>
100011be:	4294      	cmp	r4, r2
100011c0:	ed80 8b02 	vstr	d8, [r0, #8]
100011c4:	d005      	beq.n	100011d2 <alarm_pool_irq_handler+0x25a>
100011c6:	f8a8 3000 	strh.w	r3, [r8]
100011ca:	8932      	ldrh	r2, [r6, #8]
100011cc:	f827 2031 	strh.w	r2, [r7, r1, lsl #3]
100011d0:	8134      	strh	r4, [r6, #8]
100011d2:	4672      	mov	r2, lr
100011d4:	e7e3      	b.n	1000119e <alarm_pool_irq_handler+0x226>
100011d6:	f838 3039 	ldrh.w	r3, [r8, r9, lsl #3]
100011da:	8133      	strh	r3, [r6, #8]
100011dc:	6933      	ldr	r3, [r6, #16]
100011de:	f3ef 8210 	mrs	r2, PRIMASK
100011e2:	b672      	cpsid	i
100011e4:	e8d3 0fcf 	ldaexb	r0, [r3]
100011e8:	2101      	movs	r1, #1
100011ea:	2800      	cmp	r0, #0
100011ec:	d1fa      	bne.n	100011e4 <alarm_pool_irq_handler+0x26c>
100011ee:	e8c3 1f40 	strexb	r0, r1, [r3]
100011f2:	2800      	cmp	r0, #0
100011f4:	d1f6      	bne.n	100011e4 <alarm_pool_irq_handler+0x26c>
100011f6:	f3bf 8f5f 	dmb	sy
100011fa:	8873      	ldrh	r3, [r6, #2]
100011fc:	6931      	ldr	r1, [r6, #16]
100011fe:	f828 3039 	strh.w	r3, [r8, r9, lsl #3]
10001202:	9b00      	ldr	r3, [sp, #0]
10001204:	8073      	strh	r3, [r6, #2]
10001206:	2300      	movs	r3, #0
10001208:	e8c1 3f8f 	stlb	r3, [r1]
1000120c:	f382 8810 	msr	PRIMASK, r2
10001210:	e6d4      	b.n	10000fbc <alarm_pool_irq_handler+0x44>
10001212:	bf40      	sev
10001214:	b005      	add	sp, #20
10001216:	ecbd 8b02 	vpop	{d8}
1000121a:	e8bd 8ff0 	ldmia.w	sp!, {r4, r5, r6, r7, r8, r9, sl, fp, pc}
1000121e:	4628      	mov	r0, r5
10001220:	e9cd 2302 	strd	r2, r3, [sp, #8]
10001224:	f000 fa34 	bl	10001690 <timer_time_us_64>
10001228:	9a02      	ldr	r2, [sp, #8]
1000122a:	9b03      	ldr	r3, [sp, #12]
1000122c:	eb10 0e02 	adds.w	lr, r0, r2
10001230:	eb43 0a01 	adc.w	sl, r3, r1
10001234:	e726      	b.n	10001084 <alarm_pool_irq_handler+0x10c>
10001236:	4608      	mov	r0, r1
10001238:	690b      	ldr	r3, [r1, #16]
1000123a:	9102      	str	r1, [sp, #8]
1000123c:	4798      	blx	r3
1000123e:	2800      	cmp	r0, #0
10001240:	d0c9      	beq.n	100011d6 <alarm_pool_irq_handler+0x25e>
10001242:	9902      	ldr	r1, [sp, #8]
10001244:	e9d1 2300 	ldrd	r2, r3, [r1]
10001248:	e711      	b.n	1000106e <alarm_pool_irq_handler+0xf6>
1000124a:	bf00      	nop
1000124c:	f3af 8000 	nop.w
10001250:	ffffffff 	.word	0xffffffff
10001254:	ffffffff 	.word	0xffffffff
10001258:	400b8000 	.word	0x400b8000
1000125c:	20002958 	.word	0x20002958
10001260:	400b0000 	.word	0x400b0000
10001264:	10000f79 	.word	0x10000f79

10001268 <runtime_init_default_alarm_pool>:
10001268:	e92d 4ff8 	stmdb	sp!, {r3, r4, r5, r6, r7, r8, r9, sl, fp, lr}
1000126c:	4c36      	ldr	r4, [pc, #216]	@ (10001348 <runtime_init_default_alarm_pool+0xe0>)
1000126e:	6925      	ldr	r5, [r4, #16]
10001270:	b12d      	cbz	r5, 1000127e <runtime_init_default_alarm_pool+0x16>
10001272:	e8bd 4ff8 	ldmia.w	sp!, {r3, r4, r5, r6, r7, r8, r9, sl, fp, lr}
10001276:	210a      	movs	r1, #10
10001278:	4834      	ldr	r0, [pc, #208]	@ (1000134c <runtime_init_default_alarm_pool+0xe4>)
1000127a:	f7ff be0d 	b.w	10000e98 <lock_init>
1000127e:	f8df 80e4 	ldr.w	r8, [pc, #228]	@ 10001364 <runtime_init_default_alarm_pool+0xfc>
10001282:	2103      	movs	r1, #3
10001284:	4640      	mov	r0, r8
10001286:	f000 f9f1 	bl	1000166c <timer_hardware_alarm_claim>
1000128a:	2603      	movs	r6, #3
1000128c:	f8c4 800c 	str.w	r8, [r4, #12]
10001290:	f7ff fbda 	bl	10000a48 <next_striped_spin_lock_num>
10001294:	f04f 4c50 	mov.w	ip, #3489660928	@ 0xd0000000
10001298:	4b2d      	ldr	r3, [pc, #180]	@ (10001350 <runtime_init_default_alarm_pool+0xe8>)
1000129a:	7026      	strb	r6, [r4, #0]
1000129c:	4403      	add	r3, r0
1000129e:	6123      	str	r3, [r4, #16]
100012a0:	f8dc 3000 	ldr.w	r3, [ip]
100012a4:	210f      	movs	r1, #15
100012a6:	7063      	strb	r3, [r4, #1]
100012a8:	6963      	ldr	r3, [r4, #20]
100012aa:	8061      	strh	r1, [r4, #2]
100012ac:	831d      	strh	r5, [r3, #24]
100012ae:	f04f 0504 	mov.w	r5, #4
100012b2:	f8a3 5078 	strh.w	r5, [r3, #120]	@ 0x78
100012b6:	f04f 0505 	mov.w	r5, #5
100012ba:	f8a3 5090 	strh.w	r5, [r3, #144]	@ 0x90
100012be:	f04f 0506 	mov.w	r5, #6
100012c2:	f8a3 50a8 	strh.w	r5, [r3, #168]	@ 0xa8
100012c6:	f04f 0507 	mov.w	r5, #7
100012ca:	210e      	movs	r1, #14
100012cc:	f64f 72ff 	movw	r2, #65535	@ 0xffff
100012d0:	2708      	movs	r7, #8
100012d2:	f04f 0e0a 	mov.w	lr, #10
100012d6:	f8a3 50c0 	strh.w	r5, [r3, #192]	@ 0xc0
100012da:	f04f 0901 	mov.w	r9, #1
100012de:	f04f 0c0c 	mov.w	ip, #12
100012e2:	f04f 0b02 	mov.w	fp, #2
100012e6:	f04f 0a09 	mov.w	sl, #9
100012ea:	200d      	movs	r0, #13
100012ec:	f04f 050b 	mov.w	r5, #11
100012f0:	f8a3 1168 	strh.w	r1, [r3, #360]	@ 0x168
100012f4:	4917      	ldr	r1, [pc, #92]	@ (10001354 <runtime_init_default_alarm_pool+0xec>)
100012f6:	80a2      	strh	r2, [r4, #4]
100012f8:	f8a3 e108 	strh.w	lr, [r3, #264]	@ 0x108
100012fc:	60a1      	str	r1, [r4, #8]
100012fe:	f8a3 b048 	strh.w	fp, [r3, #72]	@ 0x48
10001302:	f8a3 a0f0 	strh.w	sl, [r3, #240]	@ 0xf0
10001306:	f8a3 5120 	strh.w	r5, [r3, #288]	@ 0x120
1000130a:	f8a3 c138 	strh.w	ip, [r3, #312]	@ 0x138
1000130e:	f8a3 0150 	strh.w	r0, [r3, #336]	@ 0x150
10001312:	f8a3 9030 	strh.w	r9, [r3, #48]	@ 0x30
10001316:	f8a3 6060 	strh.w	r6, [r3, #96]	@ 0x60
1000131a:	f8a3 70d8 	strh.w	r7, [r3, #216]	@ 0xd8
1000131e:	801a      	strh	r2, [r3, #0]
10001320:	4b0d      	ldr	r3, [pc, #52]	@ (10001358 <runtime_init_default_alarm_pool+0xf0>)
10001322:	4630      	mov	r0, r6
10001324:	f8c8 7020 	str.w	r7, [r8, #32]
10001328:	490c      	ldr	r1, [pc, #48]	@ (1000135c <runtime_init_default_alarm_pool+0xf4>)
1000132a:	60dc      	str	r4, [r3, #12]
1000132c:	f7ff fc1e 	bl	10000b6c <irq_set_exclusive_handler>
10001330:	4649      	mov	r1, r9
10001332:	4630      	mov	r0, r6
10001334:	f7ff fbd8 	bl	10000ae8 <irq_set_enabled>
10001338:	4b09      	ldr	r3, [pc, #36]	@ (10001360 <runtime_init_default_alarm_pool+0xf8>)
1000133a:	210a      	movs	r1, #10
1000133c:	641f      	str	r7, [r3, #64]	@ 0x40
1000133e:	4803      	ldr	r0, [pc, #12]	@ (1000134c <runtime_init_default_alarm_pool+0xe4>)
10001340:	e8bd 4ff8 	ldmia.w	sp!, {r3, r4, r5, r6, r7, r8, r9, sl, fp, lr}
10001344:	f7ff bda8 	b.w	10000e98 <lock_init>
10001348:	200015d0 	.word	0x200015d0
1000134c:	20002a3c 	.word	0x20002a3c
10001350:	20002098 	.word	0x20002098
10001354:	0010ffff 	.word	0x0010ffff
10001358:	20002958 	.word	0x20002958
1000135c:	10000f79 	.word	0x10000f79
10001360:	400b2000 	.word	0x400b2000
10001364:	400b0000 	.word	0x400b0000

10001368 <alarm_pool_get_default>:
10001368:	4800      	ldr	r0, [pc, #0]	@ (1000136c <alarm_pool_get_default+0x4>)
1000136a:	4770      	bx	lr
1000136c:	200015d0 	.word	0x200015d0

10001370 <alarm_pool_add_alarm_at>:
10001370:	b5f8      	push	{r3, r4, r5, r6, r7, lr}
10001372:	f89d 5020 	ldrb.w	r5, [sp, #32]
10001376:	4604      	mov	r4, r0
10001378:	4617      	mov	r7, r2
1000137a:	461e      	mov	r6, r3
1000137c:	b935      	cbnz	r5, 1000138c <alarm_pool_add_alarm_at+0x1c>
1000137e:	f000 f98f 	bl	100016a0 <time_us_64>
10001382:	4287      	cmp	r7, r0
10001384:	eb66 0101 	sbc.w	r1, r6, r1
10001388:	2900      	cmp	r1, #0
1000138a:	db5c      	blt.n	10001446 <alarm_pool_add_alarm_at+0xd6>
1000138c:	6921      	ldr	r1, [r4, #16]
1000138e:	f3ef 8310 	mrs	r3, PRIMASK
10001392:	b672      	cpsid	i
10001394:	e8d1 0fcf 	ldaexb	r0, [r1]
10001398:	2201      	movs	r2, #1
1000139a:	2800      	cmp	r0, #0
1000139c:	d1fa      	bne.n	10001394 <alarm_pool_add_alarm_at+0x24>
1000139e:	e8c1 2f40 	strexb	r0, r2, [r1]
100013a2:	2800      	cmp	r0, #0
100013a4:	d1f6      	bne.n	10001394 <alarm_pool_add_alarm_at+0x24>
100013a6:	f3bf 8f5f 	dmb	sy
100013aa:	f9b4 2002 	ldrsh.w	r2, [r4, #2]
100013ae:	6965      	ldr	r5, [r4, #20]
100013b0:	eb02 0142 	add.w	r1, r2, r2, lsl #1
100013b4:	2a00      	cmp	r2, #0
100013b6:	ea4f 0cc1 	mov.w	ip, r1, lsl #3
100013ba:	6920      	ldr	r0, [r4, #16]
100013bc:	eb05 01c1 	add.w	r1, r5, r1, lsl #3
100013c0:	db39      	blt.n	10001436 <alarm_pool_add_alarm_at+0xc6>
100013c2:	f835 e00c 	ldrh.w	lr, [r5, ip]
100013c6:	f8a4 e002 	strh.w	lr, [r4, #2]
100013ca:	f04f 0e00 	mov.w	lr, #0
100013ce:	e8c0 ef8f 	stlb	lr, [r0]
100013d2:	f383 8810 	msr	PRIMASK, r3
100013d6:	8848      	ldrh	r0, [r1, #2]
100013d8:	9b06      	ldr	r3, [sp, #24]
100013da:	3001      	adds	r0, #1
100013dc:	f3c0 000e 	ubfx	r0, r0, #0, #15
100013e0:	2801      	cmp	r0, #1
100013e2:	bf38      	it	cc
100013e4:	2001      	movcc	r0, #1
100013e6:	610b      	str	r3, [r1, #16]
100013e8:	9b07      	ldr	r3, [sp, #28]
100013ea:	8048      	strh	r0, [r1, #2]
100013ec:	614b      	str	r3, [r1, #20]
100013ee:	e9c1 7602 	strd	r7, r6, [r1, #8]
100013f2:	ea40 4002 	orr.w	r0, r0, r2, lsl #16
100013f6:	6923      	ldr	r3, [r4, #16]
100013f8:	f3ef 8110 	mrs	r1, PRIMASK
100013fc:	b672      	cpsid	i
100013fe:	e8d3 7fcf 	ldaexb	r7, [r3]
10001402:	2601      	movs	r6, #1
10001404:	2f00      	cmp	r7, #0
10001406:	d1fa      	bne.n	100013fe <alarm_pool_add_alarm_at+0x8e>
10001408:	e8c3 6f47 	strexb	r7, r6, [r3]
1000140c:	2f00      	cmp	r7, #0
1000140e:	d1f6      	bne.n	100013fe <alarm_pool_add_alarm_at+0x8e>
10001410:	f3bf 8f5f 	dmb	sy
10001414:	88a3      	ldrh	r3, [r4, #4]
10001416:	f825 300c 	strh.w	r3, [r5, ip]
1000141a:	80a2      	strh	r2, [r4, #4]
1000141c:	6923      	ldr	r3, [r4, #16]
1000141e:	e8c3 ef8f 	stlb	lr, [r3]
10001422:	f381 8810 	msr	PRIMASK, r1
10001426:	2201      	movs	r2, #1
10001428:	68e3      	ldr	r3, [r4, #12]
1000142a:	7821      	ldrb	r1, [r4, #0]
1000142c:	f503 5301 	add.w	r3, r3, #8256	@ 0x2040
10001430:	408a      	lsls	r2, r1
10001432:	605a      	str	r2, [r3, #4]
10001434:	bdf8      	pop	{r3, r4, r5, r6, r7, pc}
10001436:	2200      	movs	r2, #0
10001438:	e8c0 2f8f 	stlb	r2, [r0]
1000143c:	f383 8810 	msr	PRIMASK, r3
10001440:	f04f 30ff 	mov.w	r0, #4294967295
10001444:	bdf8      	pop	{r3, r4, r5, r6, r7, pc}
10001446:	4628      	mov	r0, r5
10001448:	bdf8      	pop	{r3, r4, r5, r6, r7, pc}
1000144a:	bf00      	nop

1000144c <alarm_pool_add_alarm_at_force_in_context>:
1000144c:	4601      	mov	r1, r0
1000144e:	b5f0      	push	{r4, r5, r6, r7, lr}
10001450:	6900      	ldr	r0, [r0, #16]
10001452:	f3ef 8710 	mrs	r7, PRIMASK
10001456:	b672      	cpsid	i
10001458:	e8d0 5fcf 	ldaexb	r5, [r0]
1000145c:	2401      	movs	r4, #1
1000145e:	2d00      	cmp	r5, #0
10001460:	d1fa      	bne.n	10001458 <alarm_pool_add_alarm_at_force_in_context+0xc>
10001462:	e8c0 4f45 	strexb	r5, r4, [r0]
10001466:	2d00      	cmp	r5, #0
10001468:	d1f6      	bne.n	10001458 <alarm_pool_add_alarm_at_force_in_context+0xc>
1000146a:	f3bf 8f5f 	dmb	sy
1000146e:	f9b1 e002 	ldrsh.w	lr, [r1, #2]
10001472:	694c      	ldr	r4, [r1, #20]
10001474:	eb0e 0c4e 	add.w	ip, lr, lr, lsl #1
10001478:	f1be 0f00 	cmp.w	lr, #0
1000147c:	ea4f 05cc 	mov.w	r5, ip, lsl #3
10001480:	6908      	ldr	r0, [r1, #16]
10001482:	eb04 0ccc 	add.w	ip, r4, ip, lsl #3
10001486:	db3c      	blt.n	10001502 <alarm_pool_add_alarm_at_force_in_context+0xb6>
10001488:	5b66      	ldrh	r6, [r4, r5]
1000148a:	804e      	strh	r6, [r1, #2]
1000148c:	2600      	movs	r6, #0
1000148e:	e8c0 6f8f 	stlb	r6, [r0]
10001492:	f387 8810 	msr	PRIMASK, r7
10001496:	f8bc 0002 	ldrh.w	r0, [ip, #2]
1000149a:	e9cc 2302 	strd	r2, r3, [ip, #8]
1000149e:	3001      	adds	r0, #1
100014a0:	f3c0 000e 	ubfx	r0, r0, #0, #15
100014a4:	2801      	cmp	r0, #1
100014a6:	bf38      	it	cc
100014a8:	2001      	movcc	r0, #1
100014aa:	9b05      	ldr	r3, [sp, #20]
100014ac:	f8ac 0002 	strh.w	r0, [ip, #2]
100014b0:	f8cc 3010 	str.w	r3, [ip, #16]
100014b4:	9b06      	ldr	r3, [sp, #24]
100014b6:	ea40 400e 	orr.w	r0, r0, lr, lsl #16
100014ba:	f8cc 3014 	str.w	r3, [ip, #20]
100014be:	690b      	ldr	r3, [r1, #16]
100014c0:	f3ef 8210 	mrs	r2, PRIMASK
100014c4:	b672      	cpsid	i
100014c6:	e8d3 cfcf 	ldaexb	ip, [r3]
100014ca:	2701      	movs	r7, #1
100014cc:	f1bc 0f00 	cmp.w	ip, #0
100014d0:	d1f9      	bne.n	100014c6 <alarm_pool_add_alarm_at_force_in_context+0x7a>
100014d2:	e8c3 7f4c 	strexb	ip, r7, [r3]
100014d6:	f1bc 0f00 	cmp.w	ip, #0
100014da:	d1f4      	bne.n	100014c6 <alarm_pool_add_alarm_at_force_in_context+0x7a>
100014dc:	f3bf 8f5f 	dmb	sy
100014e0:	888b      	ldrh	r3, [r1, #4]
100014e2:	5363      	strh	r3, [r4, r5]
100014e4:	f8a1 e004 	strh.w	lr, [r1, #4]
100014e8:	690b      	ldr	r3, [r1, #16]
100014ea:	e8c3 6f8f 	stlb	r6, [r3]
100014ee:	f382 8810 	msr	PRIMASK, r2
100014f2:	2201      	movs	r2, #1
100014f4:	68cb      	ldr	r3, [r1, #12]
100014f6:	7809      	ldrb	r1, [r1, #0]
100014f8:	f503 5301 	add.w	r3, r3, #8256	@ 0x2040
100014fc:	408a      	lsls	r2, r1
100014fe:	605a      	str	r2, [r3, #4]
10001500:	bdf0      	pop	{r4, r5, r6, r7, pc}
10001502:	2300      	movs	r3, #0
10001504:	e8c0 3f8f 	stlb	r3, [r0]
10001508:	f387 8810 	msr	PRIMASK, r7
1000150c:	f04f 30ff 	mov.w	r0, #4294967295
10001510:	bdf0      	pop	{r4, r5, r6, r7, pc}
10001512:	bf00      	nop

10001514 <alarm_pool_cancel_alarm>:
10001514:	4603      	mov	r3, r0
10001516:	8940      	ldrh	r0, [r0, #10]
10001518:	ebb0 4f21 	cmp.w	r0, r1, asr #16
1000151c:	dd37      	ble.n	1000158e <alarm_pool_cancel_alarm+0x7a>
1000151e:	6958      	ldr	r0, [r3, #20]
10001520:	140a      	asrs	r2, r1, #16
10001522:	eb02 0242 	add.w	r2, r2, r2, lsl #1
10001526:	b510      	push	{r4, lr}
10001528:	eb00 00c2 	add.w	r0, r0, r2, lsl #3
1000152c:	691c      	ldr	r4, [r3, #16]
1000152e:	f3ef 8c10 	mrs	ip, PRIMASK
10001532:	b672      	cpsid	i
10001534:	e8d4 efcf 	ldaexb	lr, [r4]
10001538:	2201      	movs	r2, #1
1000153a:	f1be 0f00 	cmp.w	lr, #0
1000153e:	d1f9      	bne.n	10001534 <alarm_pool_cancel_alarm+0x20>
10001540:	e8c4 2f4e 	strexb	lr, r2, [r4]
10001544:	f1be 0f00 	cmp.w	lr, #0
10001548:	d1f4      	bne.n	10001534 <alarm_pool_cancel_alarm+0x20>
1000154a:	f3bf 8f5f 	dmb	sy
1000154e:	8842      	ldrh	r2, [r0, #2]
10001550:	b289      	uxth	r1, r1
10001552:	b292      	uxth	r2, r2
10001554:	428a      	cmp	r2, r1
10001556:	d007      	beq.n	10001568 <alarm_pool_cancel_alarm+0x54>
10001558:	2200      	movs	r2, #0
1000155a:	691b      	ldr	r3, [r3, #16]
1000155c:	e8c3 2f8f 	stlb	r2, [r3]
10001560:	f38c 8810 	msr	PRIMASK, ip
10001564:	2000      	movs	r0, #0
10001566:	bd10      	pop	{r4, pc}
10001568:	f442 4200 	orr.w	r2, r2, #32768	@ 0x8000
1000156c:	8042      	strh	r2, [r0, #2]
1000156e:	2101      	movs	r1, #1
10001570:	2200      	movs	r2, #0
10001572:	6918      	ldr	r0, [r3, #16]
10001574:	7199      	strb	r1, [r3, #6]
10001576:	e8c0 2f8f 	stlb	r2, [r0]
1000157a:	f38c 8810 	msr	PRIMASK, ip
1000157e:	781c      	ldrb	r4, [r3, #0]
10001580:	68da      	ldr	r2, [r3, #12]
10001582:	4608      	mov	r0, r1
10001584:	f502 5301 	add.w	r3, r2, #8256	@ 0x2040
10001588:	40a1      	lsls	r1, r4
1000158a:	6059      	str	r1, [r3, #4]
1000158c:	bd10      	pop	{r4, pc}
1000158e:	2000      	movs	r0, #0
10001590:	4770      	bx	lr
10001592:	bf00      	nop

10001594 <alarm_pool_core_num>:
10001594:	7840      	ldrb	r0, [r0, #1]
10001596:	4770      	bx	lr

10001598 <best_effort_wfe_or_timeout>:
10001598:	e92d 43f0 	stmdb	sp!, {r4, r5, r6, r7, r8, r9, lr}
1000159c:	4606      	mov	r6, r0
1000159e:	460d      	mov	r5, r1
100015a0:	b083      	sub	sp, #12
100015a2:	f3ef 8405 	mrs	r4, IPSR
100015a6:	b2e4      	uxtb	r4, r4
100015a8:	b13c      	cbz	r4, 100015ba <best_effort_wfe_or_timeout+0x22>
100015aa:	4b2d      	ldr	r3, [pc, #180]	@ (10001660 <best_effort_wfe_or_timeout+0xc8>)
100015ac:	6a5a      	ldr	r2, [r3, #36]	@ 0x24
100015ae:	42aa      	cmp	r2, r5
100015b0:	d21c      	bcs.n	100015ec <best_effort_wfe_or_timeout+0x54>
100015b2:	2000      	movs	r0, #0
100015b4:	b003      	add	sp, #12
100015b6:	e8bd 83f0 	ldmia.w	sp!, {r4, r5, r6, r7, r8, r9, pc}
100015ba:	4f2a      	ldr	r7, [pc, #168]	@ (10001664 <best_effort_wfe_or_timeout+0xcc>)
100015bc:	f8d7 900c 	ldr.w	r9, [r7, #12]
100015c0:	f897 8000 	ldrb.w	r8, [r7]
100015c4:	4648      	mov	r0, r9
100015c6:	f000 f863 	bl	10001690 <timer_time_us_64>
100015ca:	f108 0804 	add.w	r8, r8, #4
100015ce:	f859 3028 	ldr.w	r3, [r9, r8, lsl #2]
100015d2:	1a1b      	subs	r3, r3, r0
100015d4:	1a30      	subs	r0, r6, r0
100015d6:	eb65 0101 	sbc.w	r1, r5, r1
100015da:	4298      	cmp	r0, r3
100015dc:	f171 0100 	sbcs.w	r1, r1, #0
100015e0:	db10      	blt.n	10001604 <best_effort_wfe_or_timeout+0x6c>
100015e2:	bf20      	wfe
100015e4:	4b1e      	ldr	r3, [pc, #120]	@ (10001660 <best_effort_wfe_or_timeout+0xc8>)
100015e6:	6a5a      	ldr	r2, [r3, #36]	@ 0x24
100015e8:	42aa      	cmp	r2, r5
100015ea:	d3e2      	bcc.n	100015b2 <best_effort_wfe_or_timeout+0x1a>
100015ec:	bf14      	ite	ne
100015ee:	2401      	movne	r4, #1
100015f0:	2400      	moveq	r4, #0
100015f2:	6a9b      	ldr	r3, [r3, #40]	@ 0x28
100015f4:	42b3      	cmp	r3, r6
100015f6:	bf34      	ite	cc
100015f8:	4620      	movcc	r0, r4
100015fa:	f044 0001 	orrcs.w	r0, r4, #1
100015fe:	b003      	add	sp, #12
10001600:	e8bd 83f0 	ldmia.w	sp!, {r4, r5, r6, r7, r8, r9, pc}
10001604:	f000 f84c 	bl	100016a0 <time_us_64>
10001608:	4286      	cmp	r6, r0
1000160a:	eb65 0101 	sbc.w	r1, r5, r1
1000160e:	2900      	cmp	r1, #0
10001610:	db14      	blt.n	1000163c <best_effort_wfe_or_timeout+0xa4>
10001612:	4b15      	ldr	r3, [pc, #84]	@ (10001668 <best_effort_wfe_or_timeout+0xd0>)
10001614:	4638      	mov	r0, r7
10001616:	e9cd 3400 	strd	r3, r4, [sp]
1000161a:	4632      	mov	r2, r6
1000161c:	462b      	mov	r3, r5
1000161e:	f7ff ff15 	bl	1000144c <alarm_pool_add_alarm_at_force_in_context>
10001622:	1e01      	subs	r1, r0, #0
10001624:	dd0a      	ble.n	1000163c <best_effort_wfe_or_timeout+0xa4>
10001626:	4b0e      	ldr	r3, [pc, #56]	@ (10001660 <best_effort_wfe_or_timeout+0xc8>)
10001628:	6a5a      	ldr	r2, [r3, #36]	@ 0x24
1000162a:	42aa      	cmp	r2, r5
1000162c:	d316      	bcc.n	1000165c <best_effort_wfe_or_timeout+0xc4>
1000162e:	6a9b      	ldr	r3, [r3, #40]	@ 0x28
10001630:	42b3      	cmp	r3, r6
10001632:	d311      	bcc.n	10001658 <best_effort_wfe_or_timeout+0xc0>
10001634:	480b      	ldr	r0, [pc, #44]	@ (10001664 <best_effort_wfe_or_timeout+0xcc>)
10001636:	f7ff ff6d 	bl	10001514 <alarm_pool_cancel_alarm>
1000163a:	e7b6      	b.n	100015aa <best_effort_wfe_or_timeout+0x12>
1000163c:	4b08      	ldr	r3, [pc, #32]	@ (10001660 <best_effort_wfe_or_timeout+0xc8>)
1000163e:	6a5c      	ldr	r4, [r3, #36]	@ 0x24
10001640:	42ac      	cmp	r4, r5
10001642:	d3b6      	bcc.n	100015b2 <best_effort_wfe_or_timeout+0x1a>
10001644:	1b64      	subs	r4, r4, r5
10001646:	bf18      	it	ne
10001648:	2401      	movne	r4, #1
1000164a:	6a9b      	ldr	r3, [r3, #40]	@ 0x28
1000164c:	42b3      	cmp	r3, r6
1000164e:	bf34      	ite	cc
10001650:	4620      	movcc	r0, r4
10001652:	f044 0001 	orrcs.w	r0, r4, #1
10001656:	e7ad      	b.n	100015b4 <best_effort_wfe_or_timeout+0x1c>
10001658:	42aa      	cmp	r2, r5
1000165a:	d1eb      	bne.n	10001634 <best_effort_wfe_or_timeout+0x9c>
1000165c:	bf20      	wfe
1000165e:	e7e9      	b.n	10001634 <best_effort_wfe_or_timeout+0x9c>
10001660:	400b0000 	.word	0x400b0000
10001664:	200015d0 	.word	0x200015d0
10001668:	10000f39 	.word	0x10000f39

1000166c <timer_hardware_alarm_claim>:
1000166c:	b410      	push	{r4}
1000166e:	4b05      	ldr	r3, [pc, #20]	@ (10001684 <timer_hardware_alarm_claim+0x18>)
10001670:	4c05      	ldr	r4, [pc, #20]	@ (10001688 <timer_hardware_alarm_claim+0x1c>)
10001672:	4a06      	ldr	r2, [pc, #24]	@ (1000168c <timer_hardware_alarm_claim+0x20>)
10001674:	42a0      	cmp	r0, r4
10001676:	bf14      	ite	ne
10001678:	4618      	movne	r0, r3
1000167a:	1c58      	addeq	r0, r3, #1
1000167c:	f85d 4b04 	ldr.w	r4, [sp], #4
10001680:	f7ff b976 	b.w	10000970 <hw_claim_or_assert>
10001684:	200024b8 	.word	0x200024b8
10001688:	400b8000 	.word	0x400b8000
1000168c:	10009220 	.word	0x10009220

10001690 <timer_time_us_64>:
10001690:	4603      	mov	r3, r0
10001692:	6a41      	ldr	r1, [r0, #36]	@ 0x24
10001694:	460a      	mov	r2, r1
10001696:	6a98      	ldr	r0, [r3, #40]	@ 0x28
10001698:	6a59      	ldr	r1, [r3, #36]	@ 0x24
1000169a:	428a      	cmp	r2, r1
1000169c:	d1fa      	bne.n	10001694 <timer_time_us_64+0x4>
1000169e:	4770      	bx	lr

100016a0 <time_us_64>:
100016a0:	4b03      	ldr	r3, [pc, #12]	@ (100016b0 <time_us_64+0x10>)
100016a2:	6a59      	ldr	r1, [r3, #36]	@ 0x24
100016a4:	460a      	mov	r2, r1
100016a6:	6a98      	ldr	r0, [r3, #40]	@ 0x28
100016a8:	6a59      	ldr	r1, [r3, #36]	@ 0x24
100016aa:	4291      	cmp	r1, r2
100016ac:	d1fa      	bne.n	100016a4 <time_us_64+0x4>
100016ae:	4770      	bx	lr
100016b0:	400b0000 	.word	0x400b0000

100016b4 <busy_wait_us>:
100016b4:	b430      	push	{r4, r5}
100016b6:	4a15      	ldr	r2, [pc, #84]	@ (1000170c <busy_wait_us+0x58>)
100016b8:	6a53      	ldr	r3, [r2, #36]	@ 0x24
100016ba:	469c      	mov	ip, r3
100016bc:	6a94      	ldr	r4, [r2, #40]	@ 0x28
100016be:	6a53      	ldr	r3, [r2, #36]	@ 0x24
100016c0:	4563      	cmp	r3, ip
100016c2:	d1fa      	bne.n	100016ba <busy_wait_us+0x6>
100016c4:	1902      	adds	r2, r0, r4
100016c6:	4159      	adcs	r1, r3
100016c8:	f04f 0500 	mov.w	r5, #0
100016cc:	bf28      	it	cs
100016ce:	2501      	movcs	r5, #1
100016d0:	4b0e      	ldr	r3, [pc, #56]	@ (1000170c <busy_wait_us+0x58>)
100016d2:	6a5b      	ldr	r3, [r3, #36]	@ 0x24
100016d4:	b1b5      	cbz	r5, 10001704 <busy_wait_us+0x50>
100016d6:	1c5a      	adds	r2, r3, #1
100016d8:	bf08      	it	eq
100016da:	461a      	moveq	r2, r3
100016dc:	d008      	beq.n	100016f0 <busy_wait_us+0x3c>
100016de:	f04f 31ff 	mov.w	r1, #4294967295
100016e2:	460a      	mov	r2, r1
100016e4:	4809      	ldr	r0, [pc, #36]	@ (1000170c <busy_wait_us+0x58>)
100016e6:	6a43      	ldr	r3, [r0, #36]	@ 0x24
100016e8:	428b      	cmp	r3, r1
100016ea:	d3fc      	bcc.n	100016e6 <busy_wait_us+0x32>
100016ec:	428b      	cmp	r3, r1
100016ee:	d107      	bne.n	10001700 <busy_wait_us+0x4c>
100016f0:	4906      	ldr	r1, [pc, #24]	@ (1000170c <busy_wait_us+0x58>)
100016f2:	e002      	b.n	100016fa <busy_wait_us+0x46>
100016f4:	6a48      	ldr	r0, [r1, #36]	@ 0x24
100016f6:	4298      	cmp	r0, r3
100016f8:	d102      	bne.n	10001700 <busy_wait_us+0x4c>
100016fa:	6a88      	ldr	r0, [r1, #40]	@ 0x28
100016fc:	4290      	cmp	r0, r2
100016fe:	d3f9      	bcc.n	100016f4 <busy_wait_us+0x40>
10001700:	bc30      	pop	{r4, r5}
10001702:	4770      	bx	lr
10001704:	4299      	cmp	r1, r3
10001706:	d8ed      	bhi.n	100016e4 <busy_wait_us+0x30>
10001708:	e7f0      	b.n	100016ec <busy_wait_us+0x38>
1000170a:	bf00      	nop
1000170c:	400b0000 	.word	0x400b0000

10001710 <uart_init>:
10001710:	b5f8      	push	{r3, r4, r5, r6, r7, lr}
10001712:	4605      	mov	r5, r0
10001714:	2006      	movs	r0, #6
10001716:	460e      	mov	r6, r1
10001718:	f000 f8e4 	bl	100018e4 <clock_get_hz>
1000171c:	2800      	cmp	r0, #0
1000171e:	d042      	beq.n	100017a6 <uart_init+0x96>
10001720:	4a35      	ldr	r2, [pc, #212]	@ (100017f8 <uart_init+0xe8>)
10001722:	4836      	ldr	r0, [pc, #216]	@ (100017fc <uart_init+0xec>)
10001724:	4295      	cmp	r5, r2
10001726:	bf14      	ite	ne
10001728:	f04f 6280 	movne.w	r2, #67108864	@ 0x4000000
1000172c:	f04f 6200 	moveq.w	r2, #134217728	@ 0x8000000
10001730:	4b33      	ldr	r3, [pc, #204]	@ (10001800 <uart_init+0xf0>)
10001732:	4934      	ldr	r1, [pc, #208]	@ (10001804 <uart_init+0xf4>)
10001734:	6002      	str	r2, [r0, #0]
10001736:	601a      	str	r2, [r3, #0]
10001738:	688c      	ldr	r4, [r1, #8]
1000173a:	ea32 0404 	bics.w	r4, r2, r4
1000173e:	d1fb      	bne.n	10001738 <uart_init+0x28>
10001740:	4b2d      	ldr	r3, [pc, #180]	@ (100017f8 <uart_init+0xe8>)
10001742:	f44f 7180 	mov.w	r1, #256	@ 0x100
10001746:	1aeb      	subs	r3, r5, r3
10001748:	fab3 f383 	clz	r3, r3
1000174c:	4a2e      	ldr	r2, [pc, #184]	@ (10001808 <uart_init+0xf8>)
1000174e:	095b      	lsrs	r3, r3, #5
10001750:	2006      	movs	r0, #6
10001752:	f822 1013 	strh.w	r1, [r2, r3, lsl #1]
10001756:	f000 f8c5 	bl	100018e4 <clock_get_hz>
1000175a:	00c3      	lsls	r3, r0, #3
1000175c:	fbb3 f3f6 	udiv	r3, r3, r6
10001760:	3301      	adds	r3, #1
10001762:	09da      	lsrs	r2, r3, #7
10001764:	d120      	bne.n	100017a8 <uart_init+0x98>
10001766:	2640      	movs	r6, #64	@ 0x40
10001768:	2101      	movs	r1, #1
1000176a:	6269      	str	r1, [r5, #36]	@ 0x24
1000176c:	62aa      	str	r2, [r5, #40]	@ 0x28
1000176e:	6b2f      	ldr	r7, [r5, #48]	@ 0x30
10001770:	07fb      	lsls	r3, r7, #31
10001772:	d422      	bmi.n	100017ba <uart_init+0xaa>
10001774:	462b      	mov	r3, r5
10001776:	2200      	movs	r2, #0
10001778:	f853 1f2c 	ldr.w	r1, [r3, #44]!
1000177c:	2006      	movs	r0, #6
1000177e:	f503 5480 	add.w	r4, r3, #4096	@ 0x1000
10001782:	6022      	str	r2, [r4, #0]
10001784:	632f      	str	r7, [r5, #48]	@ 0x30
10001786:	f000 f8ad 	bl	100018e4 <clock_get_hz>
1000178a:	f240 3101 	movw	r1, #769	@ 0x301
1000178e:	2203      	movs	r2, #3
10001790:	0080      	lsls	r0, r0, #2
10001792:	fbb0 f0f6 	udiv	r0, r0, r6
10001796:	6aeb      	ldr	r3, [r5, #44]	@ 0x2c
10001798:	f083 0370 	eor.w	r3, r3, #112	@ 0x70
1000179c:	f003 037e 	and.w	r3, r3, #126	@ 0x7e
100017a0:	6023      	str	r3, [r4, #0]
100017a2:	6329      	str	r1, [r5, #48]	@ 0x30
100017a4:	64aa      	str	r2, [r5, #72]	@ 0x48
100017a6:	bdf8      	pop	{r3, r4, r5, r6, r7, pc}
100017a8:	f64f 71fe 	movw	r1, #65534	@ 0xfffe
100017ac:	428a      	cmp	r2, r1
100017ae:	d91b      	bls.n	100017e8 <uart_init+0xd8>
100017b0:	4622      	mov	r2, r4
100017b2:	f64f 71ff 	movw	r1, #65535	@ 0xffff
100017b6:	4e15      	ldr	r6, [pc, #84]	@ (1000180c <uart_init+0xfc>)
100017b8:	e7d7      	b.n	1000176a <uart_init+0x5a>
100017ba:	f240 3201 	movw	r2, #769	@ 0x301
100017be:	f505 5340 	add.w	r3, r5, #12288	@ 0x3000
100017c2:	631a      	str	r2, [r3, #48]	@ 0x30
100017c4:	6a6b      	ldr	r3, [r5, #36]	@ 0x24
100017c6:	6aac      	ldr	r4, [r5, #40]	@ 0x28
100017c8:	2006      	movs	r0, #6
100017ca:	eb04 1483 	add.w	r4, r4, r3, lsl #6
100017ce:	f000 f889 	bl	100018e4 <clock_get_hz>
100017d2:	4b0f      	ldr	r3, [pc, #60]	@ (10001810 <uart_init+0x100>)
100017d4:	02a4      	lsls	r4, r4, #10
100017d6:	fba3 2300 	umull	r2, r3, r3, r0
100017da:	0adb      	lsrs	r3, r3, #11
100017dc:	2100      	movs	r1, #0
100017de:	fbb4 f0f3 	udiv	r0, r4, r3
100017e2:	f7ff ff67 	bl	100016b4 <busy_wait_us>
100017e6:	e7c5      	b.n	10001774 <uart_init+0x64>
100017e8:	f3c3 0345 	ubfx	r3, r3, #1, #6
100017ec:	4611      	mov	r1, r2
100017ee:	eb03 1682 	add.w	r6, r3, r2, lsl #6
100017f2:	461a      	mov	r2, r3
100017f4:	e7b9      	b.n	1000176a <uart_init+0x5a>
100017f6:	bf00      	nop
100017f8:	40078000 	.word	0x40078000
100017fc:	40022000 	.word	0x40022000
10001800:	40023000 	.word	0x40023000
10001804:	40020000 	.word	0x40020000
10001808:	20002ac8 	.word	0x20002ac8
1000180c:	003fffc0 	.word	0x003fffc0
10001810:	8f2b7b75 	.word	0x8f2b7b75

10001814 <clock_configure_undivided>:
10001814:	eb00 0c40 	add.w	ip, r0, r0, lsl #1
10001818:	ea4f 0c8c 	mov.w	ip, ip, lsl #2
1000181c:	f10c 4c80 	add.w	ip, ip, #1073741824	@ 0x40000000
10001820:	f50c 3c80 	add.w	ip, ip, #65536	@ 0x10000
10001824:	b5f0      	push	{r4, r5, r6, r7, lr}
10001826:	4616      	mov	r6, r2
10001828:	f8dc 2004 	ldr.w	r2, [ip, #4]
1000182c:	1f05      	subs	r5, r0, #4
1000182e:	f5b2 3f80 	cmp.w	r2, #65536	@ 0x10000
10001832:	bf38      	it	cc
10001834:	f44f 3280 	movcc.w	r2, #65536	@ 0x10000
10001838:	b2ed      	uxtb	r5, r5
1000183a:	bf38      	it	cc
1000183c:	f8cc 2004 	strcc.w	r2, [ip, #4]
10001840:	2d01      	cmp	r5, #1
10001842:	d92a      	bls.n	1000189a <clock_configure_undivided+0x86>
10001844:	f44f 6700 	mov.w	r7, #2048	@ 0x800
10001848:	4c25      	ldr	r4, [pc, #148]	@ (100018e0 <clock_configure_undivided+0xcc>)
1000184a:	f50c 5240 	add.w	r2, ip, #12288	@ 0x3000
1000184e:	6017      	str	r7, [r2, #0]
10001850:	f854 2020 	ldr.w	r2, [r4, r0, lsl #2]
10001854:	b9b2      	cbnz	r2, 10001884 <clock_configure_undivided+0x70>
10001856:	f8dc 2000 	ldr.w	r2, [ip]
1000185a:	2d01      	cmp	r5, #1
1000185c:	ea82 1246 	eor.w	r2, r2, r6, lsl #5
10001860:	f002 02e0 	and.w	r2, r2, #224	@ 0xe0
10001864:	f50c 5680 	add.w	r6, ip, #4096	@ 0x1000
10001868:	6032      	str	r2, [r6, #0]
1000186a:	d92a      	bls.n	100018c2 <clock_configure_undivided+0xae>
1000186c:	f44f 6100 	mov.w	r1, #2048	@ 0x800
10001870:	f844 3020 	str.w	r3, [r4, r0, lsl #2]
10001874:	f44f 3380 	mov.w	r3, #65536	@ 0x10000
10001878:	f50c 5200 	add.w	r2, ip, #8192	@ 0x2000
1000187c:	6011      	str	r1, [r2, #0]
1000187e:	f8cc 3004 	str.w	r3, [ip, #4]
10001882:	bdf0      	pop	{r4, r5, r6, r7, pc}
10001884:	6967      	ldr	r7, [r4, #20]
10001886:	fbb7 fef2 	udiv	lr, r7, r2
1000188a:	f10e 0e01 	add.w	lr, lr, #1
1000188e:	eb0e 0e4e 	add.w	lr, lr, lr, lsl #1
10001892:	f1be 0e03 	subs.w	lr, lr, #3
10001896:	d2fc      	bcs.n	10001892 <clock_configure_undivided+0x7e>
10001898:	e7dd      	b.n	10001856 <clock_configure_undivided+0x42>
1000189a:	2901      	cmp	r1, #1
1000189c:	d1d2      	bne.n	10001844 <clock_configure_undivided+0x30>
1000189e:	2403      	movs	r4, #3
100018a0:	f50c 5240 	add.w	r2, ip, #12288	@ 0x3000
100018a4:	6014      	str	r4, [r2, #0]
100018a6:	f8dc 2008 	ldr.w	r2, [ip, #8]
100018aa:	07d2      	lsls	r2, r2, #31
100018ac:	d5fb      	bpl.n	100018a6 <clock_configure_undivided+0x92>
100018ae:	f8dc 2000 	ldr.w	r2, [ip]
100018b2:	4c0b      	ldr	r4, [pc, #44]	@ (100018e0 <clock_configure_undivided+0xcc>)
100018b4:	ea82 1246 	eor.w	r2, r2, r6, lsl #5
100018b8:	f002 02e0 	and.w	r2, r2, #224	@ 0xe0
100018bc:	f50c 5680 	add.w	r6, ip, #4096	@ 0x1000
100018c0:	6032      	str	r2, [r6, #0]
100018c2:	2201      	movs	r2, #1
100018c4:	f8dc 5000 	ldr.w	r5, [ip]
100018c8:	404d      	eors	r5, r1
100018ca:	f005 0503 	and.w	r5, r5, #3
100018ce:	6035      	str	r5, [r6, #0]
100018d0:	fa02 f101 	lsl.w	r1, r2, r1
100018d4:	f8dc 2008 	ldr.w	r2, [ip, #8]
100018d8:	420a      	tst	r2, r1
100018da:	d0fb      	beq.n	100018d4 <clock_configure_undivided+0xc0>
100018dc:	e7c6      	b.n	1000186c <clock_configure_undivided+0x58>
100018de:	bf00      	nop
100018e0:	200024c0 	.word	0x200024c0

100018e4 <clock_get_hz>:
100018e4:	4b01      	ldr	r3, [pc, #4]	@ (100018ec <clock_get_hz+0x8>)
100018e6:	f853 0020 	ldr.w	r0, [r3, r0, lsl #2]
100018ea:	4770      	bx	lr
100018ec:	200024c0 	.word	0x200024c0

100018f0 <pll_init>:
100018f0:	b470      	push	{r4, r5, r6}
100018f2:	9d03      	ldr	r5, [sp, #12]
100018f4:	6804      	ldr	r4, [r0, #0]
100018f6:	032d      	lsls	r5, r5, #12
100018f8:	ea45 4503 	orr.w	r5, r5, r3, lsl #16
100018fc:	4b1b      	ldr	r3, [pc, #108]	@ (1000196c <pll_init+0x7c>)
100018fe:	2c00      	cmp	r4, #0
10001900:	fbb3 f3f1 	udiv	r3, r3, r1
10001904:	fbb2 f6f3 	udiv	r6, r2, r3
10001908:	db1f      	blt.n	1000194a <pll_init+0x5a>
1000190a:	4a19      	ldr	r2, [pc, #100]	@ (10001970 <pll_init+0x80>)
1000190c:	4b19      	ldr	r3, [pc, #100]	@ (10001974 <pll_init+0x84>)
1000190e:	4290      	cmp	r0, r2
10001910:	bf14      	ite	ne
10001912:	f44f 4280 	movne.w	r2, #16384	@ 0x4000
10001916:	f44f 4200 	moveq.w	r2, #32768	@ 0x8000
1000191a:	4c17      	ldr	r4, [pc, #92]	@ (10001978 <pll_init+0x88>)
1000191c:	601a      	str	r2, [r3, #0]
1000191e:	f503 5380 	add.w	r3, r3, #4096	@ 0x1000
10001922:	601a      	str	r2, [r3, #0]
10001924:	68a3      	ldr	r3, [r4, #8]
10001926:	ea32 0303 	bics.w	r3, r2, r3
1000192a:	d1fb      	bne.n	10001924 <pll_init+0x34>
1000192c:	2221      	movs	r2, #33	@ 0x21
1000192e:	f500 5340 	add.w	r3, r0, #12288	@ 0x3000
10001932:	3304      	adds	r3, #4
10001934:	6001      	str	r1, [r0, #0]
10001936:	6086      	str	r6, [r0, #8]
10001938:	601a      	str	r2, [r3, #0]
1000193a:	6802      	ldr	r2, [r0, #0]
1000193c:	2a00      	cmp	r2, #0
1000193e:	dafc      	bge.n	1000193a <pll_init+0x4a>
10001940:	2208      	movs	r2, #8
10001942:	60c5      	str	r5, [r0, #12]
10001944:	601a      	str	r2, [r3, #0]
10001946:	bc70      	pop	{r4, r5, r6}
10001948:	4770      	bx	lr
1000194a:	6803      	ldr	r3, [r0, #0]
1000194c:	f003 033f 	and.w	r3, r3, #63	@ 0x3f
10001950:	428b      	cmp	r3, r1
10001952:	d1da      	bne.n	1000190a <pll_init+0x1a>
10001954:	6883      	ldr	r3, [r0, #8]
10001956:	f3c3 030b 	ubfx	r3, r3, #0, #12
1000195a:	42b3      	cmp	r3, r6
1000195c:	d1d5      	bne.n	1000190a <pll_init+0x1a>
1000195e:	68c3      	ldr	r3, [r0, #12]
10001960:	f403 23ee 	and.w	r3, r3, #487424	@ 0x77000
10001964:	42ab      	cmp	r3, r5
10001966:	d1d0      	bne.n	1000190a <pll_init+0x1a>
10001968:	e7ed      	b.n	10001946 <pll_init+0x56>
1000196a:	bf00      	nop
1000196c:	00b71b00 	.word	0x00b71b00
10001970:	40058000 	.word	0x40058000
10001974:	40022000 	.word	0x40022000
10001978:	40020000 	.word	0x40020000

1000197c <watchdog_reboot>:
1000197c:	b430      	push	{r4, r5}
1000197e:	f04f 4480 	mov.w	r4, #1073741824	@ 0x40000000
10001982:	4b1c      	ldr	r3, [pc, #112]	@ (100019f4 <watchdog_reboot+0x78>)
10001984:	601c      	str	r4, [r3, #0]
10001986:	b1e0      	cbz	r0, 100019c2 <watchdog_reboot+0x46>
10001988:	4c1b      	ldr	r4, [pc, #108]	@ (100019f8 <watchdog_reboot+0x7c>)
1000198a:	f5a3 5340 	sub.w	r3, r3, #12288	@ 0x3000
1000198e:	61dc      	str	r4, [r3, #28]
10001990:	4c1a      	ldr	r4, [pc, #104]	@ (100019fc <watchdog_reboot+0x80>)
10001992:	f040 0001 	orr.w	r0, r0, #1
10001996:	4044      	eors	r4, r0
10001998:	621c      	str	r4, [r3, #32]
1000199a:	6259      	str	r1, [r3, #36]	@ 0x24
1000199c:	6298      	str	r0, [r3, #40]	@ 0x28
1000199e:	f04f 4580 	mov.w	r5, #1073741824	@ 0x40000000
100019a2:	f04f 61e0 	mov.w	r1, #117440512	@ 0x7000000
100019a6:	4b13      	ldr	r3, [pc, #76]	@ (100019f4 <watchdog_reboot+0x78>)
100019a8:	4815      	ldr	r0, [pc, #84]	@ (10001a00 <watchdog_reboot+0x84>)
100019aa:	4c16      	ldr	r4, [pc, #88]	@ (10001a04 <watchdog_reboot+0x88>)
100019ac:	601d      	str	r5, [r3, #0]
100019ae:	6084      	str	r4, [r0, #8]
100019b0:	6019      	str	r1, [r3, #0]
100019b2:	b94a      	cbnz	r2, 100019c8 <watchdog_reboot+0x4c>
100019b4:	bc30      	pop	{r4, r5}
100019b6:	f04f 4200 	mov.w	r2, #2147483648	@ 0x80000000
100019ba:	f5a3 5380 	sub.w	r3, r3, #4096	@ 0x1000
100019be:	601a      	str	r2, [r3, #0]
100019c0:	4770      	bx	lr
100019c2:	4b11      	ldr	r3, [pc, #68]	@ (10001a08 <watchdog_reboot+0x8c>)
100019c4:	61d8      	str	r0, [r3, #28]
100019c6:	e7ea      	b.n	1000199e <watchdog_reboot+0x22>
100019c8:	f44f 737a 	mov.w	r3, #1000	@ 0x3e8
100019cc:	fb03 f202 	mul.w	r2, r3, r2
100019d0:	f1b2 7f80 	cmp.w	r2, #16777216	@ 0x1000000
100019d4:	bf2a      	itet	cs
100019d6:	f06f 437f 	mvncs.w	r3, #4278190080	@ 0xff000000
100019da:	4613      	movcc	r3, r2
100019dc:	461a      	movcs	r2, r3
100019de:	f04f 4180 	mov.w	r1, #1073741824	@ 0x40000000
100019e2:	4c0a      	ldr	r4, [pc, #40]	@ (10001a0c <watchdog_reboot+0x90>)
100019e4:	4808      	ldr	r0, [pc, #32]	@ (10001a08 <watchdog_reboot+0x8c>)
100019e6:	6023      	str	r3, [r4, #0]
100019e8:	4b09      	ldr	r3, [pc, #36]	@ (10001a10 <watchdog_reboot+0x94>)
100019ea:	6042      	str	r2, [r0, #4]
100019ec:	bc30      	pop	{r4, r5}
100019ee:	6019      	str	r1, [r3, #0]
100019f0:	4770      	bx	lr
100019f2:	bf00      	nop
100019f4:	400db000 	.word	0x400db000
100019f8:	b007c0d3 	.word	0xb007c0d3
100019fc:	4ff83f2d 	.word	0x4ff83f2d
10001a00:	4001a000 	.word	0x4001a000
10001a04:	01fffff3 	.word	0x01fffff3
10001a08:	400d8000 	.word	0x400d8000
10001a0c:	20002930 	.word	0x20002930
10001a10:	400da000 	.word	0x400da000

10001a14 <tick_start>:
10001a14:	2301      	movs	r3, #1
10001a16:	eb00 0040 	add.w	r0, r0, r0, lsl #1
10001a1a:	0080      	lsls	r0, r0, #2
10001a1c:	f100 4080 	add.w	r0, r0, #1073741824	@ 0x40000000
10001a20:	f500 1084 	add.w	r0, r0, #1081344	@ 0x108000
10001a24:	6041      	str	r1, [r0, #4]
10001a26:	6003      	str	r3, [r0, #0]
10001a28:	4770      	bx	lr
10001a2a:	bf00      	nop

10001a2c <rom_reboot.constprop.0.isra.0>:
10001a2c:	2300      	movs	r3, #0
10001a2e:	b570      	push	{r4, r5, r6, lr}
10001a30:	8adb      	ldrh	r3, [r3, #22]
10001a32:	4604      	mov	r4, r0
10001a34:	460d      	mov	r5, r1
10001a36:	2200      	movs	r2, #0
10001a38:	e842 f200 	tt	r2, r2
10001a3c:	0252      	lsls	r2, r2, #9
10001a3e:	bf54      	ite	pl
10001a40:	2110      	movpl	r1, #16
10001a42:	2104      	movmi	r1, #4
10001a44:	f244 2052 	movw	r0, #16978	@ 0x4252
10001a48:	4798      	blx	r3
10001a4a:	4686      	mov	lr, r0
10001a4c:	462b      	mov	r3, r5
10001a4e:	4622      	mov	r2, r4
10001a50:	46f4      	mov	ip, lr
10001a52:	e8bd 4070 	ldmia.w	sp!, {r4, r5, r6, lr}
10001a56:	210a      	movs	r1, #10
10001a58:	f44f 7081 	mov.w	r0, #258	@ 0x102
10001a5c:	4760      	bx	ip
10001a5e:	bf00      	nop

10001a60 <rom_func_lookup>:
10001a60:	2300      	movs	r3, #0
10001a62:	8adb      	ldrh	r3, [r3, #22]
10001a64:	2200      	movs	r2, #0
10001a66:	e842 f200 	tt	r2, r2
10001a6a:	0252      	lsls	r2, r2, #9
10001a6c:	d401      	bmi.n	10001a72 <rom_func_lookup+0x12>
10001a6e:	2110      	movs	r1, #16
10001a70:	4718      	bx	r3
10001a72:	2104      	movs	r1, #4
10001a74:	4718      	bx	r3
10001a76:	bf00      	nop

10001a78 <rom_reset_usb_boot_extra>:
10001a78:	b508      	push	{r3, lr}
10001a7a:	4603      	mov	r3, r0
10001a7c:	4608      	mov	r0, r1
10001a7e:	1e19      	subs	r1, r3, #0
10001a80:	db02      	blt.n	10001a88 <rom_reset_usb_boot_extra+0x10>
10001a82:	b11a      	cbz	r2, 10001a8c <rom_reset_usb_boot_extra+0x14>
10001a84:	f040 0030 	orr.w	r0, r0, #48	@ 0x30
10001a88:	f7ff ffd0 	bl	10001a2c <rom_reboot.constprop.0.isra.0>
10001a8c:	f040 0020 	orr.w	r0, r0, #32
10001a90:	e7fa      	b.n	10001a88 <rom_reset_usb_boot_extra+0x10>
10001a92:	bf00      	nop

10001a94 <runtime_init_bootrom_locking_enable>:
10001a94:	4a03      	ldr	r2, [pc, #12]	@ (10001aa4 <runtime_init_bootrom_locking_enable+0x10>)
10001a96:	f8d2 3828 	ldr.w	r3, [r2, #2088]	@ 0x828
10001a9a:	2b00      	cmp	r3, #0
10001a9c:	d0fb      	beq.n	10001a96 <runtime_init_bootrom_locking_enable+0x2>
10001a9e:	f3bf 8f5f 	dmb	sy
10001aa2:	4770      	bx	lr
10001aa4:	400e0000 	.word	0x400e0000

10001aa8 <runtime_init_boot_locks_reset>:
10001aa8:	2100      	movs	r1, #0
10001aaa:	4b04      	ldr	r3, [pc, #16]	@ (10001abc <runtime_init_boot_locks_reset+0x14>)
10001aac:	4a04      	ldr	r2, [pc, #16]	@ (10001ac0 <runtime_init_boot_locks_reset+0x18>)
10001aae:	f3bf 8f5f 	dmb	sy
10001ab2:	f843 1b04 	str.w	r1, [r3], #4
10001ab6:	4293      	cmp	r3, r2
10001ab8:	d1f9      	bne.n	10001aae <runtime_init_boot_locks_reset+0x6>
10001aba:	4770      	bx	lr
10001abc:	400e080c 	.word	0x400e080c
10001ac0:	400e082c 	.word	0x400e082c

10001ac4 <xosc_init>:
10001ac4:	b410      	push	{r4}
10001ac6:	f44f 708d 	mov.w	r0, #282	@ 0x11a
10001aca:	f44f 642a 	mov.w	r4, #2720	@ 0xaa0
10001ace:	4a06      	ldr	r2, [pc, #24]	@ (10001ae8 <xosc_init+0x24>)
10001ad0:	4b06      	ldr	r3, [pc, #24]	@ (10001aec <xosc_init+0x28>)
10001ad2:	4907      	ldr	r1, [pc, #28]	@ (10001af0 <xosc_init+0x2c>)
10001ad4:	6014      	str	r4, [r2, #0]
10001ad6:	60d0      	str	r0, [r2, #12]
10001ad8:	6019      	str	r1, [r3, #0]
10001ada:	6853      	ldr	r3, [r2, #4]
10001adc:	2b00      	cmp	r3, #0
10001ade:	dafc      	bge.n	10001ada <xosc_init+0x16>
10001ae0:	f85d 4b04 	ldr.w	r4, [sp], #4
10001ae4:	4770      	bx	lr
10001ae6:	bf00      	nop
10001ae8:	40048000 	.word	0x40048000
10001aec:	4004a000 	.word	0x4004a000
10001af0:	00fab000 	.word	0x00fab000

10001af4 <first_per_core_initializer>:
10001af4:	4770      	bx	lr
10001af6:	bf00      	nop

10001af8 <hard_assertion_failure>:
10001af8:	b508      	push	{r3, lr}
10001afa:	4801      	ldr	r0, [pc, #4]	@ (10001b00 <hard_assertion_failure+0x8>)
10001afc:	f7fe ff20 	bl	10000940 <panic>
10001b00:	10009244 	.word	0x10009244

10001b04 <runtime_run_initializers>:
10001b04:	b538      	push	{r3, r4, r5, lr}
10001b06:	4c05      	ldr	r4, [pc, #20]	@ (10001b1c <runtime_run_initializers+0x18>)
10001b08:	4d05      	ldr	r5, [pc, #20]	@ (10001b20 <runtime_run_initializers+0x1c>)
10001b0a:	42ac      	cmp	r4, r5
10001b0c:	d204      	bcs.n	10001b18 <runtime_run_initializers+0x14>
10001b0e:	f854 3b04 	ldr.w	r3, [r4], #4
10001b12:	4798      	blx	r3
10001b14:	42ac      	cmp	r4, r5
10001b16:	d3fa      	bcc.n	10001b0e <runtime_run_initializers+0xa>
10001b18:	bd38      	pop	{r3, r4, r5, pc}
10001b1a:	bf00      	nop
10001b1c:	10008dc0 	.word	0x10008dc0
10001b20:	10008e00 	.word	0x10008e00

10001b24 <runtime_init_early_resets>:
10001b24:	b410      	push	{r4}
10001b26:	4807      	ldr	r0, [pc, #28]	@ (10001b44 <runtime_init_early_resets+0x20>)
10001b28:	4c07      	ldr	r4, [pc, #28]	@ (10001b48 <runtime_init_early_resets+0x24>)
10001b2a:	4b08      	ldr	r3, [pc, #32]	@ (10001b4c <runtime_init_early_resets+0x28>)
10001b2c:	4a08      	ldr	r2, [pc, #32]	@ (10001b50 <runtime_init_early_resets+0x2c>)
10001b2e:	4909      	ldr	r1, [pc, #36]	@ (10001b54 <runtime_init_early_resets+0x30>)
10001b30:	6004      	str	r4, [r0, #0]
10001b32:	601a      	str	r2, [r3, #0]
10001b34:	688b      	ldr	r3, [r1, #8]
10001b36:	ea32 0303 	bics.w	r3, r2, r3
10001b3a:	d1fb      	bne.n	10001b34 <runtime_init_early_resets+0x10>
10001b3c:	f85d 4b04 	ldr.w	r4, [sp], #4
10001b40:	4770      	bx	lr
10001b42:	bf00      	nop
10001b44:	40022000 	.word	0x40022000
10001b48:	efef3b7f 	.word	0xefef3b7f
10001b4c:	40023000 	.word	0x40023000
10001b50:	03f3fff6 	.word	0x03f3fff6
10001b54:	40020000 	.word	0x40020000

10001b58 <runtime_init_usb_power_down>:
10001b58:	4b04      	ldr	r3, [pc, #16]	@ (10001b6c <runtime_init_usb_power_down+0x14>)
10001b5a:	6cdb      	ldr	r3, [r3, #76]	@ 0x4c
10001b5c:	f5b3 4f00 	cmp.w	r3, #32768	@ 0x8000
10001b60:	d103      	bne.n	10001b6a <runtime_init_usb_power_down+0x12>
10001b62:	f44f 2280 	mov.w	r2, #262144	@ 0x40000
10001b66:	4b02      	ldr	r3, [pc, #8]	@ (10001b70 <runtime_init_usb_power_down+0x18>)
10001b68:	64da      	str	r2, [r3, #76]	@ 0x4c
10001b6a:	4770      	bx	lr
10001b6c:	50110000 	.word	0x50110000
10001b70:	50112000 	.word	0x50112000

10001b74 <runtime_init_per_core_enable_coprocessors>:
10001b74:	f04f 22e0 	mov.w	r2, #3758153728	@ 0xe000e000
10001b78:	4b04      	ldr	r3, [pc, #16]	@ (10001b8c <runtime_init_per_core_enable_coprocessors+0x18>)
10001b7a:	f8d2 1d88 	ldr.w	r1, [r2, #3464]	@ 0xd88
10001b7e:	430b      	orrs	r3, r1
10001b80:	f8c2 3d88 	str.w	r3, [r2, #3464]	@ 0xd88
10001b84:	ee10 0430 			dcp_rcmp r0
10001b88:	4770      	bx	lr
10001b8a:	bf00      	nop
10001b8c:	00300303 	.word	0x00300303

10001b90 <runtime_init_post_clock_resets>:
10001b90:	f06f 4160 	mvn.w	r1, #3758096384	@ 0xe0000000
10001b94:	4b04      	ldr	r3, [pc, #16]	@ (10001ba8 <runtime_init_post_clock_resets+0x18>)
10001b96:	4a05      	ldr	r2, [pc, #20]	@ (10001bac <runtime_init_post_clock_resets+0x1c>)
10001b98:	6019      	str	r1, [r3, #0]
10001b9a:	6893      	ldr	r3, [r2, #8]
10001b9c:	43db      	mvns	r3, r3
10001b9e:	f033 4360 	bics.w	r3, r3, #3758096384	@ 0xe0000000
10001ba2:	d1fa      	bne.n	10001b9a <runtime_init_post_clock_resets+0xa>
10001ba4:	4770      	bx	lr
10001ba6:	bf00      	nop
10001ba8:	40023000 	.word	0x40023000
10001bac:	40020000 	.word	0x40020000

10001bb0 <runtime_init_bootrom_reset>:
10001bb0:	b510      	push	{r4, lr}
10001bb2:	f245 2053 	movw	r0, #21075	@ 0x5253
10001bb6:	f7ff ff53 	bl	10001a60 <rom_func_lookup>
10001bba:	e8bd 4010 	ldmia.w	sp!, {r4, lr}
10001bbe:	4603      	mov	r3, r0
10001bc0:	2004      	movs	r0, #4
10001bc2:	4718      	bx	r3

10001bc4 <runtime_init_per_core_bootrom_reset>:
10001bc4:	b510      	push	{r4, lr}
10001bc6:	f245 2053 	movw	r0, #21075	@ 0x5253
10001bca:	f7ff ff49 	bl	10001a60 <rom_func_lookup>
10001bce:	e8bd 4010 	ldmia.w	sp!, {r4, lr}
10001bd2:	4603      	mov	r3, r0
10001bd4:	2001      	movs	r0, #1
10001bd6:	4718      	bx	r3

10001bd8 <runtime_init_spin_locks_reset>:
10001bd8:	f7fe bf5a 	b.w	10000a90 <spin_locks_reset>

10001bdc <runtime_init_install_ram_vector_table>:
10001bdc:	b510      	push	{r4, lr}
10001bde:	4b05      	ldr	r3, [pc, #20]	@ (10001bf4 <runtime_init_install_ram_vector_table+0x18>)
10001be0:	4c05      	ldr	r4, [pc, #20]	@ (10001bf8 <runtime_init_install_ram_vector_table+0x1c>)
10001be2:	f44f 7288 	mov.w	r2, #272	@ 0x110
10001be6:	4618      	mov	r0, r3
10001be8:	68a1      	ldr	r1, [r4, #8]
10001bea:	f006 fec7 	bl	1000897c <memcpy>
10001bee:	60a0      	str	r0, [r4, #8]
10001bf0:	bd10      	pop	{r4, pc}
10001bf2:	bf00      	nop
10001bf4:	20000000 	.word	0x20000000
10001bf8:	e000ed00 	.word	0xe000ed00

10001bfc <runtime_init_clocks>:
10001bfc:	2300      	movs	r3, #0
10001bfe:	b570      	push	{r4, r5, r6, lr}
10001c00:	4c2b      	ldr	r4, [pc, #172]	@ (10001cb0 <runtime_init_clocks+0xb4>)
10001c02:	b082      	sub	sp, #8
10001c04:	f8c4 3084 	str.w	r3, [r4, #132]	@ 0x84
10001c08:	f7ff ff5c 	bl	10001ac4 <xosc_init>
10001c0c:	2201      	movs	r2, #1
10001c0e:	4b29      	ldr	r3, [pc, #164]	@ (10001cb4 <runtime_init_clocks+0xb8>)
10001c10:	63da      	str	r2, [r3, #60]	@ 0x3c
10001c12:	6c63      	ldr	r3, [r4, #68]	@ 0x44
10001c14:	2b01      	cmp	r3, #1
10001c16:	d1fc      	bne.n	10001c12 <runtime_init_clocks+0x16>
10001c18:	2103      	movs	r1, #3
10001c1a:	4a26      	ldr	r2, [pc, #152]	@ (10001cb4 <runtime_init_clocks+0xb8>)
10001c1c:	4b24      	ldr	r3, [pc, #144]	@ (10001cb0 <runtime_init_clocks+0xb4>)
10001c1e:	6311      	str	r1, [r2, #48]	@ 0x30
10001c20:	6b9c      	ldr	r4, [r3, #56]	@ 0x38
10001c22:	2c01      	cmp	r4, #1
10001c24:	d1fc      	bne.n	10001c20 <runtime_init_clocks+0x24>
10001c26:	2602      	movs	r6, #2
10001c28:	2505      	movs	r5, #5
10001c2a:	4621      	mov	r1, r4
10001c2c:	2305      	movs	r3, #5
10001c2e:	4a22      	ldr	r2, [pc, #136]	@ (10001cb8 <runtime_init_clocks+0xbc>)
10001c30:	4822      	ldr	r0, [pc, #136]	@ (10001cbc <runtime_init_clocks+0xc0>)
10001c32:	9600      	str	r6, [sp, #0]
10001c34:	f7ff fe5c 	bl	100018f0 <pll_init>
10001c38:	4621      	mov	r1, r4
10001c3a:	462b      	mov	r3, r5
10001c3c:	4a20      	ldr	r2, [pc, #128]	@ (10001cc0 <runtime_init_clocks+0xc4>)
10001c3e:	4821      	ldr	r0, [pc, #132]	@ (10001cc4 <runtime_init_clocks+0xc8>)
10001c40:	9500      	str	r5, [sp, #0]
10001c42:	f7ff fe55 	bl	100018f0 <pll_init>
10001c46:	2200      	movs	r2, #0
10001c48:	2004      	movs	r0, #4
10001c4a:	4631      	mov	r1, r6
10001c4c:	4b1e      	ldr	r3, [pc, #120]	@ (10001cc8 <runtime_init_clocks+0xcc>)
10001c4e:	f7ff fde1 	bl	10001814 <clock_configure_undivided>
10001c52:	4621      	mov	r1, r4
10001c54:	4628      	mov	r0, r5
10001c56:	2200      	movs	r2, #0
10001c58:	4b1c      	ldr	r3, [pc, #112]	@ (10001ccc <runtime_init_clocks+0xd0>)
10001c5a:	f7ff fddb 	bl	10001814 <clock_configure_undivided>
10001c5e:	2200      	movs	r2, #0
10001c60:	2008      	movs	r0, #8
10001c62:	4611      	mov	r1, r2
10001c64:	4b1a      	ldr	r3, [pc, #104]	@ (10001cd0 <runtime_init_clocks+0xd4>)
10001c66:	f7ff fdd5 	bl	10001814 <clock_configure_undivided>
10001c6a:	2200      	movs	r2, #0
10001c6c:	2009      	movs	r0, #9
10001c6e:	4611      	mov	r1, r2
10001c70:	4b17      	ldr	r3, [pc, #92]	@ (10001cd0 <runtime_init_clocks+0xd4>)
10001c72:	f7ff fdcf 	bl	10001814 <clock_configure_undivided>
10001c76:	2200      	movs	r2, #0
10001c78:	2006      	movs	r0, #6
10001c7a:	4611      	mov	r1, r2
10001c7c:	4b13      	ldr	r3, [pc, #76]	@ (10001ccc <runtime_init_clocks+0xd0>)
10001c7e:	f7ff fdc9 	bl	10001814 <clock_configure_undivided>
10001c82:	2200      	movs	r2, #0
10001c84:	4b11      	ldr	r3, [pc, #68]	@ (10001ccc <runtime_init_clocks+0xd0>)
10001c86:	2007      	movs	r0, #7
10001c88:	4611      	mov	r1, r2
10001c8a:	f7ff fdc3 	bl	10001814 <clock_configure_undivided>
10001c8e:	2004      	movs	r0, #4
10001c90:	f7ff fe28 	bl	100018e4 <clock_get_hz>
10001c94:	2400      	movs	r4, #0
10001c96:	4b0f      	ldr	r3, [pc, #60]	@ (10001cd4 <runtime_init_clocks+0xd8>)
10001c98:	fba3 3500 	umull	r3, r5, r3, r0
10001c9c:	0cad      	lsrs	r5, r5, #18
10001c9e:	b2e0      	uxtb	r0, r4
10001ca0:	4629      	mov	r1, r5
10001ca2:	3401      	adds	r4, #1
10001ca4:	f7ff feb6 	bl	10001a14 <tick_start>
10001ca8:	2c06      	cmp	r4, #6
10001caa:	d1f8      	bne.n	10001c9e <runtime_init_clocks+0xa2>
10001cac:	b002      	add	sp, #8
10001cae:	bd70      	pop	{r4, r5, r6, pc}
10001cb0:	40010000 	.word	0x40010000
10001cb4:	40013000 	.word	0x40013000
10001cb8:	59682f00 	.word	0x59682f00
10001cbc:	40050000 	.word	0x40050000
10001cc0:	47868c00 	.word	0x47868c00
10001cc4:	40058000 	.word	0x40058000
10001cc8:	00b71b00 	.word	0x00b71b00
10001ccc:	08f0d180 	.word	0x08f0d180
10001cd0:	02dc6c00 	.word	0x02dc6c00
10001cd4:	431bde83 	.word	0x431bde83

10001cd8 <generic_save_state>:
10001cd8:	b086      	sub	sp, #24
10001cda:	b403      	push	{r0, r1}
10001cdc:	fc51 0408 	dcp_pxmd r0, r1
10001ce0:	e9cd 0102 	strd	r0, r1, [sp, #8]
10001ce4:	fc51 0409 	dcp_pymd r0, r1
10001ce8:	e9cd 0104 	strd	r0, r1, [sp, #16]
10001cec:	ec51 040a 	dcp_refd r0, r1
10001cf0:	e9cd 0106 	strd	r0, r1, [sp, #24]
10001cf4:	bc03      	pop	{r0, r1}
10001cf6:	47f0      	blx	lr

10001cf8 <generic_restore_state>:
10001cf8:	e8bd 5000 	ldmia.w	sp!, {ip, lr}
10001cfc:	ec4e c400 	dcp_wxmd ip, lr
10001d00:	e8bd 5000 	ldmia.w	sp!, {ip, lr}
10001d04:	ec4e c401 	dcp_wymd ip, lr
10001d08:	e8bd 5000 	ldmia.w	sp!, {ip, lr}
10001d0c:	ec4e c402 	dcp_wefd ip, lr
10001d10:	bd00      	pop	{pc}
10001d12:	0000      	movs	r0, r0
10001d14:	b500      	push	{lr}
10001d16:	f7ff ffdf 	bl	10001cd8 <generic_save_state>
10001d1a:	e002      	b.n	10001d22 <__wrap___aeabi_dadd+0x6>

10001d1c <__wrap___aeabi_dadd>:
10001d1c:	fe10 f430 	dcp_pcmp APSR_nzcv
10001d20:	d4f8      	bmi.n	10001d14 <generic_restore_state+0x1c>
10001d22:	ec41 0410 	dcp_wxup r0, r1
10001d26:	ec43 2411 	dcp_wyup r2, r3
10001d2a:	ee00 0401 			dcp_add0
10001d2e:	ee10 0401 			dcp_add1
10001d32:	ee80 0420 			dcp_nrdd
10001d36:	ec51 0410 	dcp_rdda r0, r1
10001d3a:	4770      	bx	lr
10001d3c:	b500      	push	{lr}
10001d3e:	f7ff ffcb 	bl	10001cd8 <generic_save_state>
10001d42:	e002      	b.n	10001d4a <__wrap___aeabi_dsub+0x6>

10001d44 <__wrap___aeabi_dsub>:
10001d44:	fe10 f430 	dcp_pcmp APSR_nzcv
10001d48:	d4f8      	bmi.n	10001d3c <__wrap___aeabi_dadd+0x20>
10001d4a:	ec41 0410 	dcp_wxup r0, r1
10001d4e:	ec43 2411 	dcp_wyup r2, r3
10001d52:	ee00 0401 			dcp_add0
10001d56:	ee10 0421 			dcp_sub1
10001d5a:	ee80 0420 			dcp_nrdd
10001d5e:	ec51 0430 	dcp_rdds r0, r1
10001d62:	4770      	bx	lr
10001d64:	b500      	push	{lr}
10001d66:	f7ff ffb7 	bl	10001cd8 <generic_save_state>
10001d6a:	e002      	b.n	10001d72 <__wrap___aeabi_dmul+0x6>

10001d6c <__wrap___aeabi_dmul>:
10001d6c:	fe10 f430 	dcp_pcmp APSR_nzcv
10001d70:	d4f8      	bmi.n	10001d64 <__wrap___aeabi_dsub+0x20>
10001d72:	b510      	push	{r4, lr}
10001d74:	ec41 0410 	dcp_wxup r0, r1
10001d78:	ec43 2411 	dcp_wyup r2, r3
10001d7c:	ec51 0404 	dcp_rxms r0, r1, #0x0
10001d80:	ec53 2405 	dcp_ryms r2, r3, #0x0
10001d84:	fba0 4c02 	umull	r4, ip, r0, r2
10001d88:	f05f 0e00 	movs.w	lr, #0
10001d8c:	fbe0 ce03 	umlal	ip, lr, r0, r3
10001d90:	fbe1 ce02 	umlal	ip, lr, r1, r2
10001d94:	ec4c 4420 	dcp_wxms r4, ip
10001d98:	2400      	movs	r4, #0
10001d9a:	fbe1 e403 	umlal	lr, r4, r1, r3
10001d9e:	ec44 e430 	dcp_wxmo lr, r4
10001da2:	ee80 0420 			dcp_nrdd
10001da6:	ec51 0450 	dcp_rddm r0, r1
10001daa:	e8bd 4010 	ldmia.w	sp!, {r4, lr}
10001dae:	4770      	bx	lr
10001db0:	b500      	push	{lr}
10001db2:	f7ff ff91 	bl	10001cd8 <generic_save_state>
10001db6:	e002      	b.n	10001dbe <__wrap___aeabi_ddiv+0x6>

10001db8 <__wrap___aeabi_ddiv>:
10001db8:	fe10 f430 	dcp_pcmp APSR_nzcv
10001dbc:	d4f8      	bmi.n	10001db0 <__wrap___aeabi_dmul+0x44>
10001dbe:	ec41 0410 	dcp_wxup r0, r1
10001dc2:	ec43 2411 	dcp_wyup r2, r3
10001dc6:	ec51 0421 	dcp_rymr r0, r1
10001dca:	fba0 1201 	umull	r1, r2, r0, r1
10001dce:	ea6f 0282 	mvn.w	r2, r2, lsl #2
10001dd2:	fb52 0010 	smmlar	r0, r2, r0, r0
10001dd6:	fb52 f212 	smmulr	r2, r2, r2
10001dda:	fb52 0010 	smmlar	r0, r2, r0, r0
10001dde:	eba0 7cd0 	sub.w	ip, r0, r0, lsr #31
10001de2:	ec53 2404 	dcp_rxms r2, r3, #0x0
10001de6:	fb5c f113 	smmulr	r1, ip, r3
10001dea:	ec53 2415 	dcp_ryms r2, r3, #0x1
10001dee:	fba1 2002 	umull	r2, r0, r1, r2
10001df2:	fb01 0003 	mla	r0, r1, r3, r0
10001df6:	ec53 2444 	dcp_rxms r2, r3, #0x4
10001dfa:	eba2 0000 	sub.w	r0, r2, r0
10001dfe:	fb50 f21c 	smmulr	r2, r0, ip
10001e02:	ea4f 1311 	mov.w	r3, r1, lsr #4
10001e06:	eb12 7001 	adds.w	r0, r2, r1, lsl #28
10001e0a:	eb43 71e2 	adc.w	r1, r3, r2, asr #31
10001e0e:	ea40 5051 	orr.w	r0, r0, r1, lsr #21
10001e12:	ea20 5091 	bic.w	r0, r0, r1, lsr #22
10001e16:	f020 0007 	bic.w	r0, r0, #7
10001e1a:	ec53 2475 	dcp_ryms r2, r3, #0x7
10001e1e:	fba0 3c02 	umull	r3, ip, r0, r2
10001e22:	ec53 2475 	dcp_ryms r2, r3, #0x7
10001e26:	fb00 cc03 	mla	ip, r0, r3, ip
10001e2a:	fb01 cc02 	mla	ip, r1, r2, ip
10001e2e:	ec53 2404 	dcp_rxms r2, r3, #0x0
10001e32:	ebac 4c82 	sub.w	ip, ip, r2, lsl #18
10001e36:	ea40 705c 	orr.w	r0, r0, ip, lsr #29
10001e3a:	f1a0 0001 	sub.w	r0, r0, #1
10001e3e:	ec41 0440 	dcp_wxdd r0, r1
10001e42:	ee80 0420 			dcp_nrdd
10001e46:	ec51 0470 	dcp_rddd r0, r1
10001e4a:	4770      	bx	lr
10001e4c:	b500      	push	{lr}
10001e4e:	f7ff ff43 	bl	10001cd8 <generic_save_state>
10001e52:	e002      	b.n	10001e5a <__wrap___aeabi_i2d+0x6>

10001e54 <__wrap___aeabi_i2d>:
10001e54:	fe10 f430 	dcp_pcmp APSR_nzcv
10001e58:	d4f8      	bmi.n	10001e4c <__wrap___aeabi_ddiv+0x94>
10001e5a:	ec40 0470 	dcp_wxic r0, r0
10001e5e:	ee00 0401 			dcp_add0
10001e62:	ee10 0421 			dcp_sub1
10001e66:	ee80 0420 			dcp_nrdd
10001e6a:	ec51 0430 	dcp_rdds r0, r1
10001e6e:	4770      	bx	lr
10001e70:	b500      	push	{lr}
10001e72:	f7ff ff31 	bl	10001cd8 <generic_save_state>
10001e76:	e002      	b.n	10001e7e <__wrap___aeabi_ui2d+0x6>

10001e78 <__wrap___aeabi_ui2d>:
10001e78:	fe10 f430 	dcp_pcmp APSR_nzcv
10001e7c:	d4f8      	bmi.n	10001e70 <__wrap___aeabi_i2d+0x1c>
10001e7e:	ec40 0460 	dcp_wxuc r0, r0
10001e82:	ee00 0401 			dcp_add0
10001e86:	ee10 0421 			dcp_sub1
10001e8a:	ee80 0420 			dcp_nrdd
10001e8e:	ec51 0430 	dcp_rdds r0, r1
10001e92:	4770      	bx	lr
10001e94:	b500      	push	{lr}
10001e96:	f7ff ff1f 	bl	10001cd8 <generic_save_state>
10001e9a:	e002      	b.n	10001ea2 <double2int_z_entry>

10001e9c <__wrap___aeabi_d2iz>:
10001e9c:	fe10 f430 	dcp_pcmp APSR_nzcv
10001ea0:	d4f8      	bmi.n	10001e94 <__wrap___aeabi_ui2d+0x1c>

10001ea2 <double2int_z_entry>:
10001ea2:	ec41 0480 	dcp_wxdc r0, r1
10001ea6:	ee00 0401 			dcp_add0
10001eaa:	ee10 0401 			dcp_add1
10001eae:	ee80 0440 			dcp_ntdc
10001eb2:	ee10 0413 			dcp_rdic r0
10001eb6:	4770      	bx	lr
10001eb8:	b500      	push	{lr}
10001eba:	f7ff ff0d 	bl	10001cd8 <generic_save_state>
10001ebe:	e002      	b.n	10001ec6 <double2uint_z_entry>

10001ec0 <__wrap___aeabi_d2uiz>:
10001ec0:	fe10 f430 	dcp_pcmp APSR_nzcv
10001ec4:	d4f8      	bmi.n	10001eb8 <double2int_z_entry+0x16>

10001ec6 <double2uint_z_entry>:
10001ec6:	ec41 0480 	dcp_wxdc r0, r1
10001eca:	ee00 0401 			dcp_add0
10001ece:	ee10 0401 			dcp_add1
10001ed2:	ee80 0440 			dcp_ntdc
10001ed6:	ee10 0433 			dcp_rduc r0
10001eda:	4770      	bx	lr
10001edc:	b500      	push	{lr}
10001ede:	f7ff fefb 	bl	10001cd8 <generic_save_state>
10001ee2:	e002      	b.n	10001eea <__wrap___aeabi_dcmpun+0x6>

10001ee4 <__wrap___aeabi_dcmpun>:
10001ee4:	fe10 f430 	dcp_pcmp APSR_nzcv
10001ee8:	d4f8      	bmi.n	10001edc <double2uint_z_entry+0x16>
10001eea:	ec41 0410 	dcp_wxup r0, r1
10001eee:	ec43 2411 	dcp_wyup r2, r3
10001ef2:	ee00 0401 			dcp_add0
10001ef6:	ee10 0430 			dcp_rcmp r0
10001efa:	f3c0 7000 	ubfx	r0, r0, #28, #1
10001efe:	4770      	bx	lr
10001f00:	b500      	push	{lr}
10001f02:	f7ff fee9 	bl	10001cd8 <generic_save_state>
10001f06:	e002      	b.n	10001f0e <__wrap___aeabi_dcmplt+0x6>

10001f08 <__wrap___aeabi_dcmplt>:
10001f08:	fe10 f430 	dcp_pcmp APSR_nzcv
10001f0c:	d4f8      	bmi.n	10001f00 <__wrap___aeabi_dcmpun+0x1c>
10001f0e:	ec43 2410 	dcp_wxup r2, r3
10001f12:	ec41 0411 	dcp_wyup r0, r1
10001f16:	ee00 0401 			dcp_add0
10001f1a:	ee10 f430 			dcp_rcmp APSR_nzcv
10001f1e:	bf8c      	ite	hi
10001f20:	2001      	movhi	r0, #1
10001f22:	2000      	movls	r0, #0
10001f24:	4770      	bx	lr
10001f26:	bf00      	nop
10001f28:	b500      	push	{lr}
10001f2a:	f7ff fed5 	bl	10001cd8 <generic_save_state>
10001f2e:	e002      	b.n	10001f36 <__wrap___aeabi_dcmple+0x6>

10001f30 <__wrap___aeabi_dcmple>:
10001f30:	fe10 f430 	dcp_pcmp APSR_nzcv
10001f34:	d4f8      	bmi.n	10001f28 <__wrap___aeabi_dcmplt+0x20>
10001f36:	ec43 2410 	dcp_wxup r2, r3
10001f3a:	ec41 0411 	dcp_wyup r0, r1
10001f3e:	ee00 0401 			dcp_add0
10001f42:	ee10 f430 			dcp_rcmp APSR_nzcv
10001f46:	bf2c      	ite	cs
10001f48:	2001      	movcs	r0, #1
10001f4a:	2000      	movcc	r0, #0
10001f4c:	4770      	bx	lr
10001f4e:	bf00      	nop
10001f50:	b500      	push	{lr}
10001f52:	f7ff fec1 	bl	10001cd8 <generic_save_state>
10001f56:	e002      	b.n	10001f5e <__wrap___aeabi_dcmpge+0x6>

10001f58 <__wrap___aeabi_dcmpge>:
10001f58:	fe10 f430 	dcp_pcmp APSR_nzcv
10001f5c:	d4f8      	bmi.n	10001f50 <__wrap___aeabi_dcmple+0x20>
10001f5e:	ec41 0410 	dcp_wxup r0, r1
10001f62:	ec43 2411 	dcp_wyup r2, r3
10001f66:	ee00 0401 			dcp_add0
10001f6a:	ee10 f430 			dcp_rcmp APSR_nzcv
10001f6e:	bf2c      	ite	cs
10001f70:	2001      	movcs	r0, #1
10001f72:	2000      	movcc	r0, #0
10001f74:	4770      	bx	lr
10001f76:	bf00      	nop
10001f78:	b500      	push	{lr}
10001f7a:	f7ff fead 	bl	10001cd8 <generic_save_state>
10001f7e:	e002      	b.n	10001f86 <__wrap___aeabi_dcmpgt+0x6>

10001f80 <__wrap___aeabi_dcmpgt>:
10001f80:	fe10 f430 	dcp_pcmp APSR_nzcv
10001f84:	d4f8      	bmi.n	10001f78 <__wrap___aeabi_dcmpge+0x20>
10001f86:	ec41 0410 	dcp_wxup r0, r1
10001f8a:	ec43 2411 	dcp_wyup r2, r3
10001f8e:	ee00 0401 			dcp_add0
10001f92:	ee10 f430 			dcp_rcmp APSR_nzcv
10001f96:	bf8c      	ite	hi
10001f98:	2001      	movhi	r0, #1
10001f9a:	2000      	movls	r0, #0
10001f9c:	4770      	bx	lr
10001f9e:	bf00      	nop

10001fa0 <__wrap_malloc>:
10001fa0:	b510      	push	{r4, lr}
10001fa2:	4604      	mov	r4, r0
10001fa4:	f006 f834 	bl	10008010 <malloc>
10001fa8:	b128      	cbz	r0, 10001fb6 <__wrap_malloc+0x16>
10001faa:	4603      	mov	r3, r0
10001fac:	4a03      	ldr	r2, [pc, #12]	@ (10001fbc <__wrap_malloc+0x1c>)
10001fae:	4423      	add	r3, r4
10001fb0:	4293      	cmp	r3, r2
10001fb2:	d800      	bhi.n	10001fb6 <__wrap_malloc+0x16>
10001fb4:	bd10      	pop	{r4, pc}
10001fb6:	4802      	ldr	r0, [pc, #8]	@ (10001fc0 <__wrap_malloc+0x20>)
10001fb8:	f7fe fcc2 	bl	10000940 <panic>
10001fbc:	20080000 	.word	0x20080000
10001fc0:	10009250 	.word	0x10009250

10001fc4 <__wrap_free>:
10001fc4:	f006 b82c 	b.w	10008020 <free>

10001fc8 <_out_null>:
10001fc8:	4770      	bx	lr
10001fca:	bf00      	nop

10001fcc <_out_rev>:
10001fcc:	e92d 4ff0 	stmdb	sp!, {r4, r5, r6, r7, r8, r9, sl, fp, lr}
10001fd0:	b083      	sub	sp, #12
10001fd2:	4699      	mov	r9, r3
10001fd4:	e9dd ab0d 	ldrd	sl, fp, [sp, #52]	@ 0x34
10001fd8:	9b0f      	ldr	r3, [sp, #60]	@ 0x3c
10001fda:	4688      	mov	r8, r1
10001fdc:	4611      	mov	r1, r2
10001fde:	079a      	lsls	r2, r3, #30
10001fe0:	4607      	mov	r7, r0
10001fe2:	d116      	bne.n	10002012 <_out_rev+0x46>
10001fe4:	45da      	cmp	sl, fp
10001fe6:	d23a      	bcs.n	1000205e <_out_rev+0x92>
10001fe8:	460c      	mov	r4, r1
10001fea:	460d      	mov	r5, r1
10001fec:	ebab 060a 	sub.w	r6, fp, sl
10001ff0:	440e      	add	r6, r1
10001ff2:	4622      	mov	r2, r4
10001ff4:	464b      	mov	r3, r9
10001ff6:	4641      	mov	r1, r8
10001ff8:	2020      	movs	r0, #32
10001ffa:	3401      	adds	r4, #1
10001ffc:	47b8      	blx	r7
10001ffe:	42b4      	cmp	r4, r6
10002000:	d1f7      	bne.n	10001ff2 <_out_rev+0x26>
10002002:	4629      	mov	r1, r5
10002004:	f1ba 0f00 	cmp.w	sl, #0
10002008:	d108      	bne.n	1000201c <_out_rev+0x50>
1000200a:	4620      	mov	r0, r4
1000200c:	b003      	add	sp, #12
1000200e:	e8bd 8ff0 	ldmia.w	sp!, {r4, r5, r6, r7, r8, r9, sl, fp, pc}
10002012:	460c      	mov	r4, r1
10002014:	f1ba 0f00 	cmp.w	sl, #0
10002018:	d010      	beq.n	1000203c <_out_rev+0x70>
1000201a:	460e      	mov	r6, r1
1000201c:	4655      	mov	r5, sl
1000201e:	9b0c      	ldr	r3, [sp, #48]	@ 0x30
10002020:	442e      	add	r6, r5
10002022:	449a      	add	sl, r3
10002024:	9101      	str	r1, [sp, #4]
10002026:	1b72      	subs	r2, r6, r5
10002028:	464b      	mov	r3, r9
1000202a:	3d01      	subs	r5, #1
1000202c:	4641      	mov	r1, r8
1000202e:	f81a 0d01 	ldrb.w	r0, [sl, #-1]!
10002032:	4634      	mov	r4, r6
10002034:	47b8      	blx	r7
10002036:	2d00      	cmp	r5, #0
10002038:	d1f5      	bne.n	10002026 <_out_rev+0x5a>
1000203a:	9901      	ldr	r1, [sp, #4]
1000203c:	9b0f      	ldr	r3, [sp, #60]	@ 0x3c
1000203e:	079b      	lsls	r3, r3, #30
10002040:	d5e3      	bpl.n	1000200a <_out_rev+0x3e>
10002042:	1a65      	subs	r5, r4, r1
10002044:	45ab      	cmp	fp, r5
10002046:	d9e0      	bls.n	1000200a <_out_rev+0x3e>
10002048:	4622      	mov	r2, r4
1000204a:	464b      	mov	r3, r9
1000204c:	4641      	mov	r1, r8
1000204e:	2020      	movs	r0, #32
10002050:	3501      	adds	r5, #1
10002052:	47b8      	blx	r7
10002054:	455d      	cmp	r5, fp
10002056:	f104 0401 	add.w	r4, r4, #1
1000205a:	d3f5      	bcc.n	10002048 <_out_rev+0x7c>
1000205c:	e7d5      	b.n	1000200a <_out_rev+0x3e>
1000205e:	460c      	mov	r4, r1
10002060:	f1ba 0f00 	cmp.w	sl, #0
10002064:	d1d9      	bne.n	1000201a <_out_rev+0x4e>
10002066:	e7d0      	b.n	1000200a <_out_rev+0x3e>

10002068 <_ntoa_format>:
10002068:	e92d 4ff0 	stmdb	sp!, {r4, r5, r6, r7, r8, r9, sl, fp, lr}
1000206c:	9f0f      	ldr	r7, [sp, #60]	@ 0x3c
1000206e:	f8dd 8024 	ldr.w	r8, [sp, #36]	@ 0x24
10002072:	f017 0f02 	tst.w	r7, #2
10002076:	9c0a      	ldr	r4, [sp, #40]	@ 0x28
10002078:	f89d a02c 	ldrb.w	sl, [sp, #44]	@ 0x2c
1000207c:	9d0e      	ldr	r5, [sp, #56]	@ 0x38
1000207e:	e9dd 960c 	ldrd	r9, r6, [sp, #48]	@ 0x30
10002082:	d144      	bne.n	1000210e <_ntoa_format+0xa6>
10002084:	bbf5      	cbnz	r5, 10002104 <_ntoa_format+0x9c>
10002086:	42b4      	cmp	r4, r6
10002088:	d241      	bcs.n	1000210e <_ntoa_format+0xa6>
1000208a:	f007 0b01 	and.w	fp, r7, #1
1000208e:	f104 3cff 	add.w	ip, r4, #4294967295
10002092:	f04f 0e30 	mov.w	lr, #48	@ 0x30
10002096:	44c4      	add	ip, r8
10002098:	e004      	b.n	100020a4 <_ntoa_format+0x3c>
1000209a:	3401      	adds	r4, #1
1000209c:	42a6      	cmp	r6, r4
1000209e:	f80c ef01 	strb.w	lr, [ip, #1]!
100020a2:	d901      	bls.n	100020a8 <_ntoa_format+0x40>
100020a4:	2c20      	cmp	r4, #32
100020a6:	d1f8      	bne.n	1000209a <_ntoa_format+0x32>
100020a8:	f1bb 0f00 	cmp.w	fp, #0
100020ac:	f000 8088 	beq.w	100021c0 <_ntoa_format+0x158>
100020b0:	42a5      	cmp	r5, r4
100020b2:	d92c      	bls.n	1000210e <_ntoa_format+0xa6>
100020b4:	f104 3cff 	add.w	ip, r4, #4294967295
100020b8:	f04f 0e30 	mov.w	lr, #48	@ 0x30
100020bc:	44c4      	add	ip, r8
100020be:	e004      	b.n	100020ca <_ntoa_format+0x62>
100020c0:	3401      	adds	r4, #1
100020c2:	42ac      	cmp	r4, r5
100020c4:	f80c ef01 	strb.w	lr, [ip, #1]!
100020c8:	d021      	beq.n	1000210e <_ntoa_format+0xa6>
100020ca:	2c20      	cmp	r4, #32
100020cc:	d1f8      	bne.n	100020c0 <_ntoa_format+0x58>
100020ce:	f017 0f10 	tst.w	r7, #16
100020d2:	d00e      	beq.n	100020f2 <_ntoa_format+0x8a>
100020d4:	f417 6f80 	tst.w	r7, #1024	@ 0x400
100020d8:	d154      	bne.n	10002184 <_ntoa_format+0x11c>
100020da:	42a6      	cmp	r6, r4
100020dc:	d063      	beq.n	100021a6 <_ntoa_format+0x13e>
100020de:	42a5      	cmp	r5, r4
100020e0:	d061      	beq.n	100021a6 <_ntoa_format+0x13e>
100020e2:	f1b9 0f10 	cmp.w	r9, #16
100020e6:	d050      	beq.n	1000218a <_ntoa_format+0x122>
100020e8:	f1b9 0f02 	cmp.w	r9, #2
100020ec:	d056      	beq.n	1000219c <_ntoa_format+0x134>
100020ee:	2c20      	cmp	r4, #32
100020f0:	d129      	bne.n	10002146 <_ntoa_format+0xde>
100020f2:	2420      	movs	r4, #32
100020f4:	e9cd 570b 	strd	r5, r7, [sp, #44]	@ 0x2c
100020f8:	e9cd 8409 	strd	r8, r4, [sp, #36]	@ 0x24
100020fc:	e8bd 4ff0 	ldmia.w	sp!, {r4, r5, r6, r7, r8, r9, sl, fp, lr}
10002100:	f7ff bf64 	b.w	10001fcc <_out_rev>
10002104:	f017 0b01 	ands.w	fp, r7, #1
10002108:	d134      	bne.n	10002174 <_ntoa_format+0x10c>
1000210a:	42b4      	cmp	r4, r6
1000210c:	d3bf      	bcc.n	1000208e <_ntoa_format+0x26>
1000210e:	f017 0f10 	tst.w	r7, #16
10002112:	d01e      	beq.n	10002152 <_ntoa_format+0xea>
10002114:	f417 6f80 	tst.w	r7, #1024	@ 0x400
10002118:	d1e3      	bne.n	100020e2 <_ntoa_format+0x7a>
1000211a:	2c00      	cmp	r4, #0
1000211c:	d1dd      	bne.n	100020da <_ntoa_format+0x72>
1000211e:	f1b9 0f10 	cmp.w	r9, #16
10002122:	d063      	beq.n	100021ec <_ntoa_format+0x184>
10002124:	f1b9 0f02 	cmp.w	r9, #2
10002128:	d077      	beq.n	1000221a <_ntoa_format+0x1b2>
1000212a:	2430      	movs	r4, #48	@ 0x30
1000212c:	f888 4000 	strb.w	r4, [r8]
10002130:	2401      	movs	r4, #1
10002132:	f1ba 0f00 	cmp.w	sl, #0
10002136:	d111      	bne.n	1000215c <_ntoa_format+0xf4>
10002138:	077e      	lsls	r6, r7, #29
1000213a:	d548      	bpl.n	100021ce <_ntoa_format+0x166>
1000213c:	262b      	movs	r6, #43	@ 0x2b
1000213e:	f808 6004 	strb.w	r6, [r8, r4]
10002142:	3401      	adds	r4, #1
10002144:	e7d6      	b.n	100020f4 <_ntoa_format+0x8c>
10002146:	4626      	mov	r6, r4
10002148:	3401      	adds	r4, #1
1000214a:	f04f 0c30 	mov.w	ip, #48	@ 0x30
1000214e:	f808 c006 	strb.w	ip, [r8, r6]
10002152:	2c20      	cmp	r4, #32
10002154:	d0cd      	beq.n	100020f2 <_ntoa_format+0x8a>
10002156:	f1ba 0f00 	cmp.w	sl, #0
1000215a:	d0ed      	beq.n	10002138 <_ntoa_format+0xd0>
1000215c:	262d      	movs	r6, #45	@ 0x2d
1000215e:	f808 6004 	strb.w	r6, [r8, r4]
10002162:	3401      	adds	r4, #1
10002164:	e9cd 570b 	strd	r5, r7, [sp, #44]	@ 0x2c
10002168:	e9cd 8409 	strd	r8, r4, [sp, #36]	@ 0x24
1000216c:	e8bd 4ff0 	ldmia.w	sp!, {r4, r5, r6, r7, r8, r9, sl, fp, lr}
10002170:	f7ff bf2c 	b.w	10001fcc <_out_rev>
10002174:	f1ba 0f00 	cmp.w	sl, #0
10002178:	d030      	beq.n	100021dc <_ntoa_format+0x174>
1000217a:	42b4      	cmp	r4, r6
1000217c:	f105 35ff 	add.w	r5, r5, #4294967295
10002180:	d385      	bcc.n	1000208e <_ntoa_format+0x26>
10002182:	e795      	b.n	100020b0 <_ntoa_format+0x48>
10002184:	f1b9 0f10 	cmp.w	r9, #16
10002188:	d1b3      	bne.n	100020f2 <_ntoa_format+0x8a>
1000218a:	06be      	lsls	r6, r7, #26
1000218c:	d53b      	bpl.n	10002206 <_ntoa_format+0x19e>
1000218e:	2c20      	cmp	r4, #32
10002190:	d0af      	beq.n	100020f2 <_ntoa_format+0x8a>
10002192:	2658      	movs	r6, #88	@ 0x58
10002194:	f808 6004 	strb.w	r6, [r8, r4]
10002198:	3401      	adds	r4, #1
1000219a:	e7a8      	b.n	100020ee <_ntoa_format+0x86>
1000219c:	2c20      	cmp	r4, #32
1000219e:	d0a8      	beq.n	100020f2 <_ntoa_format+0x8a>
100021a0:	4626      	mov	r6, r4
100021a2:	3401      	adds	r4, #1
100021a4:	e007      	b.n	100021b6 <_ntoa_format+0x14e>
100021a6:	1e66      	subs	r6, r4, #1
100021a8:	d0b9      	beq.n	1000211e <_ntoa_format+0xb6>
100021aa:	f1b9 0f10 	cmp.w	r9, #16
100021ae:	d036      	beq.n	1000221e <_ntoa_format+0x1b6>
100021b0:	f1b9 0f02 	cmp.w	r9, #2
100021b4:	d1c9      	bne.n	1000214a <_ntoa_format+0xe2>
100021b6:	f04f 0c62 	mov.w	ip, #98	@ 0x62
100021ba:	f808 c006 	strb.w	ip, [r8, r6]
100021be:	e796      	b.n	100020ee <_ntoa_format+0x86>
100021c0:	f017 0f10 	tst.w	r7, #16
100021c4:	d0c5      	beq.n	10002152 <_ntoa_format+0xea>
100021c6:	f417 6f80 	tst.w	r7, #1024	@ 0x400
100021ca:	d086      	beq.n	100020da <_ntoa_format+0x72>
100021cc:	e789      	b.n	100020e2 <_ntoa_format+0x7a>
100021ce:	073e      	lsls	r6, r7, #28
100021d0:	d590      	bpl.n	100020f4 <_ntoa_format+0x8c>
100021d2:	2620      	movs	r6, #32
100021d4:	f808 6004 	strb.w	r6, [r8, r4]
100021d8:	3401      	adds	r4, #1
100021da:	e78b      	b.n	100020f4 <_ntoa_format+0x8c>
100021dc:	f017 0f0c 	tst.w	r7, #12
100021e0:	d000      	beq.n	100021e4 <_ntoa_format+0x17c>
100021e2:	3d01      	subs	r5, #1
100021e4:	42b4      	cmp	r4, r6
100021e6:	f4ff af52 	bcc.w	1000208e <_ntoa_format+0x26>
100021ea:	e761      	b.n	100020b0 <_ntoa_format+0x48>
100021ec:	06bc      	lsls	r4, r7, #26
100021ee:	d412      	bmi.n	10002216 <_ntoa_format+0x1ae>
100021f0:	2478      	movs	r4, #120	@ 0x78
100021f2:	f888 4000 	strb.w	r4, [r8]
100021f6:	2430      	movs	r4, #48	@ 0x30
100021f8:	f888 4001 	strb.w	r4, [r8, #1]
100021fc:	2402      	movs	r4, #2
100021fe:	f1ba 0f00 	cmp.w	sl, #0
10002202:	d099      	beq.n	10002138 <_ntoa_format+0xd0>
10002204:	e7aa      	b.n	1000215c <_ntoa_format+0xf4>
10002206:	2c20      	cmp	r4, #32
10002208:	f43f af73 	beq.w	100020f2 <_ntoa_format+0x8a>
1000220c:	2678      	movs	r6, #120	@ 0x78
1000220e:	f808 6004 	strb.w	r6, [r8, r4]
10002212:	3401      	adds	r4, #1
10002214:	e76b      	b.n	100020ee <_ntoa_format+0x86>
10002216:	2458      	movs	r4, #88	@ 0x58
10002218:	e7eb      	b.n	100021f2 <_ntoa_format+0x18a>
1000221a:	2462      	movs	r4, #98	@ 0x62
1000221c:	e7e9      	b.n	100021f2 <_ntoa_format+0x18a>
1000221e:	f017 0f20 	tst.w	r7, #32
10002222:	f1a4 0c02 	sub.w	ip, r4, #2
10002226:	d004      	beq.n	10002232 <_ntoa_format+0x1ca>
10002228:	f04f 0e58 	mov.w	lr, #88	@ 0x58
1000222c:	f808 e00c 	strb.w	lr, [r8, ip]
10002230:	e78b      	b.n	1000214a <_ntoa_format+0xe2>
10002232:	f04f 0e78 	mov.w	lr, #120	@ 0x78
10002236:	f808 e00c 	strb.w	lr, [r8, ip]
1000223a:	e786      	b.n	1000214a <_ntoa_format+0xe2>

1000223c <_out_char>:
1000223c:	b900      	cbnz	r0, 10002240 <_out_char+0x4>
1000223e:	4770      	bx	lr
10002240:	f001 bb84 	b.w	1000394c <__wrap_putchar>

10002244 <_out_fct>:
10002244:	b110      	cbz	r0, 1000224c <_out_fct+0x8>
10002246:	e9d1 3100 	ldrd	r3, r1, [r1]
1000224a:	4718      	bx	r3
1000224c:	4770      	bx	lr
1000224e:	bf00      	nop

10002250 <_ftoa>:
10002250:	e92d 4ff0 	stmdb	sp!, {r4, r5, r6, r7, r8, r9, sl, fp, lr}
10002254:	b097      	sub	sp, #92	@ 0x5c
10002256:	ed9d 7b20 	vldr	d7, [sp, #128]	@ 0x80
1000225a:	e9dd 5b22 	ldrd	r5, fp, [sp, #136]	@ 0x88
1000225e:	4607      	mov	r7, r0
10002260:	4688      	mov	r8, r1
10002262:	ec51 0b17 	vmov	r0, r1, d7
10002266:	9c24      	ldr	r4, [sp, #144]	@ 0x90
10002268:	4699      	mov	r9, r3
1000226a:	920c      	str	r2, [sp, #48]	@ 0x30
1000226c:	460b      	mov	r3, r1
1000226e:	4602      	mov	r2, r0
10002270:	ed8d 7b04 	vstr	d7, [sp, #16]
10002274:	9407      	str	r4, [sp, #28]
10002276:	f7ff fe35 	bl	10001ee4 <__wrap___aeabi_dcmpun>
1000227a:	2800      	cmp	r0, #0
1000227c:	f040 81f4 	bne.w	10002668 <_ftoa+0x418>
10002280:	e9dd 0104 	ldrd	r0, r1, [sp, #16]
10002284:	f04f 32ff 	mov.w	r2, #4294967295
10002288:	f46f 1380 	mvn.w	r3, #1048576	@ 0x100000
1000228c:	f7ff fe3c 	bl	10001f08 <__wrap___aeabi_dcmplt>
10002290:	2800      	cmp	r0, #0
10002292:	f040 811b 	bne.w	100024cc <_ftoa+0x27c>
10002296:	e9dd 0104 	ldrd	r0, r1, [sp, #16]
1000229a:	f04f 32ff 	mov.w	r2, #4294967295
1000229e:	4bac      	ldr	r3, [pc, #688]	@ (10002550 <_ftoa+0x300>)
100022a0:	f7ff fe6e 	bl	10001f80 <__wrap___aeabi_dcmpgt>
100022a4:	2800      	cmp	r0, #0
100022a6:	f040 80ee 	bne.w	10002486 <_ftoa+0x236>
100022aa:	e9dd 0104 	ldrd	r0, r1, [sp, #16]
100022ae:	a3a4      	add	r3, pc, #656	@ (adr r3, 10002540 <_ftoa+0x2f0>)
100022b0:	e9d3 2300 	ldrd	r2, r3, [r3]
100022b4:	f7ff fe64 	bl	10001f80 <__wrap___aeabi_dcmpgt>
100022b8:	2800      	cmp	r0, #0
100022ba:	f040 80d3 	bne.w	10002464 <_ftoa+0x214>
100022be:	e9dd 0104 	ldrd	r0, r1, [sp, #16]
100022c2:	a3a1      	add	r3, pc, #644	@ (adr r3, 10002548 <_ftoa+0x2f8>)
100022c4:	e9d3 2300 	ldrd	r2, r3, [r3]
100022c8:	f7ff fe1e 	bl	10001f08 <__wrap___aeabi_dcmplt>
100022cc:	2800      	cmp	r0, #0
100022ce:	f040 80c9 	bne.w	10002464 <_ftoa+0x214>
100022d2:	e9dd 0104 	ldrd	r0, r1, [sp, #16]
100022d6:	2200      	movs	r2, #0
100022d8:	2300      	movs	r3, #0
100022da:	f7ff fe15 	bl	10001f08 <__wrap___aeabi_dcmplt>
100022de:	2800      	cmp	r0, #0
100022e0:	f040 80e8 	bne.w	100024b4 <_ftoa+0x264>
100022e4:	4623      	mov	r3, r4
100022e6:	900d      	str	r0, [sp, #52]	@ 0x34
100022e8:	f413 6f80 	tst.w	r3, #1024	@ 0x400
100022ec:	bf08      	it	eq
100022ee:	2506      	moveq	r5, #6
100022f0:	2130      	movs	r1, #48	@ 0x30
100022f2:	462b      	mov	r3, r5
100022f4:	aa0e      	add	r2, sp, #56	@ 0x38
100022f6:	f1a5 0620 	sub.w	r6, r5, #32
100022fa:	e005      	b.n	10002308 <_ftoa+0xb8>
100022fc:	3b01      	subs	r3, #1
100022fe:	42b3      	cmp	r3, r6
10002300:	f802 1b01 	strb.w	r1, [r2], #1
10002304:	f000 8193 	beq.w	1000262e <_ftoa+0x3de>
10002308:	2b09      	cmp	r3, #9
1000230a:	d8f7      	bhi.n	100022fc <_ftoa+0xac>
1000230c:	461e      	mov	r6, r3
1000230e:	1aed      	subs	r5, r5, r3
10002310:	e9dd 0104 	ldrd	r0, r1, [sp, #16]
10002314:	f7ff fdc2 	bl	10001e9c <__wrap___aeabi_d2iz>
10002318:	4b8e      	ldr	r3, [pc, #568]	@ (10002554 <_ftoa+0x304>)
1000231a:	4604      	mov	r4, r0
1000231c:	eb03 03c6 	add.w	r3, r3, r6, lsl #3
10002320:	ed93 7b00 	vldr	d7, [r3]
10002324:	ed8d 7b08 	vstr	d7, [sp, #32]
10002328:	f7ff fd94 	bl	10001e54 <__wrap___aeabi_i2d>
1000232c:	4602      	mov	r2, r0
1000232e:	460b      	mov	r3, r1
10002330:	e9dd 0104 	ldrd	r0, r1, [sp, #16]
10002334:	f7ff fd06 	bl	10001d44 <__wrap___aeabi_dsub>
10002338:	e9dd 2308 	ldrd	r2, r3, [sp, #32]
1000233c:	f7ff fd16 	bl	10001d6c <__wrap___aeabi_dmul>
10002340:	4602      	mov	r2, r0
10002342:	460b      	mov	r3, r1
10002344:	e9cd 230a 	strd	r2, r3, [sp, #40]	@ 0x28
10002348:	f7ff fdba 	bl	10001ec0 <__wrap___aeabi_d2uiz>
1000234c:	4682      	mov	sl, r0
1000234e:	f7ff fd93 	bl	10001e78 <__wrap___aeabi_ui2d>
10002352:	4602      	mov	r2, r0
10002354:	460b      	mov	r3, r1
10002356:	e9dd 010a 	ldrd	r0, r1, [sp, #40]	@ 0x28
1000235a:	f7ff fcf3 	bl	10001d44 <__wrap___aeabi_dsub>
1000235e:	4602      	mov	r2, r0
10002360:	460b      	mov	r3, r1
10002362:	e9cd 230a 	strd	r2, r3, [sp, #40]	@ 0x28
10002366:	2200      	movs	r2, #0
10002368:	4b7b      	ldr	r3, [pc, #492]	@ (10002558 <_ftoa+0x308>)
1000236a:	f7ff fe09 	bl	10001f80 <__wrap___aeabi_dcmpgt>
1000236e:	2800      	cmp	r0, #0
10002370:	f000 80fe 	beq.w	10002570 <_ftoa+0x320>
10002374:	f10a 0a01 	add.w	sl, sl, #1
10002378:	4650      	mov	r0, sl
1000237a:	f7ff fd7d 	bl	10001e78 <__wrap___aeabi_ui2d>
1000237e:	4602      	mov	r2, r0
10002380:	460b      	mov	r3, r1
10002382:	e9dd 0108 	ldrd	r0, r1, [sp, #32]
10002386:	f7ff fdd3 	bl	10001f30 <__wrap___aeabi_dcmple>
1000238a:	b110      	cbz	r0, 10002392 <_ftoa+0x142>
1000238c:	f04f 0a00 	mov.w	sl, #0
10002390:	3401      	adds	r4, #1
10002392:	2e00      	cmp	r6, #0
10002394:	f000 80fd 	beq.w	10002592 <_ftoa+0x342>
10002398:	1e68      	subs	r0, r5, #1
1000239a:	ab0e      	add	r3, sp, #56	@ 0x38
1000239c:	f8df c1cc 	ldr.w	ip, [pc, #460]	@ 1000256c <_ftoa+0x31c>
100023a0:	4418      	add	r0, r3
100023a2:	e00f      	b.n	100023c4 <_ftoa+0x174>
100023a4:	fbac 210a 	umull	r2, r1, ip, sl
100023a8:	08c9      	lsrs	r1, r1, #3
100023aa:	eb01 0281 	add.w	r2, r1, r1, lsl #2
100023ae:	ebaa 0242 	sub.w	r2, sl, r2, lsl #1
100023b2:	3230      	adds	r2, #48	@ 0x30
100023b4:	f1ba 0f09 	cmp.w	sl, #9
100023b8:	f800 2f01 	strb.w	r2, [r0, #1]!
100023bc:	f240 811c 	bls.w	100025f8 <_ftoa+0x3a8>
100023c0:	468a      	mov	sl, r1
100023c2:	461d      	mov	r5, r3
100023c4:	2d20      	cmp	r5, #32
100023c6:	f105 0301 	add.w	r3, r5, #1
100023ca:	f106 36ff 	add.w	r6, r6, #4294967295
100023ce:	d1e9      	bne.n	100023a4 <_ftoa+0x154>
100023d0:	2520      	movs	r5, #32
100023d2:	1e69      	subs	r1, r5, #1
100023d4:	ab0e      	add	r3, sp, #56	@ 0x38
100023d6:	4861      	ldr	r0, [pc, #388]	@ (1000255c <_ftoa+0x30c>)
100023d8:	4419      	add	r1, r3
100023da:	e010      	b.n	100023fe <_ftoa+0x1ae>
100023dc:	fb80 6204 	smull	r6, r2, r0, r4
100023e0:	ebc3 03a2 	rsb	r3, r3, r2, asr #2
100023e4:	eb03 0283 	add.w	r2, r3, r3, lsl #2
100023e8:	eba4 0442 	sub.w	r4, r4, r2, lsl #1
100023ec:	f104 0230 	add.w	r2, r4, #48	@ 0x30
100023f0:	3501      	adds	r5, #1
100023f2:	461c      	mov	r4, r3
100023f4:	f801 2f01 	strb.w	r2, [r1, #1]!
100023f8:	2b00      	cmp	r3, #0
100023fa:	f000 80eb 	beq.w	100025d4 <_ftoa+0x384>
100023fe:	2d20      	cmp	r5, #32
10002400:	ea4f 73e4 	mov.w	r3, r4, asr #31
10002404:	d1ea      	bne.n	100023dc <_ftoa+0x18c>
10002406:	9b07      	ldr	r3, [sp, #28]
10002408:	f003 0303 	and.w	r3, r3, #3
1000240c:	2b01      	cmp	r3, #1
1000240e:	d118      	bne.n	10002442 <_ftoa+0x1f2>
10002410:	f1bb 0f00 	cmp.w	fp, #0
10002414:	d015      	beq.n	10002442 <_ftoa+0x1f2>
10002416:	9b0d      	ldr	r3, [sp, #52]	@ 0x34
10002418:	2b00      	cmp	r3, #0
1000241a:	f000 810a 	beq.w	10002632 <_ftoa+0x3e2>
1000241e:	f10b 3bff 	add.w	fp, fp, #4294967295
10002422:	f1bb 0f20 	cmp.w	fp, #32
10002426:	d90c      	bls.n	10002442 <_ftoa+0x1f2>
10002428:	1e6b      	subs	r3, r5, #1
1000242a:	a90e      	add	r1, sp, #56	@ 0x38
1000242c:	2230      	movs	r2, #48	@ 0x30
1000242e:	440b      	add	r3, r1
10002430:	e005      	b.n	1000243e <_ftoa+0x1ee>
10002432:	3501      	adds	r5, #1
10002434:	455d      	cmp	r5, fp
10002436:	f803 2f01 	strb.w	r2, [r3, #1]!
1000243a:	f080 80d1 	bcs.w	100025e0 <_ftoa+0x390>
1000243e:	2d20      	cmp	r5, #32
10002440:	d1f7      	bne.n	10002432 <_ftoa+0x1e2>
10002442:	9b07      	ldr	r3, [sp, #28]
10002444:	ac0e      	add	r4, sp, #56	@ 0x38
10002446:	e9cd b302 	strd	fp, r3, [sp, #8]
1000244a:	4641      	mov	r1, r8
1000244c:	464b      	mov	r3, r9
1000244e:	4638      	mov	r0, r7
10002450:	9a0c      	ldr	r2, [sp, #48]	@ 0x30
10002452:	9501      	str	r5, [sp, #4]
10002454:	9400      	str	r4, [sp, #0]
10002456:	f7ff fdb9 	bl	10001fcc <_out_rev>
1000245a:	4682      	mov	sl, r0
1000245c:	4650      	mov	r0, sl
1000245e:	b017      	add	sp, #92	@ 0x5c
10002460:	e8bd 8ff0 	ldmia.w	sp!, {r4, r5, r6, r7, r8, r9, sl, fp, pc}
10002464:	9b07      	ldr	r3, [sp, #28]
10002466:	ed9d 7b04 	vldr	d7, [sp, #16]
1000246a:	e9cd b323 	strd	fp, r3, [sp, #140]	@ 0x8c
1000246e:	4641      	mov	r1, r8
10002470:	464b      	mov	r3, r9
10002472:	4638      	mov	r0, r7
10002474:	9a0c      	ldr	r2, [sp, #48]	@ 0x30
10002476:	ed8d 7b20 	vstr	d7, [sp, #128]	@ 0x80
1000247a:	9522      	str	r5, [sp, #136]	@ 0x88
1000247c:	b017      	add	sp, #92	@ 0x5c
1000247e:	e8bd 4ff0 	ldmia.w	sp!, {r4, r5, r6, r7, r8, r9, sl, fp, lr}
10002482:	f000 b945 	b.w	10002710 <_etoa>
10002486:	0761      	lsls	r1, r4, #29
10002488:	4623      	mov	r3, r4
1000248a:	bf4c      	ite	mi
1000248c:	2304      	movmi	r3, #4
1000248e:	2303      	movpl	r3, #3
10002490:	4641      	mov	r1, r8
10002492:	9321      	str	r3, [sp, #132]	@ 0x84
10002494:	4638      	mov	r0, r7
10002496:	464b      	mov	r3, r9
10002498:	9a07      	ldr	r2, [sp, #28]
1000249a:	bf48      	it	mi
1000249c:	4c30      	ldrmi	r4, [pc, #192]	@ (10002560 <_ftoa+0x310>)
1000249e:	e9cd b222 	strd	fp, r2, [sp, #136]	@ 0x88
100024a2:	bf58      	it	pl
100024a4:	4c2f      	ldrpl	r4, [pc, #188]	@ (10002564 <_ftoa+0x314>)
100024a6:	9a0c      	ldr	r2, [sp, #48]	@ 0x30
100024a8:	9420      	str	r4, [sp, #128]	@ 0x80
100024aa:	b017      	add	sp, #92	@ 0x5c
100024ac:	e8bd 4ff0 	ldmia.w	sp!, {r4, r5, r6, r7, r8, r9, sl, fp, lr}
100024b0:	f7ff bd8c 	b.w	10001fcc <_out_rev>
100024b4:	e9dd 2304 	ldrd	r2, r3, [sp, #16]
100024b8:	2000      	movs	r0, #0
100024ba:	2100      	movs	r1, #0
100024bc:	f7ff fc42 	bl	10001d44 <__wrap___aeabi_dsub>
100024c0:	2301      	movs	r3, #1
100024c2:	e9cd 0104 	strd	r0, r1, [sp, #16]
100024c6:	930d      	str	r3, [sp, #52]	@ 0x34
100024c8:	4623      	mov	r3, r4
100024ca:	e70d      	b.n	100022e8 <_ftoa+0x98>
100024cc:	4623      	mov	r3, r4
100024ce:	079c      	lsls	r4, r3, #30
100024d0:	f040 80aa 	bne.w	10002628 <_ftoa+0x3d8>
100024d4:	f1bb 0f04 	cmp.w	fp, #4
100024d8:	f240 80a6 	bls.w	10002628 <_ftoa+0x3d8>
100024dc:	9b0c      	ldr	r3, [sp, #48]	@ 0x30
100024de:	461d      	mov	r5, r3
100024e0:	1f1c      	subs	r4, r3, #4
100024e2:	eb04 0a0b 	add.w	sl, r4, fp
100024e6:	462a      	mov	r2, r5
100024e8:	464b      	mov	r3, r9
100024ea:	4641      	mov	r1, r8
100024ec:	2020      	movs	r0, #32
100024ee:	3501      	adds	r5, #1
100024f0:	47b8      	blx	r7
100024f2:	45aa      	cmp	sl, r5
100024f4:	d1f7      	bne.n	100024e6 <_ftoa+0x296>
100024f6:	4655      	mov	r5, sl
100024f8:	4c1b      	ldr	r4, [pc, #108]	@ (10002568 <_ftoa+0x318>)
100024fa:	1f26      	subs	r6, r4, #4
100024fc:	f814 0d01 	ldrb.w	r0, [r4, #-1]!
10002500:	462a      	mov	r2, r5
10002502:	464b      	mov	r3, r9
10002504:	4641      	mov	r1, r8
10002506:	47b8      	blx	r7
10002508:	42b4      	cmp	r4, r6
1000250a:	f105 0501 	add.w	r5, r5, #1
1000250e:	d1f5      	bne.n	100024fc <_ftoa+0x2ac>
10002510:	9b07      	ldr	r3, [sp, #28]
10002512:	f10a 0a04 	add.w	sl, sl, #4
10002516:	0798      	lsls	r0, r3, #30
10002518:	d5a0      	bpl.n	1000245c <_ftoa+0x20c>
1000251a:	9c0c      	ldr	r4, [sp, #48]	@ 0x30
1000251c:	ebaa 0304 	sub.w	r3, sl, r4
10002520:	459b      	cmp	fp, r3
10002522:	d99b      	bls.n	1000245c <_ftoa+0x20c>
10002524:	4652      	mov	r2, sl
10002526:	464b      	mov	r3, r9
10002528:	4641      	mov	r1, r8
1000252a:	2020      	movs	r0, #32
1000252c:	f10a 0a01 	add.w	sl, sl, #1
10002530:	47b8      	blx	r7
10002532:	ebaa 0304 	sub.w	r3, sl, r4
10002536:	455b      	cmp	r3, fp
10002538:	d3f4      	bcc.n	10002524 <_ftoa+0x2d4>
1000253a:	e78f      	b.n	1000245c <_ftoa+0x20c>
1000253c:	f3af 8000 	nop.w
10002540:	00000000 	.word	0x00000000
10002544:	41cdcd65 	.word	0x41cdcd65
10002548:	00000000 	.word	0x00000000
1000254c:	c1cdcd65 	.word	0xc1cdcd65
10002550:	7fefffff 	.word	0x7fefffff
10002554:	100093c8 	.word	0x100093c8
10002558:	3fe00000 	.word	0x3fe00000
1000255c:	66666667 	.word	0x66666667
10002560:	100092a4 	.word	0x100092a4
10002564:	100092ac 	.word	0x100092ac
10002568:	100092b8 	.word	0x100092b8
1000256c:	cccccccd 	.word	0xcccccccd
10002570:	2200      	movs	r2, #0
10002572:	e9dd 010a 	ldrd	r0, r1, [sp, #40]	@ 0x28
10002576:	4b63      	ldr	r3, [pc, #396]	@ (10002704 <_ftoa+0x4b4>)
10002578:	f7ff fcc6 	bl	10001f08 <__wrap___aeabi_dcmplt>
1000257c:	2800      	cmp	r0, #0
1000257e:	f47f af08 	bne.w	10002392 <_ftoa+0x142>
10002582:	f1ba 0f00 	cmp.w	sl, #0
10002586:	d16a      	bne.n	1000265e <_ftoa+0x40e>
10002588:	f10a 0a01 	add.w	sl, sl, #1
1000258c:	2e00      	cmp	r6, #0
1000258e:	f47f af03 	bne.w	10002398 <_ftoa+0x148>
10002592:	4620      	mov	r0, r4
10002594:	f7ff fc5e 	bl	10001e54 <__wrap___aeabi_i2d>
10002598:	4602      	mov	r2, r0
1000259a:	460b      	mov	r3, r1
1000259c:	e9dd 0104 	ldrd	r0, r1, [sp, #16]
100025a0:	f7ff fbd0 	bl	10001d44 <__wrap___aeabi_dsub>
100025a4:	4602      	mov	r2, r0
100025a6:	460b      	mov	r3, r1
100025a8:	e9cd 2304 	strd	r2, r3, [sp, #16]
100025ac:	2200      	movs	r2, #0
100025ae:	4b55      	ldr	r3, [pc, #340]	@ (10002704 <_ftoa+0x4b4>)
100025b0:	f7ff fcaa 	bl	10001f08 <__wrap___aeabi_dcmplt>
100025b4:	2800      	cmp	r0, #0
100025b6:	f47f af0c 	bne.w	100023d2 <_ftoa+0x182>
100025ba:	e9dd 0104 	ldrd	r0, r1, [sp, #16]
100025be:	2200      	movs	r2, #0
100025c0:	4b50      	ldr	r3, [pc, #320]	@ (10002704 <_ftoa+0x4b4>)
100025c2:	f7ff fcdd 	bl	10001f80 <__wrap___aeabi_dcmpgt>
100025c6:	2800      	cmp	r0, #0
100025c8:	f47f af03 	bne.w	100023d2 <_ftoa+0x182>
100025cc:	3401      	adds	r4, #1
100025ce:	f024 0401 	bic.w	r4, r4, #1
100025d2:	e6fe      	b.n	100023d2 <_ftoa+0x182>
100025d4:	9b07      	ldr	r3, [sp, #28]
100025d6:	f003 0303 	and.w	r3, r3, #3
100025da:	2b01      	cmp	r3, #1
100025dc:	f000 8082 	beq.w	100026e4 <_ftoa+0x494>
100025e0:	2d20      	cmp	r5, #32
100025e2:	f43f af2e 	beq.w	10002442 <_ftoa+0x1f2>
100025e6:	9b0d      	ldr	r3, [sp, #52]	@ 0x34
100025e8:	b37b      	cbz	r3, 1000264a <_ftoa+0x3fa>
100025ea:	222d      	movs	r2, #45	@ 0x2d
100025ec:	eb0d 0305 	add.w	r3, sp, r5
100025f0:	f883 2038 	strb.w	r2, [r3, #56]	@ 0x38
100025f4:	3501      	adds	r5, #1
100025f6:	e724      	b.n	10002442 <_ftoa+0x1f2>
100025f8:	2b20      	cmp	r3, #32
100025fa:	f43f aee9 	beq.w	100023d0 <_ftoa+0x180>
100025fe:	aa0e      	add	r2, sp, #56	@ 0x38
10002600:	4415      	add	r5, r2
10002602:	441e      	add	r6, r3
10002604:	2230      	movs	r2, #48	@ 0x30
10002606:	e004      	b.n	10002612 <_ftoa+0x3c2>
10002608:	2b20      	cmp	r3, #32
1000260a:	f805 2f01 	strb.w	r2, [r5, #1]!
1000260e:	f43f aedf 	beq.w	100023d0 <_ftoa+0x180>
10002612:	429e      	cmp	r6, r3
10002614:	f103 0301 	add.w	r3, r3, #1
10002618:	d1f6      	bne.n	10002608 <_ftoa+0x3b8>
1000261a:	222e      	movs	r2, #46	@ 0x2e
1000261c:	eb0d 0306 	add.w	r3, sp, r6
10002620:	f883 2038 	strb.w	r2, [r3, #56]	@ 0x38
10002624:	1c75      	adds	r5, r6, #1
10002626:	e6d4      	b.n	100023d2 <_ftoa+0x182>
10002628:	f8dd a030 	ldr.w	sl, [sp, #48]	@ 0x30
1000262c:	e763      	b.n	100024f6 <_ftoa+0x2a6>
1000262e:	2520      	movs	r5, #32
10002630:	e66e      	b.n	10002310 <_ftoa+0xc0>
10002632:	9b07      	ldr	r3, [sp, #28]
10002634:	f013 0f0c 	tst.w	r3, #12
10002638:	d050      	beq.n	100026dc <_ftoa+0x48c>
1000263a:	f10b 3bff 	add.w	fp, fp, #4294967295
1000263e:	45ab      	cmp	fp, r5
10002640:	f63f aef2 	bhi.w	10002428 <_ftoa+0x1d8>
10002644:	2d20      	cmp	r5, #32
10002646:	f43f aefc 	beq.w	10002442 <_ftoa+0x1f2>
1000264a:	9b07      	ldr	r3, [sp, #28]
1000264c:	075a      	lsls	r2, r3, #29
1000264e:	d501      	bpl.n	10002654 <_ftoa+0x404>
10002650:	222b      	movs	r2, #43	@ 0x2b
10002652:	e7cb      	b.n	100025ec <_ftoa+0x39c>
10002654:	071b      	lsls	r3, r3, #28
10002656:	f57f aef4 	bpl.w	10002442 <_ftoa+0x1f2>
1000265a:	2220      	movs	r2, #32
1000265c:	e7c6      	b.n	100025ec <_ftoa+0x39c>
1000265e:	f01a 0f01 	tst.w	sl, #1
10002662:	f43f ae96 	beq.w	10002392 <_ftoa+0x142>
10002666:	e78f      	b.n	10002588 <_ftoa+0x338>
10002668:	07a6      	lsls	r6, r4, #30
1000266a:	d134      	bne.n	100026d6 <_ftoa+0x486>
1000266c:	f1bb 0f03 	cmp.w	fp, #3
10002670:	d931      	bls.n	100026d6 <_ftoa+0x486>
10002672:	9b0c      	ldr	r3, [sp, #48]	@ 0x30
10002674:	461d      	mov	r5, r3
10002676:	1edc      	subs	r4, r3, #3
10002678:	eb04 0a0b 	add.w	sl, r4, fp
1000267c:	462a      	mov	r2, r5
1000267e:	464b      	mov	r3, r9
10002680:	4641      	mov	r1, r8
10002682:	2020      	movs	r0, #32
10002684:	3501      	adds	r5, #1
10002686:	47b8      	blx	r7
10002688:	4555      	cmp	r5, sl
1000268a:	d1f7      	bne.n	1000267c <_ftoa+0x42c>
1000268c:	4655      	mov	r5, sl
1000268e:	4c1e      	ldr	r4, [pc, #120]	@ (10002708 <_ftoa+0x4b8>)
10002690:	1ee6      	subs	r6, r4, #3
10002692:	f814 0d01 	ldrb.w	r0, [r4, #-1]!
10002696:	462a      	mov	r2, r5
10002698:	464b      	mov	r3, r9
1000269a:	4641      	mov	r1, r8
1000269c:	47b8      	blx	r7
1000269e:	42a6      	cmp	r6, r4
100026a0:	f105 0501 	add.w	r5, r5, #1
100026a4:	d1f5      	bne.n	10002692 <_ftoa+0x442>
100026a6:	9b07      	ldr	r3, [sp, #28]
100026a8:	f10a 0a03 	add.w	sl, sl, #3
100026ac:	079d      	lsls	r5, r3, #30
100026ae:	f57f aed5 	bpl.w	1000245c <_ftoa+0x20c>
100026b2:	9c0c      	ldr	r4, [sp, #48]	@ 0x30
100026b4:	ebaa 0304 	sub.w	r3, sl, r4
100026b8:	459b      	cmp	fp, r3
100026ba:	f67f aecf 	bls.w	1000245c <_ftoa+0x20c>
100026be:	4652      	mov	r2, sl
100026c0:	464b      	mov	r3, r9
100026c2:	4641      	mov	r1, r8
100026c4:	2020      	movs	r0, #32
100026c6:	f10a 0a01 	add.w	sl, sl, #1
100026ca:	47b8      	blx	r7
100026cc:	ebaa 0304 	sub.w	r3, sl, r4
100026d0:	459b      	cmp	fp, r3
100026d2:	d8f4      	bhi.n	100026be <_ftoa+0x46e>
100026d4:	e6c2      	b.n	1000245c <_ftoa+0x20c>
100026d6:	f8dd a030 	ldr.w	sl, [sp, #48]	@ 0x30
100026da:	e7d7      	b.n	1000268c <_ftoa+0x43c>
100026dc:	45ab      	cmp	fp, r5
100026de:	f63f aea3 	bhi.w	10002428 <_ftoa+0x1d8>
100026e2:	e6ae      	b.n	10002442 <_ftoa+0x1f2>
100026e4:	f1bb 0f00 	cmp.w	fp, #0
100026e8:	f43f af7a 	beq.w	100025e0 <_ftoa+0x390>
100026ec:	9b0d      	ldr	r3, [sp, #52]	@ 0x34
100026ee:	2b00      	cmp	r3, #0
100026f0:	d09f      	beq.n	10002632 <_ftoa+0x3e2>
100026f2:	f10b 3bff 	add.w	fp, fp, #4294967295
100026f6:	455d      	cmp	r5, fp
100026f8:	f4ff ae96 	bcc.w	10002428 <_ftoa+0x1d8>
100026fc:	2d20      	cmp	r5, #32
100026fe:	f47f af74 	bne.w	100025ea <_ftoa+0x39a>
10002702:	e69e      	b.n	10002442 <_ftoa+0x1f2>
10002704:	3fe00000 	.word	0x3fe00000
10002708:	100092b3 	.word	0x100092b3
1000270c:	00000000 	.word	0x00000000

10002710 <_etoa>:
10002710:	e92d 4ff0 	stmdb	sp!, {r4, r5, r6, r7, r8, r9, sl, fp, lr}
10002714:	b09f      	sub	sp, #124	@ 0x7c
10002716:	9e2a      	ldr	r6, [sp, #168]	@ 0xa8
10002718:	e9dd 4528 	ldrd	r4, r5, [sp, #160]	@ 0xa0
1000271c:	4607      	mov	r7, r0
1000271e:	4693      	mov	fp, r2
10002720:	9108      	str	r1, [sp, #32]
10002722:	9309      	str	r3, [sp, #36]	@ 0x24
10002724:	4622      	mov	r2, r4
10002726:	462b      	mov	r3, r5
10002728:	4620      	mov	r0, r4
1000272a:	4629      	mov	r1, r5
1000272c:	960e      	str	r6, [sp, #56]	@ 0x38
1000272e:	e9dd a62b 	ldrd	sl, r6, [sp, #172]	@ 0xac
10002732:	f7ff fbd7 	bl	10001ee4 <__wrap___aeabi_dcmpun>
10002736:	2800      	cmp	r0, #0
10002738:	f040 80be 	bne.w	100028b8 <_etoa+0x1a8>
1000273c:	4620      	mov	r0, r4
1000273e:	4629      	mov	r1, r5
10002740:	f04f 32ff 	mov.w	r2, #4294967295
10002744:	4b78      	ldr	r3, [pc, #480]	@ (10002928 <_etoa+0x218>)
10002746:	f7ff fc1b 	bl	10001f80 <__wrap___aeabi_dcmpgt>
1000274a:	2800      	cmp	r0, #0
1000274c:	f040 80b4 	bne.w	100028b8 <_etoa+0x1a8>
10002750:	4620      	mov	r0, r4
10002752:	4629      	mov	r1, r5
10002754:	f04f 32ff 	mov.w	r2, #4294967295
10002758:	f46f 1380 	mvn.w	r3, #1048576	@ 0x100000
1000275c:	f7ff fbd4 	bl	10001f08 <__wrap___aeabi_dcmplt>
10002760:	2800      	cmp	r0, #0
10002762:	f040 80a9 	bne.w	100028b8 <_etoa+0x1a8>
10002766:	4620      	mov	r0, r4
10002768:	4629      	mov	r1, r5
1000276a:	2200      	movs	r2, #0
1000276c:	2300      	movs	r3, #0
1000276e:	f7ff fbcb 	bl	10001f08 <__wrap___aeabi_dcmplt>
10002772:	2800      	cmp	r0, #0
10002774:	f040 81d5 	bne.w	10002b22 <_etoa+0x412>
10002778:	e9cd 450a 	strd	r4, r5, [sp, #40]	@ 0x28
1000277c:	e9dd 230a 	ldrd	r2, r3, [sp, #40]	@ 0x28
10002780:	4690      	mov	r8, r2
10002782:	4699      	mov	r9, r3
10002784:	f406 6200 	and.w	r2, r6, #2048	@ 0x800
10002788:	f416 6380 	ands.w	r3, r6, #1024	@ 0x400
1000278c:	920f      	str	r2, [sp, #60]	@ 0x3c
1000278e:	9313      	str	r3, [sp, #76]	@ 0x4c
10002790:	f040 80a1 	bne.w	100028d6 <_etoa+0x1c6>
10002794:	ea58 0309 	orrs.w	r3, r8, r9
10002798:	f040 80ca 	bne.w	10002930 <_etoa+0x220>
1000279c:	2a00      	cmp	r2, #0
1000279e:	f040 81e3 	bne.w	10002b68 <_etoa+0x458>
100027a2:	2306      	movs	r3, #6
100027a4:	930e      	str	r3, [sp, #56]	@ 0x38
100027a6:	f016 0202 	ands.w	r2, r6, #2
100027aa:	9210      	str	r2, [sp, #64]	@ 0x40
100027ac:	f040 81d4 	bne.w	10002b58 <_etoa+0x448>
100027b0:	4653      	mov	r3, sl
100027b2:	2b04      	cmp	r3, #4
100027b4:	bf38      	it	cc
100027b6:	2304      	movcc	r3, #4
100027b8:	920c      	str	r2, [sp, #48]	@ 0x30
100027ba:	2204      	movs	r2, #4
100027bc:	3b04      	subs	r3, #4
100027be:	9212      	str	r2, [sp, #72]	@ 0x48
100027c0:	930f      	str	r3, [sp, #60]	@ 0x3c
100027c2:	4620      	mov	r0, r4
100027c4:	4629      	mov	r1, r5
100027c6:	2200      	movs	r2, #0
100027c8:	2300      	movs	r3, #0
100027ca:	f7ff fb9d 	bl	10001f08 <__wrap___aeabi_dcmplt>
100027ce:	2800      	cmp	r0, #0
100027d0:	f040 81f3 	bne.w	10002bba <_etoa+0x4aa>
100027d4:	ed9d 7b0a 	vldr	d7, [sp, #40]	@ 0x28
100027d8:	9b0f      	ldr	r3, [sp, #60]	@ 0x3c
100027da:	465a      	mov	r2, fp
100027dc:	9303      	str	r3, [sp, #12]
100027de:	9b0e      	ldr	r3, [sp, #56]	@ 0x38
100027e0:	ed8d 7b00 	vstr	d7, [sp]
100027e4:	9302      	str	r3, [sp, #8]
100027e6:	f426 6300 	bic.w	r3, r6, #2048	@ 0x800
100027ea:	9304      	str	r3, [sp, #16]
100027ec:	4638      	mov	r0, r7
100027ee:	9b09      	ldr	r3, [sp, #36]	@ 0x24
100027f0:	9908      	ldr	r1, [sp, #32]
100027f2:	f7ff fd2d 	bl	10002250 <_ftoa>
100027f6:	4602      	mov	r2, r0
100027f8:	f016 0f20 	tst.w	r6, #32
100027fc:	9b09      	ldr	r3, [sp, #36]	@ 0x24
100027fe:	9908      	ldr	r1, [sp, #32]
10002800:	bf0c      	ite	eq
10002802:	2065      	moveq	r0, #101	@ 0x65
10002804:	2045      	movne	r0, #69	@ 0x45
10002806:	f102 0801 	add.w	r8, r2, #1
1000280a:	47b8      	blx	r7
1000280c:	9a0c      	ldr	r2, [sp, #48]	@ 0x30
1000280e:	9b12      	ldr	r3, [sp, #72]	@ 0x48
10002810:	ac16      	add	r4, sp, #88	@ 0x58
10002812:	1e5d      	subs	r5, r3, #1
10002814:	ea82 73e2 	eor.w	r3, r2, r2, asr #31
10002818:	eba3 73e2 	sub.w	r3, r3, r2, asr #31
1000281c:	0fd1      	lsrs	r1, r2, #31
1000281e:	2600      	movs	r6, #0
10002820:	4622      	mov	r2, r4
10002822:	4699      	mov	r9, r3
10002824:	f8df c104 	ldr.w	ip, [pc, #260]	@ 1000292c <_etoa+0x21c>
10002828:	e001      	b.n	1000282e <_etoa+0x11e>
1000282a:	2e20      	cmp	r6, #32
1000282c:	d010      	beq.n	10002850 <_etoa+0x140>
1000282e:	46ce      	mov	lr, r9
10002830:	fbac 3009 	umull	r3, r0, ip, r9
10002834:	08c0      	lsrs	r0, r0, #3
10002836:	eb00 0380 	add.w	r3, r0, r0, lsl #2
1000283a:	eba9 0343 	sub.w	r3, r9, r3, lsl #1
1000283e:	3330      	adds	r3, #48	@ 0x30
10002840:	f1be 0f09 	cmp.w	lr, #9
10002844:	4681      	mov	r9, r0
10002846:	f106 0601 	add.w	r6, r6, #1
1000284a:	f802 3b01 	strb.w	r3, [r2], #1
1000284e:	d8ec      	bhi.n	1000282a <_etoa+0x11a>
10002850:	2305      	movs	r3, #5
10002852:	2000      	movs	r0, #0
10002854:	9306      	str	r3, [sp, #24]
10002856:	230a      	movs	r3, #10
10002858:	9505      	str	r5, [sp, #20]
1000285a:	9400      	str	r4, [sp, #0]
1000285c:	9d09      	ldr	r5, [sp, #36]	@ 0x24
1000285e:	9c08      	ldr	r4, [sp, #32]
10002860:	4642      	mov	r2, r8
10002862:	e9cd 3003 	strd	r3, r0, [sp, #12]
10002866:	e9cd 6101 	strd	r6, r1, [sp, #4]
1000286a:	462b      	mov	r3, r5
1000286c:	4621      	mov	r1, r4
1000286e:	4638      	mov	r0, r7
10002870:	f7ff fbfa 	bl	10002068 <_ntoa_format>
10002874:	9a10      	ldr	r2, [sp, #64]	@ 0x40
10002876:	4680      	mov	r8, r0
10002878:	b1d2      	cbz	r2, 100028b0 <_etoa+0x1a0>
1000287a:	eba0 060b 	sub.w	r6, r0, fp
1000287e:	45b2      	cmp	sl, r6
10002880:	d916      	bls.n	100028b0 <_etoa+0x1a0>
10002882:	eb0b 0206 	add.w	r2, fp, r6
10002886:	462b      	mov	r3, r5
10002888:	4621      	mov	r1, r4
1000288a:	2020      	movs	r0, #32
1000288c:	3601      	adds	r6, #1
1000288e:	47b8      	blx	r7
10002890:	45b2      	cmp	sl, r6
10002892:	d8f6      	bhi.n	10002882 <_etoa+0x172>
10002894:	f10b 33ff 	add.w	r3, fp, #4294967295
10002898:	4453      	add	r3, sl
1000289a:	f1cb 0201 	rsb	r2, fp, #1
1000289e:	eba3 0308 	sub.w	r3, r3, r8
100028a2:	4442      	add	r2, r8
100028a4:	4592      	cmp	sl, r2
100028a6:	bf38      	it	cc
100028a8:	2300      	movcc	r3, #0
100028aa:	f108 0801 	add.w	r8, r8, #1
100028ae:	4498      	add	r8, r3
100028b0:	4640      	mov	r0, r8
100028b2:	b01f      	add	sp, #124	@ 0x7c
100028b4:	e8bd 8ff0 	ldmia.w	sp!, {r4, r5, r6, r7, r8, r9, sl, fp, pc}
100028b8:	465a      	mov	r2, fp
100028ba:	4638      	mov	r0, r7
100028bc:	e9cd 4528 	strd	r4, r5, [sp, #160]	@ 0xa0
100028c0:	e9cd a62b 	strd	sl, r6, [sp, #172]	@ 0xac
100028c4:	9c0e      	ldr	r4, [sp, #56]	@ 0x38
100028c6:	9b09      	ldr	r3, [sp, #36]	@ 0x24
100028c8:	9908      	ldr	r1, [sp, #32]
100028ca:	942a      	str	r4, [sp, #168]	@ 0xa8
100028cc:	b01f      	add	sp, #124	@ 0x7c
100028ce:	e8bd 4ff0 	ldmia.w	sp!, {r4, r5, r6, r7, r8, r9, sl, fp, lr}
100028d2:	f7ff bcbd 	b.w	10002250 <_ftoa>
100028d6:	ea58 0309 	orrs.w	r3, r8, r9
100028da:	d12b      	bne.n	10002934 <_etoa+0x224>
100028dc:	2a00      	cmp	r2, #0
100028de:	f43f af62 	beq.w	100027a6 <_etoa+0x96>
100028e2:	2300      	movs	r3, #0
100028e4:	930c      	str	r3, [sp, #48]	@ 0x30
100028e6:	9b0e      	ldr	r3, [sp, #56]	@ 0x38
100028e8:	9a0c      	ldr	r2, [sp, #48]	@ 0x30
100028ea:	4293      	cmp	r3, r2
100028ec:	f300 81b9 	bgt.w	10002c62 <_etoa+0x552>
100028f0:	f04f 0800 	mov.w	r8, #0
100028f4:	4620      	mov	r0, r4
100028f6:	4629      	mov	r1, r5
100028f8:	2200      	movs	r2, #0
100028fa:	2300      	movs	r3, #0
100028fc:	f7ff fb04 	bl	10001f08 <__wrap___aeabi_dcmplt>
10002900:	2800      	cmp	r0, #0
10002902:	f040 8113 	bne.w	10002b2c <_etoa+0x41c>
10002906:	ed9d 7b0a 	vldr	d7, [sp, #40]	@ 0x28
1000290a:	f426 6600 	bic.w	r6, r6, #2048	@ 0x800
1000290e:	f446 6680 	orr.w	r6, r6, #1024	@ 0x400
10002912:	ed8d 7b28 	vstr	d7, [sp, #160]	@ 0xa0
10002916:	465a      	mov	r2, fp
10002918:	4638      	mov	r0, r7
1000291a:	e9cd 8a2a 	strd	r8, sl, [sp, #168]	@ 0xa8
1000291e:	9b09      	ldr	r3, [sp, #36]	@ 0x24
10002920:	9908      	ldr	r1, [sp, #32]
10002922:	962c      	str	r6, [sp, #176]	@ 0xb0
10002924:	e7d2      	b.n	100028cc <_etoa+0x1bc>
10002926:	bf00      	nop
10002928:	7fefffff 	.word	0x7fefffff
1000292c:	cccccccd 	.word	0xcccccccd
10002930:	2306      	movs	r3, #6
10002932:	930e      	str	r3, [sp, #56]	@ 0x38
10002934:	f3c9 500a 	ubfx	r0, r9, #20, #11
10002938:	f2a0 30ff 	subw	r0, r0, #1023	@ 0x3ff
1000293c:	f7ff fa8a 	bl	10001e54 <__wrap___aeabi_i2d>
10002940:	a3c1      	add	r3, pc, #772	@ (adr r3, 10002c48 <_etoa+0x538>)
10002942:	e9d3 2300 	ldrd	r2, r3, [r3]
10002946:	f7ff fa11 	bl	10001d6c <__wrap___aeabi_dmul>
1000294a:	a3c1      	add	r3, pc, #772	@ (adr r3, 10002c50 <_etoa+0x540>)
1000294c:	e9d3 2300 	ldrd	r2, r3, [r3]
10002950:	f7ff f9e4 	bl	10001d1c <__wrap___aeabi_dadd>
10002954:	f3c9 0913 	ubfx	r9, r9, #0, #20
10002958:	e9cd 010c 	strd	r0, r1, [sp, #48]	@ 0x30
1000295c:	f049 517f 	orr.w	r1, r9, #1069547520	@ 0x3fc00000
10002960:	4640      	mov	r0, r8
10002962:	2200      	movs	r2, #0
10002964:	4bb2      	ldr	r3, [pc, #712]	@ (10002c30 <_etoa+0x520>)
10002966:	f441 1140 	orr.w	r1, r1, #3145728	@ 0x300000
1000296a:	f7ff f9eb 	bl	10001d44 <__wrap___aeabi_dsub>
1000296e:	a3a4      	add	r3, pc, #656	@ (adr r3, 10002c00 <_etoa+0x4f0>)
10002970:	e9d3 2300 	ldrd	r2, r3, [r3]
10002974:	f7ff f9fa 	bl	10001d6c <__wrap___aeabi_dmul>
10002978:	4602      	mov	r2, r0
1000297a:	460b      	mov	r3, r1
1000297c:	e9dd 010c 	ldrd	r0, r1, [sp, #48]	@ 0x30
10002980:	f7ff f9cc 	bl	10001d1c <__wrap___aeabi_dadd>
10002984:	f7ff fa8a 	bl	10001e9c <__wrap___aeabi_d2iz>
10002988:	900c      	str	r0, [sp, #48]	@ 0x30
1000298a:	f7ff fa63 	bl	10001e54 <__wrap___aeabi_i2d>
1000298e:	a39e      	add	r3, pc, #632	@ (adr r3, 10002c08 <_etoa+0x4f8>)
10002990:	e9d3 2300 	ldrd	r2, r3, [r3]
10002994:	4680      	mov	r8, r0
10002996:	4689      	mov	r9, r1
10002998:	f7ff f9e8 	bl	10001d6c <__wrap___aeabi_dmul>
1000299c:	2200      	movs	r2, #0
1000299e:	4ba5      	ldr	r3, [pc, #660]	@ (10002c34 <_etoa+0x524>)
100029a0:	f7ff f9bc 	bl	10001d1c <__wrap___aeabi_dadd>
100029a4:	f7ff fa7a 	bl	10001e9c <__wrap___aeabi_d2iz>
100029a8:	4603      	mov	r3, r0
100029aa:	4649      	mov	r1, r9
100029ac:	4640      	mov	r0, r8
100029ae:	9312      	str	r3, [sp, #72]	@ 0x48
100029b0:	a397      	add	r3, pc, #604	@ (adr r3, 10002c10 <_etoa+0x500>)
100029b2:	e9d3 2300 	ldrd	r2, r3, [r3]
100029b6:	f7ff f9d9 	bl	10001d6c <__wrap___aeabi_dmul>
100029ba:	4680      	mov	r8, r0
100029bc:	9812      	ldr	r0, [sp, #72]	@ 0x48
100029be:	4689      	mov	r9, r1
100029c0:	f7ff fa48 	bl	10001e54 <__wrap___aeabi_i2d>
100029c4:	a394      	add	r3, pc, #592	@ (adr r3, 10002c18 <_etoa+0x508>)
100029c6:	e9d3 2300 	ldrd	r2, r3, [r3]
100029ca:	f7ff f9cf 	bl	10001d6c <__wrap___aeabi_dmul>
100029ce:	4602      	mov	r2, r0
100029d0:	460b      	mov	r3, r1
100029d2:	4640      	mov	r0, r8
100029d4:	4649      	mov	r1, r9
100029d6:	f7ff f9b5 	bl	10001d44 <__wrap___aeabi_dsub>
100029da:	4602      	mov	r2, r0
100029dc:	460b      	mov	r3, r1
100029de:	4680      	mov	r8, r0
100029e0:	4689      	mov	r9, r1
100029e2:	f7ff f9c3 	bl	10001d6c <__wrap___aeabi_dmul>
100029e6:	4642      	mov	r2, r8
100029e8:	464b      	mov	r3, r9
100029ea:	e9cd 0110 	strd	r0, r1, [sp, #64]	@ 0x40
100029ee:	4640      	mov	r0, r8
100029f0:	4649      	mov	r1, r9
100029f2:	f7ff f993 	bl	10001d1c <__wrap___aeabi_dadd>
100029f6:	2200      	movs	r2, #0
100029f8:	e9cd 0114 	strd	r0, r1, [sp, #80]	@ 0x50
100029fc:	e9dd 0110 	ldrd	r0, r1, [sp, #64]	@ 0x40
10002a00:	4b8d      	ldr	r3, [pc, #564]	@ (10002c38 <_etoa+0x528>)
10002a02:	f7ff f9d9 	bl	10001db8 <__wrap___aeabi_ddiv>
10002a06:	2200      	movs	r2, #0
10002a08:	4b8c      	ldr	r3, [pc, #560]	@ (10002c3c <_etoa+0x52c>)
10002a0a:	f7ff f987 	bl	10001d1c <__wrap___aeabi_dadd>
10002a0e:	4602      	mov	r2, r0
10002a10:	460b      	mov	r3, r1
10002a12:	e9dd 0110 	ldrd	r0, r1, [sp, #64]	@ 0x40
10002a16:	f7ff f9cf 	bl	10001db8 <__wrap___aeabi_ddiv>
10002a1a:	2200      	movs	r2, #0
10002a1c:	4b88      	ldr	r3, [pc, #544]	@ (10002c40 <_etoa+0x530>)
10002a1e:	f7ff f97d 	bl	10001d1c <__wrap___aeabi_dadd>
10002a22:	4602      	mov	r2, r0
10002a24:	460b      	mov	r3, r1
10002a26:	e9dd 0110 	ldrd	r0, r1, [sp, #64]	@ 0x40
10002a2a:	f7ff f9c5 	bl	10001db8 <__wrap___aeabi_ddiv>
10002a2e:	4642      	mov	r2, r8
10002a30:	464b      	mov	r3, r9
10002a32:	4680      	mov	r8, r0
10002a34:	4689      	mov	r9, r1
10002a36:	2000      	movs	r0, #0
10002a38:	f04f 4180 	mov.w	r1, #1073741824	@ 0x40000000
10002a3c:	f7ff f982 	bl	10001d44 <__wrap___aeabi_dsub>
10002a40:	4602      	mov	r2, r0
10002a42:	460b      	mov	r3, r1
10002a44:	4640      	mov	r0, r8
10002a46:	4649      	mov	r1, r9
10002a48:	f7ff f968 	bl	10001d1c <__wrap___aeabi_dadd>
10002a4c:	4602      	mov	r2, r0
10002a4e:	460b      	mov	r3, r1
10002a50:	e9dd 0114 	ldrd	r0, r1, [sp, #80]	@ 0x50
10002a54:	f7ff f9b0 	bl	10001db8 <__wrap___aeabi_ddiv>
10002a58:	2200      	movs	r2, #0
10002a5a:	4b7a      	ldr	r3, [pc, #488]	@ (10002c44 <_etoa+0x534>)
10002a5c:	f7ff f95e 	bl	10001d1c <__wrap___aeabi_dadd>
10002a60:	9b12      	ldr	r3, [sp, #72]	@ 0x48
10002a62:	2200      	movs	r2, #0
10002a64:	f203 3cff 	addw	ip, r3, #1023	@ 0x3ff
10002a68:	ea4f 530c 	mov.w	r3, ip, lsl #20
10002a6c:	f7ff f97e 	bl	10001d6c <__wrap___aeabi_dmul>
10002a70:	4680      	mov	r8, r0
10002a72:	4689      	mov	r9, r1
10002a74:	e9dd 010a 	ldrd	r0, r1, [sp, #40]	@ 0x28
10002a78:	4642      	mov	r2, r8
10002a7a:	464b      	mov	r3, r9
10002a7c:	f7ff fa44 	bl	10001f08 <__wrap___aeabi_dcmplt>
10002a80:	b150      	cbz	r0, 10002a98 <_etoa+0x388>
10002a82:	9b0c      	ldr	r3, [sp, #48]	@ 0x30
10002a84:	4640      	mov	r0, r8
10002a86:	3b01      	subs	r3, #1
10002a88:	4649      	mov	r1, r9
10002a8a:	930c      	str	r3, [sp, #48]	@ 0x30
10002a8c:	2200      	movs	r2, #0
10002a8e:	4b6b      	ldr	r3, [pc, #428]	@ (10002c3c <_etoa+0x52c>)
10002a90:	f7ff f992 	bl	10001db8 <__wrap___aeabi_ddiv>
10002a94:	4680      	mov	r8, r0
10002a96:	4689      	mov	r9, r1
10002a98:	9a0c      	ldr	r2, [sp, #48]	@ 0x30
10002a9a:	4643      	mov	r3, r8
10002a9c:	3263      	adds	r2, #99	@ 0x63
10002a9e:	2ac6      	cmp	r2, #198	@ 0xc6
10002aa0:	f006 0202 	and.w	r2, r6, #2
10002aa4:	9210      	str	r2, [sp, #64]	@ 0x40
10002aa6:	4649      	mov	r1, r9
10002aa8:	9a0f      	ldr	r2, [sp, #60]	@ 0x3c
10002aaa:	d82c      	bhi.n	10002b06 <_etoa+0x3f6>
10002aac:	2a00      	cmp	r2, #0
10002aae:	d05e      	beq.n	10002b6e <_etoa+0x45e>
10002ab0:	2204      	movs	r2, #4
10002ab2:	9212      	str	r2, [sp, #72]	@ 0x48
10002ab4:	430b      	orrs	r3, r1
10002ab6:	f43f af16 	beq.w	100028e6 <_etoa+0x1d6>
10002aba:	e9dd 010a 	ldrd	r0, r1, [sp, #40]	@ 0x28
10002abe:	a358      	add	r3, pc, #352	@ (adr r3, 10002c20 <_etoa+0x510>)
10002ac0:	e9d3 2300 	ldrd	r2, r3, [r3]
10002ac4:	f7ff fa48 	bl	10001f58 <__wrap___aeabi_dcmpge>
10002ac8:	b148      	cbz	r0, 10002ade <_etoa+0x3ce>
10002aca:	e9dd 010a 	ldrd	r0, r1, [sp, #40]	@ 0x28
10002ace:	a356      	add	r3, pc, #344	@ (adr r3, 10002c28 <_etoa+0x518>)
10002ad0:	e9d3 2300 	ldrd	r2, r3, [r3]
10002ad4:	f7ff fa18 	bl	10001f08 <__wrap___aeabi_dcmplt>
10002ad8:	2800      	cmp	r0, #0
10002ada:	f47f af04 	bne.w	100028e6 <_etoa+0x1d6>
10002ade:	9b0e      	ldr	r3, [sp, #56]	@ 0x38
10002ae0:	2b00      	cmp	r3, #0
10002ae2:	d050      	beq.n	10002b86 <_etoa+0x476>
10002ae4:	9a13      	ldr	r2, [sp, #76]	@ 0x4c
10002ae6:	2a00      	cmp	r2, #0
10002ae8:	d07d      	beq.n	10002be6 <_etoa+0x4d6>
10002aea:	3b01      	subs	r3, #1
10002aec:	930e      	str	r3, [sp, #56]	@ 0x38
10002aee:	9b12      	ldr	r3, [sp, #72]	@ 0x48
10002af0:	459a      	cmp	sl, r3
10002af2:	d905      	bls.n	10002b00 <_etoa+0x3f0>
10002af4:	9b10      	ldr	r3, [sp, #64]	@ 0x40
10002af6:	2b00      	cmp	r3, #0
10002af8:	f000 80ae 	beq.w	10002c58 <_etoa+0x548>
10002afc:	2302      	movs	r3, #2
10002afe:	9310      	str	r3, [sp, #64]	@ 0x40
10002b00:	2300      	movs	r3, #0
10002b02:	930f      	str	r3, [sp, #60]	@ 0x3c
10002b04:	e044      	b.n	10002b90 <_etoa+0x480>
10002b06:	bb22      	cbnz	r2, 10002b52 <_etoa+0x442>
10002b08:	f1ba 0f05 	cmp.w	sl, #5
10002b0c:	d94f      	bls.n	10002bae <_etoa+0x49e>
10002b0e:	f006 0302 	and.w	r3, r6, #2
10002b12:	2b00      	cmp	r3, #0
10002b14:	d149      	bne.n	10002baa <_etoa+0x49a>
10002b16:	2305      	movs	r3, #5
10002b18:	9312      	str	r3, [sp, #72]	@ 0x48
10002b1a:	f1aa 0305 	sub.w	r3, sl, #5
10002b1e:	930f      	str	r3, [sp, #60]	@ 0x3c
10002b20:	e03a      	b.n	10002b98 <_etoa+0x488>
10002b22:	f105 4300 	add.w	r3, r5, #2147483648	@ 0x80000000
10002b26:	940a      	str	r4, [sp, #40]	@ 0x28
10002b28:	930b      	str	r3, [sp, #44]	@ 0x2c
10002b2a:	e627      	b.n	1000277c <_etoa+0x6c>
10002b2c:	f426 6600 	bic.w	r6, r6, #2048	@ 0x800
10002b30:	f446 6680 	orr.w	r6, r6, #1024	@ 0x400
10002b34:	4638      	mov	r0, r7
10002b36:	962c      	str	r6, [sp, #176]	@ 0xb0
10002b38:	e9dd 670a 	ldrd	r6, r7, [sp, #40]	@ 0x28
10002b3c:	4634      	mov	r4, r6
10002b3e:	f107 4500 	add.w	r5, r7, #2147483648	@ 0x80000000
10002b42:	465a      	mov	r2, fp
10002b44:	e9cd 8a2a 	strd	r8, sl, [sp, #168]	@ 0xa8
10002b48:	e9cd 4528 	strd	r4, r5, [sp, #160]	@ 0xa0
10002b4c:	9b09      	ldr	r3, [sp, #36]	@ 0x24
10002b4e:	9908      	ldr	r1, [sp, #32]
10002b50:	e6bc      	b.n	100028cc <_etoa+0x1bc>
10002b52:	2205      	movs	r2, #5
10002b54:	9212      	str	r2, [sp, #72]	@ 0x48
10002b56:	e7ad      	b.n	10002ab4 <_etoa+0x3a4>
10002b58:	2300      	movs	r3, #0
10002b5a:	2202      	movs	r2, #2
10002b5c:	e9cd 320f 	strd	r3, r2, [sp, #60]	@ 0x3c
10002b60:	2204      	movs	r2, #4
10002b62:	930c      	str	r3, [sp, #48]	@ 0x30
10002b64:	9212      	str	r2, [sp, #72]	@ 0x48
10002b66:	e62c      	b.n	100027c2 <_etoa+0xb2>
10002b68:	f04f 0805 	mov.w	r8, #5
10002b6c:	e6c2      	b.n	100028f4 <_etoa+0x1e4>
10002b6e:	f1ba 0f04 	cmp.w	sl, #4
10002b72:	d91f      	bls.n	10002bb4 <_etoa+0x4a4>
10002b74:	9b10      	ldr	r3, [sp, #64]	@ 0x40
10002b76:	2b00      	cmp	r3, #0
10002b78:	d178      	bne.n	10002c6c <_etoa+0x55c>
10002b7a:	2304      	movs	r3, #4
10002b7c:	9312      	str	r3, [sp, #72]	@ 0x48
10002b7e:	f1aa 0304 	sub.w	r3, sl, #4
10002b82:	930f      	str	r3, [sp, #60]	@ 0x3c
10002b84:	e004      	b.n	10002b90 <_etoa+0x480>
10002b86:	9b12      	ldr	r3, [sp, #72]	@ 0x48
10002b88:	459a      	cmp	sl, r3
10002b8a:	d831      	bhi.n	10002bf0 <_etoa+0x4e0>
10002b8c:	9b0e      	ldr	r3, [sp, #56]	@ 0x38
10002b8e:	930f      	str	r3, [sp, #60]	@ 0x3c
10002b90:	9b0c      	ldr	r3, [sp, #48]	@ 0x30
10002b92:	2b00      	cmp	r3, #0
10002b94:	f43f ae15 	beq.w	100027c2 <_etoa+0xb2>
10002b98:	e9dd 010a 	ldrd	r0, r1, [sp, #40]	@ 0x28
10002b9c:	4642      	mov	r2, r8
10002b9e:	464b      	mov	r3, r9
10002ba0:	f7ff f90a 	bl	10001db8 <__wrap___aeabi_ddiv>
10002ba4:	e9cd 010a 	strd	r0, r1, [sp, #40]	@ 0x28
10002ba8:	e60b      	b.n	100027c2 <_etoa+0xb2>
10002baa:	2302      	movs	r3, #2
10002bac:	9310      	str	r3, [sp, #64]	@ 0x40
10002bae:	2305      	movs	r3, #5
10002bb0:	9312      	str	r3, [sp, #72]	@ 0x48
10002bb2:	e7f1      	b.n	10002b98 <_etoa+0x488>
10002bb4:	2304      	movs	r3, #4
10002bb6:	9312      	str	r3, [sp, #72]	@ 0x48
10002bb8:	e7ea      	b.n	10002b90 <_etoa+0x480>
10002bba:	e9dd 450a 	ldrd	r4, r5, [sp, #40]	@ 0x28
10002bbe:	46a0      	mov	r8, r4
10002bc0:	9b0f      	ldr	r3, [sp, #60]	@ 0x3c
10002bc2:	f105 4900 	add.w	r9, r5, #2147483648	@ 0x80000000
10002bc6:	9303      	str	r3, [sp, #12]
10002bc8:	9b0e      	ldr	r3, [sp, #56]	@ 0x38
10002bca:	465a      	mov	r2, fp
10002bcc:	9302      	str	r3, [sp, #8]
10002bce:	f426 6300 	bic.w	r3, r6, #2048	@ 0x800
10002bd2:	9304      	str	r3, [sp, #16]
10002bd4:	4638      	mov	r0, r7
10002bd6:	e9cd 8900 	strd	r8, r9, [sp]
10002bda:	9b09      	ldr	r3, [sp, #36]	@ 0x24
10002bdc:	9908      	ldr	r1, [sp, #32]
10002bde:	f7ff fb37 	bl	10002250 <_ftoa>
10002be2:	4602      	mov	r2, r0
10002be4:	e608      	b.n	100027f8 <_etoa+0xe8>
10002be6:	9b12      	ldr	r3, [sp, #72]	@ 0x48
10002be8:	459a      	cmp	sl, r3
10002bea:	d844      	bhi.n	10002c76 <_etoa+0x566>
10002bec:	920f      	str	r2, [sp, #60]	@ 0x3c
10002bee:	e7cf      	b.n	10002b90 <_etoa+0x480>
10002bf0:	9b10      	ldr	r3, [sp, #64]	@ 0x40
10002bf2:	b38b      	cbz	r3, 10002c58 <_etoa+0x548>
10002bf4:	9b0e      	ldr	r3, [sp, #56]	@ 0x38
10002bf6:	930f      	str	r3, [sp, #60]	@ 0x3c
10002bf8:	2302      	movs	r3, #2
10002bfa:	9310      	str	r3, [sp, #64]	@ 0x40
10002bfc:	e7c8      	b.n	10002b90 <_etoa+0x480>
10002bfe:	bf00      	nop
10002c00:	636f4361 	.word	0x636f4361
10002c04:	3fd287a7 	.word	0x3fd287a7
10002c08:	0979a371 	.word	0x0979a371
10002c0c:	400a934f 	.word	0x400a934f
10002c10:	bbb55516 	.word	0xbbb55516
10002c14:	40026bb1 	.word	0x40026bb1
10002c18:	fefa39ef 	.word	0xfefa39ef
10002c1c:	3fe62e42 	.word	0x3fe62e42
10002c20:	eb1c432d 	.word	0xeb1c432d
10002c24:	3f1a36e2 	.word	0x3f1a36e2
10002c28:	00000000 	.word	0x00000000
10002c2c:	412e8480 	.word	0x412e8480
10002c30:	3ff80000 	.word	0x3ff80000
10002c34:	3fe00000 	.word	0x3fe00000
10002c38:	402c0000 	.word	0x402c0000
10002c3c:	40240000 	.word	0x40240000
10002c40:	40180000 	.word	0x40180000
10002c44:	3ff00000 	.word	0x3ff00000
10002c48:	509f79fb 	.word	0x509f79fb
10002c4c:	3fd34413 	.word	0x3fd34413
10002c50:	8b60c8b3 	.word	0x8b60c8b3
10002c54:	3fc68a28 	.word	0x3fc68a28
10002c58:	9b12      	ldr	r3, [sp, #72]	@ 0x48
10002c5a:	ebaa 0303 	sub.w	r3, sl, r3
10002c5e:	930f      	str	r3, [sp, #60]	@ 0x3c
10002c60:	e796      	b.n	10002b90 <_etoa+0x480>
10002c62:	eba3 0802 	sub.w	r8, r3, r2
10002c66:	f108 38ff 	add.w	r8, r8, #4294967295
10002c6a:	e643      	b.n	100028f4 <_etoa+0x1e4>
10002c6c:	2304      	movs	r3, #4
10002c6e:	9312      	str	r3, [sp, #72]	@ 0x48
10002c70:	2302      	movs	r3, #2
10002c72:	9310      	str	r3, [sp, #64]	@ 0x40
10002c74:	e78c      	b.n	10002b90 <_etoa+0x480>
10002c76:	9b10      	ldr	r3, [sp, #64]	@ 0x40
10002c78:	2b00      	cmp	r3, #0
10002c7a:	d0ed      	beq.n	10002c58 <_etoa+0x548>
10002c7c:	2302      	movs	r3, #2
10002c7e:	920f      	str	r2, [sp, #60]	@ 0x3c
10002c80:	9310      	str	r3, [sp, #64]	@ 0x40
10002c82:	e785      	b.n	10002b90 <_etoa+0x480>

10002c84 <_vsnprintf>:
10002c84:	e92d 4ff0 	stmdb	sp!, {r4, r5, r6, r7, r8, r9, sl, fp, lr}
10002c88:	b09b      	sub	sp, #108	@ 0x6c
10002c8a:	9c24      	ldr	r4, [sp, #144]	@ 0x90
10002c8c:	4d95      	ldr	r5, [pc, #596]	@ (10002ee4 <_vsnprintf+0x260>)
10002c8e:	940a      	str	r4, [sp, #40]	@ 0x28
10002c90:	4c95      	ldr	r4, [pc, #596]	@ (10002ee8 <_vsnprintf+0x264>)
10002c92:	f1b1 0a00 	subs.w	sl, r1, #0
10002c96:	bf18      	it	ne
10002c98:	4683      	movne	fp, r0
10002c9a:	6025      	str	r5, [r4, #0]
10002c9c:	7818      	ldrb	r0, [r3, #0]
10002c9e:	4c93      	ldr	r4, [pc, #588]	@ (10002eec <_vsnprintf+0x268>)
10002ca0:	4691      	mov	r9, r2
10002ca2:	bf08      	it	eq
10002ca4:	46a3      	moveq	fp, r4
10002ca6:	9309      	str	r3, [sp, #36]	@ 0x24
10002ca8:	2800      	cmp	r0, #0
10002caa:	f000 8293 	beq.w	100031d4 <_vsnprintf+0x550>
10002cae:	f04f 0800 	mov.w	r8, #0
10002cb2:	e00a      	b.n	10002cca <_vsnprintf+0x46>
10002cb4:	4642      	mov	r2, r8
10002cb6:	464b      	mov	r3, r9
10002cb8:	4651      	mov	r1, sl
10002cba:	f108 0801 	add.w	r8, r8, #1
10002cbe:	47d8      	blx	fp
10002cc0:	9b09      	ldr	r3, [sp, #36]	@ 0x24
10002cc2:	7818      	ldrb	r0, [r3, #0]
10002cc4:	2800      	cmp	r0, #0
10002cc6:	f000 80ce 	beq.w	10002e66 <_vsnprintf+0x1e2>
10002cca:	9b09      	ldr	r3, [sp, #36]	@ 0x24
10002ccc:	2825      	cmp	r0, #37	@ 0x25
10002cce:	f103 0301 	add.w	r3, r3, #1
10002cd2:	9309      	str	r3, [sp, #36]	@ 0x24
10002cd4:	d1ee      	bne.n	10002cb4 <_vsnprintf+0x30>
10002cd6:	461c      	mov	r4, r3
10002cd8:	2300      	movs	r3, #0
10002cda:	4622      	mov	r2, r4
10002cdc:	f812 0b01 	ldrb.w	r0, [r2], #1
10002ce0:	f1a0 0120 	sub.w	r1, r0, #32
10002ce4:	2910      	cmp	r1, #16
10002ce6:	d80a      	bhi.n	10002cfe <_vsnprintf+0x7a>
10002ce8:	e8df f001 	tbb	[pc, r1]
10002cec:	3c090940 	.word	0x3c090940
10002cf0:	09090909 	.word	0x09090909
10002cf4:	38090909 	.word	0x38090909
10002cf8:	09093409 	.word	0x09093409
10002cfc:	30          	.byte	0x30
10002cfd:	00          	.byte	0x00
10002cfe:	f1a0 0130 	sub.w	r1, r0, #48	@ 0x30
10002d02:	2909      	cmp	r1, #9
10002d04:	9409      	str	r4, [sp, #36]	@ 0x24
10002d06:	f240 808a 	bls.w	10002e1e <_vsnprintf+0x19a>
10002d0a:	282a      	cmp	r0, #42	@ 0x2a
10002d0c:	f000 80f0 	beq.w	10002ef0 <_vsnprintf+0x26c>
10002d10:	2500      	movs	r5, #0
10002d12:	282e      	cmp	r0, #46	@ 0x2e
10002d14:	f000 8096 	beq.w	10002e44 <_vsnprintf+0x1c0>
10002d18:	2600      	movs	r6, #0
10002d1a:	f1a0 0168 	sub.w	r1, r0, #104	@ 0x68
10002d1e:	2912      	cmp	r1, #18
10002d20:	d82d      	bhi.n	10002d7e <_vsnprintf+0xfa>
10002d22:	e8df f011 	tbh	[pc, r1, lsl #1]
10002d26:	0149      	.short	0x0149
10002d28:	0143002c 	.word	0x0143002c
10002d2c:	0138002c 	.word	0x0138002c
10002d30:	002c002c 	.word	0x002c002c
10002d34:	002c002c 	.word	0x002c002c
10002d38:	002c002c 	.word	0x002c002c
10002d3c:	0027002c 	.word	0x0027002c
10002d40:	002c002c 	.word	0x002c002c
10002d44:	002c002c 	.word	0x002c002c
10002d48:	0027002c 	.word	0x0027002c
10002d4c:	4614      	mov	r4, r2
10002d4e:	f043 0301 	orr.w	r3, r3, #1
10002d52:	e7c2      	b.n	10002cda <_vsnprintf+0x56>
10002d54:	4614      	mov	r4, r2
10002d56:	f043 0302 	orr.w	r3, r3, #2
10002d5a:	e7be      	b.n	10002cda <_vsnprintf+0x56>
10002d5c:	4614      	mov	r4, r2
10002d5e:	f043 0304 	orr.w	r3, r3, #4
10002d62:	e7ba      	b.n	10002cda <_vsnprintf+0x56>
10002d64:	4614      	mov	r4, r2
10002d66:	f043 0310 	orr.w	r3, r3, #16
10002d6a:	e7b6      	b.n	10002cda <_vsnprintf+0x56>
10002d6c:	4614      	mov	r4, r2
10002d6e:	f043 0308 	orr.w	r3, r3, #8
10002d72:	e7b2      	b.n	10002cda <_vsnprintf+0x56>
10002d74:	9909      	ldr	r1, [sp, #36]	@ 0x24
10002d76:	7848      	ldrb	r0, [r1, #1]
10002d78:	f443 7380 	orr.w	r3, r3, #256	@ 0x100
10002d7c:	3201      	adds	r2, #1
10002d7e:	2867      	cmp	r0, #103	@ 0x67
10002d80:	9209      	str	r2, [sp, #36]	@ 0x24
10002d82:	d87e      	bhi.n	10002e82 <_vsnprintf+0x1fe>
10002d84:	2824      	cmp	r0, #36	@ 0x24
10002d86:	f240 80c1 	bls.w	10002f0c <_vsnprintf+0x288>
10002d8a:	f1a0 0225 	sub.w	r2, r0, #37	@ 0x25
10002d8e:	2a42      	cmp	r2, #66	@ 0x42
10002d90:	f200 80bc 	bhi.w	10002f0c <_vsnprintf+0x288>
10002d94:	e8df f012 	tbh	[pc, r2, lsl #1]
10002d98:	00ba0150 	.word	0x00ba0150
10002d9c:	00ba00ba 	.word	0x00ba00ba
10002da0:	00ba00ba 	.word	0x00ba00ba
10002da4:	00ba00ba 	.word	0x00ba00ba
10002da8:	00ba00ba 	.word	0x00ba00ba
10002dac:	00ba00ba 	.word	0x00ba00ba
10002db0:	00ba00ba 	.word	0x00ba00ba
10002db4:	00ba00ba 	.word	0x00ba00ba
10002db8:	00ba00ba 	.word	0x00ba00ba
10002dbc:	00ba00ba 	.word	0x00ba00ba
10002dc0:	00ba00ba 	.word	0x00ba00ba
10002dc4:	00ba00ba 	.word	0x00ba00ba
10002dc8:	00ba00ba 	.word	0x00ba00ba
10002dcc:	00ba00ba 	.word	0x00ba00ba
10002dd0:	00ba00ba 	.word	0x00ba00ba
10002dd4:	00ba00ba 	.word	0x00ba00ba
10002dd8:	01370119 	.word	0x01370119
10002ddc:	00ba0119 	.word	0x00ba0119
10002de0:	00ba00ba 	.word	0x00ba00ba
10002de4:	00ba00ba 	.word	0x00ba00ba
10002de8:	00ba00ba 	.word	0x00ba00ba
10002dec:	00ba00ba 	.word	0x00ba00ba
10002df0:	00ba00ba 	.word	0x00ba00ba
10002df4:	00ba00ba 	.word	0x00ba00ba
10002df8:	00ba00ba 	.word	0x00ba00ba
10002dfc:	01bc00ba 	.word	0x01bc00ba
10002e00:	00ba00ba 	.word	0x00ba00ba
10002e04:	00ba00ba 	.word	0x00ba00ba
10002e08:	00ba00ba 	.word	0x00ba00ba
10002e0c:	00ba00ba 	.word	0x00ba00ba
10002e10:	01bc00ba 	.word	0x01bc00ba
10002e14:	01bc0158 	.word	0x01bc0158
10002e18:	01370119 	.word	0x01370119
10002e1c:	0119      	.short	0x0119
10002e1e:	2500      	movs	r5, #0
10002e20:	e000      	b.n	10002e24 <_vsnprintf+0x1a0>
10002e22:	3201      	adds	r2, #1
10002e24:	eb05 0585 	add.w	r5, r5, r5, lsl #2
10002e28:	eb00 0545 	add.w	r5, r0, r5, lsl #1
10002e2c:	7810      	ldrb	r0, [r2, #0]
10002e2e:	3d30      	subs	r5, #48	@ 0x30
10002e30:	f1a0 0130 	sub.w	r1, r0, #48	@ 0x30
10002e34:	2909      	cmp	r1, #9
10002e36:	d9f4      	bls.n	10002e22 <_vsnprintf+0x19e>
10002e38:	282e      	cmp	r0, #46	@ 0x2e
10002e3a:	9209      	str	r2, [sp, #36]	@ 0x24
10002e3c:	f102 0201 	add.w	r2, r2, #1
10002e40:	f47f af6a 	bne.w	10002d18 <_vsnprintf+0x94>
10002e44:	9909      	ldr	r1, [sp, #36]	@ 0x24
10002e46:	f443 6380 	orr.w	r3, r3, #1024	@ 0x400
10002e4a:	7848      	ldrb	r0, [r1, #1]
10002e4c:	4611      	mov	r1, r2
10002e4e:	f1a0 0630 	sub.w	r6, r0, #48	@ 0x30
10002e52:	2e09      	cmp	r6, #9
10002e54:	f240 8121 	bls.w	1000309a <_vsnprintf+0x416>
10002e58:	282a      	cmp	r0, #42	@ 0x2a
10002e5a:	f000 812f 	beq.w	100030bc <_vsnprintf+0x438>
10002e5e:	9209      	str	r2, [sp, #36]	@ 0x24
10002e60:	2600      	movs	r6, #0
10002e62:	3201      	adds	r2, #1
10002e64:	e759      	b.n	10002d1a <_vsnprintf+0x96>
10002e66:	4644      	mov	r4, r8
10002e68:	45c1      	cmp	r9, r8
10002e6a:	d801      	bhi.n	10002e70 <_vsnprintf+0x1ec>
10002e6c:	f109 38ff 	add.w	r8, r9, #4294967295
10002e70:	464b      	mov	r3, r9
10002e72:	4642      	mov	r2, r8
10002e74:	4651      	mov	r1, sl
10002e76:	2000      	movs	r0, #0
10002e78:	47d8      	blx	fp
10002e7a:	4620      	mov	r0, r4
10002e7c:	b01b      	add	sp, #108	@ 0x6c
10002e7e:	e8bd 8ff0 	ldmia.w	sp!, {r4, r5, r6, r7, r8, r9, sl, fp, pc}
10002e82:	f1a0 0269 	sub.w	r2, r0, #105	@ 0x69
10002e86:	b2d2      	uxtb	r2, r2
10002e88:	2a0f      	cmp	r2, #15
10002e8a:	d83f      	bhi.n	10002f0c <_vsnprintf+0x288>
10002e8c:	2101      	movs	r1, #1
10002e8e:	f249 0741 	movw	r7, #36929	@ 0x9041
10002e92:	4091      	lsls	r1, r2
10002e94:	4039      	ands	r1, r7
10002e96:	f040 80f3 	bne.w	10003080 <_vsnprintf+0x3fc>
10002e9a:	2a0a      	cmp	r2, #10
10002e9c:	d03d      	beq.n	10002f1a <_vsnprintf+0x296>
10002e9e:	2a07      	cmp	r2, #7
10002ea0:	d134      	bne.n	10002f0c <_vsnprintf+0x288>
10002ea2:	9d0a      	ldr	r5, [sp, #40]	@ 0x28
10002ea4:	f855 2b04 	ldr.w	r2, [r5], #4
10002ea8:	2a00      	cmp	r2, #0
10002eaa:	f000 8113 	beq.w	100030d4 <_vsnprintf+0x450>
10002eae:	f043 0021 	orr.w	r0, r3, #33	@ 0x21
10002eb2:	ab12      	add	r3, sp, #72	@ 0x48
10002eb4:	461f      	mov	r7, r3
10002eb6:	930b      	str	r3, [sp, #44]	@ 0x2c
10002eb8:	e003      	b.n	10002ec2 <_vsnprintf+0x23e>
10002eba:	2920      	cmp	r1, #32
10002ebc:	f000 8114 	beq.w	100030e8 <_vsnprintf+0x464>
10002ec0:	461a      	mov	r2, r3
10002ec2:	f002 040f 	and.w	r4, r2, #15
10002ec6:	4623      	mov	r3, r4
10002ec8:	2c09      	cmp	r4, #9
10002eca:	bf94      	ite	ls
10002ecc:	3330      	addls	r3, #48	@ 0x30
10002ece:	3337      	addhi	r3, #55	@ 0x37
10002ed0:	2a0f      	cmp	r2, #15
10002ed2:	f807 3b01 	strb.w	r3, [r7], #1
10002ed6:	f101 0101 	add.w	r1, r1, #1
10002eda:	ea4f 1312 	mov.w	r3, r2, lsr #4
10002ede:	d8ec      	bhi.n	10002eba <_vsnprintf+0x236>
10002ee0:	e102      	b.n	100030e8 <_vsnprintf+0x464>
10002ee2:	bf00      	nop
10002ee4:	10002c85 	.word	0x10002c85
10002ee8:	2000292c 	.word	0x2000292c
10002eec:	10001fc9 	.word	0x10001fc9
10002ef0:	990a      	ldr	r1, [sp, #40]	@ 0x28
10002ef2:	9809      	ldr	r0, [sp, #36]	@ 0x24
10002ef4:	f851 5b04 	ldr.w	r5, [r1], #4
10002ef8:	7840      	ldrb	r0, [r0, #1]
10002efa:	2d00      	cmp	r5, #0
10002efc:	e9cd 2109 	strd	r2, r1, [sp, #36]	@ 0x24
10002f00:	bfbc      	itt	lt
10002f02:	f043 0302 	orrlt.w	r3, r3, #2
10002f06:	426d      	neglt	r5, r5
10002f08:	3201      	adds	r2, #1
10002f0a:	e702      	b.n	10002d12 <_vsnprintf+0x8e>
10002f0c:	4642      	mov	r2, r8
10002f0e:	464b      	mov	r3, r9
10002f10:	4651      	mov	r1, sl
10002f12:	f108 0801 	add.w	r8, r8, #1
10002f16:	47d8      	blx	fp
10002f18:	e6d2      	b.n	10002cc0 <_vsnprintf+0x3c>
10002f1a:	990a      	ldr	r1, [sp, #40]	@ 0x28
10002f1c:	2e00      	cmp	r6, #0
10002f1e:	f851 7b04 	ldr.w	r7, [r1], #4
10002f22:	bf18      	it	ne
10002f24:	4632      	movne	r2, r6
10002f26:	7838      	ldrb	r0, [r7, #0]
10002f28:	bf08      	it	eq
10002f2a:	f04f 32ff 	moveq.w	r2, #4294967295
10002f2e:	2800      	cmp	r0, #0
10002f30:	f000 837b 	beq.w	1000362a <_vsnprintf+0x9a6>
10002f34:	18bc      	adds	r4, r7, r2
10002f36:	46a4      	mov	ip, r4
10002f38:	463a      	mov	r2, r7
10002f3a:	e004      	b.n	10002f46 <_vsnprintf+0x2c2>
10002f3c:	f812 4f01 	ldrb.w	r4, [r2, #1]!
10002f40:	2c00      	cmp	r4, #0
10002f42:	f000 813f 	beq.w	100031c4 <_vsnprintf+0x540>
10002f46:	4594      	cmp	ip, r2
10002f48:	d1f8      	bne.n	10002f3c <_vsnprintf+0x2b8>
10002f4a:	4664      	mov	r4, ip
10002f4c:	1be4      	subs	r4, r4, r7
10002f4e:	055a      	lsls	r2, r3, #21
10002f50:	f140 8122 	bpl.w	10003198 <_vsnprintf+0x514>
10002f54:	42b4      	cmp	r4, r6
10002f56:	bf28      	it	cs
10002f58:	4634      	movcs	r4, r6
10002f5a:	f013 0302 	ands.w	r3, r3, #2
10002f5e:	f000 8288 	beq.w	10003472 <_vsnprintf+0x7ee>
10002f62:	2302      	movs	r3, #2
10002f64:	e9cd 510a 	strd	r5, r1, [sp, #40]	@ 0x28
10002f68:	4642      	mov	r2, r8
10002f6a:	461d      	mov	r5, r3
10002f6c:	4446      	add	r6, r8
10002f6e:	e008      	b.n	10002f82 <_vsnprintf+0x2fe>
10002f70:	464b      	mov	r3, r9
10002f72:	4651      	mov	r1, sl
10002f74:	47d8      	blx	fp
10002f76:	f817 0f01 	ldrb.w	r0, [r7, #1]!
10002f7a:	f108 0801 	add.w	r8, r8, #1
10002f7e:	b110      	cbz	r0, 10002f86 <_vsnprintf+0x302>
10002f80:	4642      	mov	r2, r8
10002f82:	4546      	cmp	r6, r8
10002f84:	d1f4      	bne.n	10002f70 <_vsnprintf+0x2ec>
10002f86:	462b      	mov	r3, r5
10002f88:	990b      	ldr	r1, [sp, #44]	@ 0x2c
10002f8a:	9d0a      	ldr	r5, [sp, #40]	@ 0x28
10002f8c:	2b00      	cmp	r3, #0
10002f8e:	f040 8141 	bne.w	10003214 <_vsnprintf+0x590>
10002f92:	910a      	str	r1, [sp, #40]	@ 0x28
10002f94:	e694      	b.n	10002cc0 <_vsnprintf+0x3c>
10002f96:	9909      	ldr	r1, [sp, #36]	@ 0x24
10002f98:	7848      	ldrb	r0, [r1, #1]
10002f9a:	286c      	cmp	r0, #108	@ 0x6c
10002f9c:	f47f aeec 	bne.w	10002d78 <_vsnprintf+0xf4>
10002fa0:	460a      	mov	r2, r1
10002fa2:	7888      	ldrb	r0, [r1, #2]
10002fa4:	f443 7340 	orr.w	r3, r3, #768	@ 0x300
10002fa8:	3203      	adds	r2, #3
10002faa:	e6e8      	b.n	10002d7e <_vsnprintf+0xfa>
10002fac:	9909      	ldr	r1, [sp, #36]	@ 0x24
10002fae:	f443 7300 	orr.w	r3, r3, #512	@ 0x200
10002fb2:	7848      	ldrb	r0, [r1, #1]
10002fb4:	3201      	adds	r2, #1
10002fb6:	e6e2      	b.n	10002d7e <_vsnprintf+0xfa>
10002fb8:	9909      	ldr	r1, [sp, #36]	@ 0x24
10002fba:	7848      	ldrb	r0, [r1, #1]
10002fbc:	2868      	cmp	r0, #104	@ 0x68
10002fbe:	f000 8103 	beq.w	100031c8 <_vsnprintf+0x544>
10002fc2:	f043 0380 	orr.w	r3, r3, #128	@ 0x80
10002fc6:	3201      	adds	r2, #1
10002fc8:	e6d9      	b.n	10002d7e <_vsnprintf+0xfa>
10002fca:	2867      	cmp	r0, #103	@ 0x67
10002fcc:	f000 80d9 	beq.w	10003182 <_vsnprintf+0x4fe>
10002fd0:	2847      	cmp	r0, #71	@ 0x47
10002fd2:	f000 80dc 	beq.w	1000318e <_vsnprintf+0x50a>
10002fd6:	2845      	cmp	r0, #69	@ 0x45
10002fd8:	f000 80db 	beq.w	10003192 <_vsnprintf+0x50e>
10002fdc:	e9cd 5303 	strd	r5, r3, [sp, #12]
10002fe0:	9b0a      	ldr	r3, [sp, #40]	@ 0x28
10002fe2:	9602      	str	r6, [sp, #8]
10002fe4:	3307      	adds	r3, #7
10002fe6:	f023 0307 	bic.w	r3, r3, #7
10002fea:	461c      	mov	r4, r3
10002fec:	4642      	mov	r2, r8
10002fee:	e8f4 6702 	ldrd	r6, r7, [r4], #8
10002ff2:	464b      	mov	r3, r9
10002ff4:	4651      	mov	r1, sl
10002ff6:	4658      	mov	r0, fp
10002ff8:	e9cd 6700 	strd	r6, r7, [sp]
10002ffc:	940a      	str	r4, [sp, #40]	@ 0x28
10002ffe:	f7ff fb87 	bl	10002710 <_etoa>
10003002:	4680      	mov	r8, r0
10003004:	e65c      	b.n	10002cc0 <_vsnprintf+0x3c>
10003006:	2846      	cmp	r0, #70	@ 0x46
10003008:	bf08      	it	eq
1000300a:	f043 0320 	orreq.w	r3, r3, #32
1000300e:	e9cd 5303 	strd	r5, r3, [sp, #12]
10003012:	9b0a      	ldr	r3, [sp, #40]	@ 0x28
10003014:	9602      	str	r6, [sp, #8]
10003016:	3307      	adds	r3, #7
10003018:	f023 0307 	bic.w	r3, r3, #7
1000301c:	461c      	mov	r4, r3
1000301e:	4642      	mov	r2, r8
10003020:	e8f4 6702 	ldrd	r6, r7, [r4], #8
10003024:	464b      	mov	r3, r9
10003026:	4651      	mov	r1, sl
10003028:	4658      	mov	r0, fp
1000302a:	e9cd 6700 	strd	r6, r7, [sp]
1000302e:	940a      	str	r4, [sp, #40]	@ 0x28
10003030:	f7ff f90e 	bl	10002250 <_ftoa>
10003034:	4680      	mov	r8, r0
10003036:	e643      	b.n	10002cc0 <_vsnprintf+0x3c>
10003038:	4642      	mov	r2, r8
1000303a:	464b      	mov	r3, r9
1000303c:	4651      	mov	r1, sl
1000303e:	2025      	movs	r0, #37	@ 0x25
10003040:	f108 0801 	add.w	r8, r8, #1
10003044:	47d8      	blx	fp
10003046:	e63b      	b.n	10002cc0 <_vsnprintf+0x3c>
10003048:	9a0a      	ldr	r2, [sp, #40]	@ 0x28
1000304a:	0799      	lsls	r1, r3, #30
1000304c:	f102 0404 	add.w	r4, r2, #4
10003050:	f108 0601 	add.w	r6, r8, #1
10003054:	f140 80c6 	bpl.w	100031e4 <_vsnprintf+0x560>
10003058:	7810      	ldrb	r0, [r2, #0]
1000305a:	464b      	mov	r3, r9
1000305c:	4642      	mov	r2, r8
1000305e:	4651      	mov	r1, sl
10003060:	47d8      	blx	fp
10003062:	2d01      	cmp	r5, #1
10003064:	bf88      	it	hi
10003066:	44a8      	addhi	r8, r5
10003068:	f240 81bd 	bls.w	100033e6 <_vsnprintf+0x762>
1000306c:	4632      	mov	r2, r6
1000306e:	464b      	mov	r3, r9
10003070:	4651      	mov	r1, sl
10003072:	2020      	movs	r0, #32
10003074:	3601      	adds	r6, #1
10003076:	47d8      	blx	fp
10003078:	4546      	cmp	r6, r8
1000307a:	d1f7      	bne.n	1000306c <_vsnprintf+0x3e8>
1000307c:	940a      	str	r4, [sp, #40]	@ 0x28
1000307e:	e61f      	b.n	10002cc0 <_vsnprintf+0x3c>
10003080:	286f      	cmp	r0, #111	@ 0x6f
10003082:	f000 8081 	beq.w	10003188 <_vsnprintf+0x504>
10003086:	f240 8248 	bls.w	1000351a <_vsnprintf+0x896>
1000308a:	2878      	cmp	r0, #120	@ 0x78
1000308c:	f000 8190 	beq.w	100033b0 <_vsnprintf+0x72c>
10003090:	270a      	movs	r7, #10
10003092:	f023 0310 	bic.w	r3, r3, #16
10003096:	46bc      	mov	ip, r7
10003098:	e041      	b.n	1000311e <_vsnprintf+0x49a>
1000309a:	2600      	movs	r6, #0
1000309c:	eb06 0686 	add.w	r6, r6, r6, lsl #2
100030a0:	eb00 0046 	add.w	r0, r0, r6, lsl #1
100030a4:	f1a0 0630 	sub.w	r6, r0, #48	@ 0x30
100030a8:	f811 0f01 	ldrb.w	r0, [r1, #1]!
100030ac:	f1a0 0230 	sub.w	r2, r0, #48	@ 0x30
100030b0:	2a09      	cmp	r2, #9
100030b2:	d9f3      	bls.n	1000309c <_vsnprintf+0x418>
100030b4:	460a      	mov	r2, r1
100030b6:	9109      	str	r1, [sp, #36]	@ 0x24
100030b8:	3201      	adds	r2, #1
100030ba:	e62e      	b.n	10002d1a <_vsnprintf+0x96>
100030bc:	e9dd 2109 	ldrd	r2, r1, [sp, #36]	@ 0x24
100030c0:	f851 6b04 	ldr.w	r6, [r1], #4
100030c4:	7890      	ldrb	r0, [r2, #2]
100030c6:	3202      	adds	r2, #2
100030c8:	9209      	str	r2, [sp, #36]	@ 0x24
100030ca:	910a      	str	r1, [sp, #40]	@ 0x28
100030cc:	3201      	adds	r2, #1
100030ce:	ea26 76e6 	bic.w	r6, r6, r6, asr #31
100030d2:	e622      	b.n	10002d1a <_vsnprintf+0x96>
100030d4:	f023 0010 	bic.w	r0, r3, #16
100030d8:	f413 6280 	ands.w	r2, r3, #1024	@ 0x400
100030dc:	f040 0021 	orr.w	r0, r0, #33	@ 0x21
100030e0:	f43f aee7 	beq.w	10002eb2 <_vsnprintf+0x22e>
100030e4:	ab12      	add	r3, sp, #72	@ 0x48
100030e6:	930b      	str	r3, [sp, #44]	@ 0x2c
100030e8:	9b0b      	ldr	r3, [sp, #44]	@ 0x2c
100030ea:	9006      	str	r0, [sp, #24]
100030ec:	9300      	str	r3, [sp, #0]
100030ee:	2308      	movs	r3, #8
100030f0:	2010      	movs	r0, #16
100030f2:	9305      	str	r3, [sp, #20]
100030f4:	2300      	movs	r3, #0
100030f6:	4642      	mov	r2, r8
100030f8:	e9cd 3002 	strd	r3, r0, [sp, #8]
100030fc:	9101      	str	r1, [sp, #4]
100030fe:	464b      	mov	r3, r9
10003100:	4651      	mov	r1, sl
10003102:	4658      	mov	r0, fp
10003104:	9604      	str	r6, [sp, #16]
10003106:	f7fe ffaf 	bl	10002068 <_ntoa_format>
1000310a:	950a      	str	r5, [sp, #40]	@ 0x28
1000310c:	4680      	mov	r8, r0
1000310e:	e5d7      	b.n	10002cc0 <_vsnprintf+0x3c>
10003110:	2858      	cmp	r0, #88	@ 0x58
10003112:	d062      	beq.n	100031da <_vsnprintf+0x556>
10003114:	2862      	cmp	r0, #98	@ 0x62
10003116:	f040 808f 	bne.w	10003238 <_vsnprintf+0x5b4>
1000311a:	2702      	movs	r7, #2
1000311c:	46bc      	mov	ip, r7
1000311e:	f413 6080 	ands.w	r0, r3, #1024	@ 0x400
10003122:	f000 80dd 	beq.w	100032e0 <_vsnprintf+0x65c>
10003126:	f023 030d 	bic.w	r3, r3, #13
1000312a:	f413 7200 	ands.w	r2, r3, #512	@ 0x200
1000312e:	f040 8181 	bne.w	10003434 <_vsnprintf+0x7b0>
10003132:	990a      	ldr	r1, [sp, #40]	@ 0x28
10003134:	1d0f      	adds	r7, r1, #4
10003136:	f413 7180 	ands.w	r1, r3, #256	@ 0x100
1000313a:	f040 8237 	bne.w	100035ac <_vsnprintf+0x928>
1000313e:	065c      	lsls	r4, r3, #25
10003140:	9a0a      	ldr	r2, [sp, #40]	@ 0x28
10003142:	f140 813b 	bpl.w	100033bc <_vsnprintf+0x738>
10003146:	7812      	ldrb	r2, [r2, #0]
10003148:	2a00      	cmp	r2, #0
1000314a:	f040 814e 	bne.w	100033ea <_vsnprintf+0x766>
1000314e:	f023 0310 	bic.w	r3, r3, #16
10003152:	2800      	cmp	r0, #0
10003154:	f000 8149 	beq.w	100033ea <_vsnprintf+0x766>
10003158:	4611      	mov	r1, r2
1000315a:	aa12      	add	r2, sp, #72	@ 0x48
1000315c:	920b      	str	r2, [sp, #44]	@ 0x2c
1000315e:	e9cd 5305 	strd	r5, r3, [sp, #20]
10003162:	e9cd c603 	strd	ip, r6, [sp, #12]
10003166:	9101      	str	r1, [sp, #4]
10003168:	9b0b      	ldr	r3, [sp, #44]	@ 0x2c
1000316a:	4642      	mov	r2, r8
1000316c:	9300      	str	r3, [sp, #0]
1000316e:	2300      	movs	r3, #0
10003170:	4651      	mov	r1, sl
10003172:	9302      	str	r3, [sp, #8]
10003174:	4658      	mov	r0, fp
10003176:	464b      	mov	r3, r9
10003178:	f7fe ff76 	bl	10002068 <_ntoa_format>
1000317c:	970a      	str	r7, [sp, #40]	@ 0x28
1000317e:	4680      	mov	r8, r0
10003180:	e59e      	b.n	10002cc0 <_vsnprintf+0x3c>
10003182:	f443 6300 	orr.w	r3, r3, #2048	@ 0x800
10003186:	e729      	b.n	10002fdc <_vsnprintf+0x358>
10003188:	2708      	movs	r7, #8
1000318a:	46bc      	mov	ip, r7
1000318c:	e7c7      	b.n	1000311e <_vsnprintf+0x49a>
1000318e:	f443 6300 	orr.w	r3, r3, #2048	@ 0x800
10003192:	f043 0320 	orr.w	r3, r3, #32
10003196:	e721      	b.n	10002fdc <_vsnprintf+0x358>
10003198:	f013 0302 	ands.w	r3, r3, #2
1000319c:	f000 818e 	beq.w	100034bc <_vsnprintf+0x838>
100031a0:	2302      	movs	r3, #2
100031a2:	950a      	str	r5, [sp, #40]	@ 0x28
100031a4:	461e      	mov	r6, r3
100031a6:	460d      	mov	r5, r1
100031a8:	4642      	mov	r2, r8
100031aa:	464b      	mov	r3, r9
100031ac:	4651      	mov	r1, sl
100031ae:	47d8      	blx	fp
100031b0:	f817 0f01 	ldrb.w	r0, [r7, #1]!
100031b4:	f108 0801 	add.w	r8, r8, #1
100031b8:	2800      	cmp	r0, #0
100031ba:	d1f5      	bne.n	100031a8 <_vsnprintf+0x524>
100031bc:	4629      	mov	r1, r5
100031be:	4633      	mov	r3, r6
100031c0:	9d0a      	ldr	r5, [sp, #40]	@ 0x28
100031c2:	e6e3      	b.n	10002f8c <_vsnprintf+0x308>
100031c4:	1bd4      	subs	r4, r2, r7
100031c6:	e6c2      	b.n	10002f4e <_vsnprintf+0x2ca>
100031c8:	460a      	mov	r2, r1
100031ca:	7888      	ldrb	r0, [r1, #2]
100031cc:	f043 03c0 	orr.w	r3, r3, #192	@ 0xc0
100031d0:	3203      	adds	r2, #3
100031d2:	e5d4      	b.n	10002d7e <_vsnprintf+0xfa>
100031d4:	4604      	mov	r4, r0
100031d6:	4680      	mov	r8, r0
100031d8:	e646      	b.n	10002e68 <_vsnprintf+0x1e4>
100031da:	2710      	movs	r7, #16
100031dc:	f043 0320 	orr.w	r3, r3, #32
100031e0:	46bc      	mov	ip, r7
100031e2:	e79c      	b.n	1000311e <_vsnprintf+0x49a>
100031e4:	2d01      	cmp	r5, #1
100031e6:	f240 80f8 	bls.w	100033da <_vsnprintf+0x756>
100031ea:	4646      	mov	r6, r8
100031ec:	f108 37ff 	add.w	r7, r8, #4294967295
100031f0:	442f      	add	r7, r5
100031f2:	4632      	mov	r2, r6
100031f4:	464b      	mov	r3, r9
100031f6:	4651      	mov	r1, sl
100031f8:	2020      	movs	r0, #32
100031fa:	3601      	adds	r6, #1
100031fc:	47d8      	blx	fp
100031fe:	42be      	cmp	r6, r7
10003200:	d1f7      	bne.n	100031f2 <_vsnprintf+0x56e>
10003202:	9b0a      	ldr	r3, [sp, #40]	@ 0x28
10003204:	4632      	mov	r2, r6
10003206:	7818      	ldrb	r0, [r3, #0]
10003208:	4651      	mov	r1, sl
1000320a:	464b      	mov	r3, r9
1000320c:	47d8      	blx	fp
1000320e:	44a8      	add	r8, r5
10003210:	940a      	str	r4, [sp, #40]	@ 0x28
10003212:	e555      	b.n	10002cc0 <_vsnprintf+0x3c>
10003214:	4646      	mov	r6, r8
10003216:	42a5      	cmp	r5, r4
10003218:	f67f aebb 	bls.w	10002f92 <_vsnprintf+0x30e>
1000321c:	44a8      	add	r8, r5
1000321e:	eba8 0804 	sub.w	r8, r8, r4
10003222:	460c      	mov	r4, r1
10003224:	4632      	mov	r2, r6
10003226:	464b      	mov	r3, r9
10003228:	4651      	mov	r1, sl
1000322a:	2020      	movs	r0, #32
1000322c:	3601      	adds	r6, #1
1000322e:	47d8      	blx	fp
10003230:	4546      	cmp	r6, r8
10003232:	d1f7      	bne.n	10003224 <_vsnprintf+0x5a0>
10003234:	4621      	mov	r1, r4
10003236:	e6ac      	b.n	10002f92 <_vsnprintf+0x30e>
10003238:	f413 6280 	ands.w	r2, r3, #1024	@ 0x400
1000323c:	f000 80bb 	beq.w	100033b6 <_vsnprintf+0x732>
10003240:	f44f 6280 	mov.w	r2, #1024	@ 0x400
10003244:	f023 0c11 	bic.w	ip, r3, #17
10003248:	f41c 7700 	ands.w	r7, ip, #512	@ 0x200
1000324c:	9b0a      	ldr	r3, [sp, #40]	@ 0x28
1000324e:	d14a      	bne.n	100032e6 <_vsnprintf+0x662>
10003250:	f41c 7080 	ands.w	r0, ip, #256	@ 0x100
10003254:	f103 0404 	add.w	r4, r3, #4
10003258:	f040 8134 	bne.w	100034c4 <_vsnprintf+0x840>
1000325c:	f01c 0f40 	tst.w	ip, #64	@ 0x40
10003260:	f040 80a3 	bne.w	100033aa <_vsnprintf+0x726>
10003264:	f01c 0f80 	tst.w	ip, #128	@ 0x80
10003268:	f000 81d3 	beq.w	10003612 <_vsnprintf+0x98e>
1000326c:	f9b3 1000 	ldrsh.w	r1, [r3]
10003270:	ea81 77e1 	eor.w	r7, r1, r1, asr #31
10003274:	eba7 77e1 	sub.w	r7, r7, r1, asr #31
10003278:	b2bf      	uxth	r7, r7
1000327a:	0fcb      	lsrs	r3, r1, #31
1000327c:	2900      	cmp	r1, #0
1000327e:	f000 8156 	beq.w	1000352e <_vsnprintf+0x8aa>
10003282:	463a      	mov	r2, r7
10003284:	a912      	add	r1, sp, #72	@ 0x48
10003286:	460f      	mov	r7, r1
10003288:	f8df e3d8 	ldr.w	lr, [pc, #984]	@ 10003664 <_vsnprintf+0x9e0>
1000328c:	910b      	str	r1, [sp, #44]	@ 0x2c
1000328e:	930a      	str	r3, [sp, #40]	@ 0x28
10003290:	950c      	str	r5, [sp, #48]	@ 0x30
10003292:	e001      	b.n	10003298 <_vsnprintf+0x614>
10003294:	2820      	cmp	r0, #32
10003296:	d00f      	beq.n	100032b8 <_vsnprintf+0x634>
10003298:	4615      	mov	r5, r2
1000329a:	fbae 1302 	umull	r1, r3, lr, r2
1000329e:	08db      	lsrs	r3, r3, #3
100032a0:	eb03 0183 	add.w	r1, r3, r3, lsl #2
100032a4:	eba2 0141 	sub.w	r1, r2, r1, lsl #1
100032a8:	3130      	adds	r1, #48	@ 0x30
100032aa:	2d09      	cmp	r5, #9
100032ac:	461a      	mov	r2, r3
100032ae:	f100 0001 	add.w	r0, r0, #1
100032b2:	f807 1b01 	strb.w	r1, [r7], #1
100032b6:	d8ed      	bhi.n	10003294 <_vsnprintf+0x610>
100032b8:	9b0a      	ldr	r3, [sp, #40]	@ 0x28
100032ba:	9d0c      	ldr	r5, [sp, #48]	@ 0x30
100032bc:	e9cd 5c05 	strd	r5, ip, [sp, #20]
100032c0:	e9cd 0301 	strd	r0, r3, [sp, #4]
100032c4:	9604      	str	r6, [sp, #16]
100032c6:	9b0b      	ldr	r3, [sp, #44]	@ 0x2c
100032c8:	4642      	mov	r2, r8
100032ca:	9300      	str	r3, [sp, #0]
100032cc:	230a      	movs	r3, #10
100032ce:	4651      	mov	r1, sl
100032d0:	9303      	str	r3, [sp, #12]
100032d2:	4658      	mov	r0, fp
100032d4:	464b      	mov	r3, r9
100032d6:	f7fe fec7 	bl	10002068 <_ntoa_format>
100032da:	940a      	str	r4, [sp, #40]	@ 0x28
100032dc:	4680      	mov	r8, r0
100032de:	e4ef      	b.n	10002cc0 <_vsnprintf+0x3c>
100032e0:	f023 030c 	bic.w	r3, r3, #12
100032e4:	e721      	b.n	1000312a <_vsnprintf+0x4a6>
100032e6:	3307      	adds	r3, #7
100032e8:	f023 0307 	bic.w	r3, r3, #7
100032ec:	4619      	mov	r1, r3
100032ee:	4608      	mov	r0, r1
100032f0:	685b      	ldr	r3, [r3, #4]
100032f2:	f850 1b08 	ldr.w	r1, [r0], #8
100032f6:	0fdf      	lsrs	r7, r3, #31
100032f8:	900a      	str	r0, [sp, #40]	@ 0x28
100032fa:	ea51 0003 	orrs.w	r0, r1, r3
100032fe:	d162      	bne.n	100033c6 <_vsnprintf+0x742>
10003300:	2a00      	cmp	r2, #0
10003302:	f040 819f 	bne.w	10003644 <_vsnprintf+0x9c0>
10003306:	4613      	mov	r3, r2
10003308:	4611      	mov	r1, r2
1000330a:	aa12      	add	r2, sp, #72	@ 0x48
1000330c:	e9cd 750c 	strd	r7, r5, [sp, #48]	@ 0x30
10003310:	2000      	movs	r0, #0
10003312:	4615      	mov	r5, r2
10003314:	e9cd 680e 	strd	r6, r8, [sp, #56]	@ 0x38
10003318:	f8df e348 	ldr.w	lr, [pc, #840]	@ 10003664 <_vsnprintf+0x9e0>
1000331c:	920b      	str	r2, [sp, #44]	@ 0x2c
1000331e:	e001      	b.n	10003324 <_vsnprintf+0x6a0>
10003320:	2820      	cmp	r0, #32
10003322:	d02d      	beq.n	10003380 <_vsnprintf+0x6fc>
10003324:	185a      	adds	r2, r3, r1
10003326:	f142 0200 	adc.w	r2, r2, #0
1000332a:	fbae 7802 	umull	r7, r8, lr, r2
1000332e:	f028 0703 	bic.w	r7, r8, #3
10003332:	eb07 0798 	add.w	r7, r7, r8, lsr #2
10003336:	1bd2      	subs	r2, r2, r7
10003338:	461e      	mov	r6, r3
1000333a:	1a9b      	subs	r3, r3, r2
1000333c:	f161 0700 	sbc.w	r7, r1, #0
10003340:	460c      	mov	r4, r1
10003342:	f04f 31cc 	mov.w	r1, #3435973836	@ 0xcccccccc
10003346:	fb01 f103 	mul.w	r1, r1, r3
1000334a:	fb0e 1107 	mla	r1, lr, r7, r1
1000334e:	fba3 730e 	umull	r7, r3, r3, lr
10003352:	4419      	add	r1, r3
10003354:	2305      	movs	r3, #5
10003356:	f007 0801 	and.w	r8, r7, #1
1000335a:	fba8 3803 	umull	r3, r8, r8, r3
1000335e:	189b      	adds	r3, r3, r2
10003360:	2e0a      	cmp	r6, #10
10003362:	f103 0330 	add.w	r3, r3, #48	@ 0x30
10003366:	ea4f 0757 	mov.w	r7, r7, lsr #1
1000336a:	f174 0400 	sbcs.w	r4, r4, #0
1000336e:	f805 3b01 	strb.w	r3, [r5], #1
10003372:	f100 0001 	add.w	r0, r0, #1
10003376:	ea47 73c1 	orr.w	r3, r7, r1, lsl #31
1000337a:	ea4f 0151 	mov.w	r1, r1, lsr #1
1000337e:	d2cf      	bcs.n	10003320 <_vsnprintf+0x69c>
10003380:	e9dd 750c 	ldrd	r7, r5, [sp, #48]	@ 0x30
10003384:	e9dd 680e 	ldrd	r6, r8, [sp, #56]	@ 0x38
10003388:	9b0b      	ldr	r3, [sp, #44]	@ 0x2c
1000338a:	4642      	mov	r2, r8
1000338c:	9300      	str	r3, [sp, #0]
1000338e:	230a      	movs	r3, #10
10003390:	e9cd 5c05 	strd	r5, ip, [sp, #20]
10003394:	e9cd 0701 	strd	r0, r7, [sp, #4]
10003398:	9604      	str	r6, [sp, #16]
1000339a:	9303      	str	r3, [sp, #12]
1000339c:	464b      	mov	r3, r9
1000339e:	4651      	mov	r1, sl
100033a0:	4658      	mov	r0, fp
100033a2:	f7fe fe61 	bl	10002068 <_ntoa_format>
100033a6:	4680      	mov	r8, r0
100033a8:	e48a      	b.n	10002cc0 <_vsnprintf+0x3c>
100033aa:	7819      	ldrb	r1, [r3, #0]
100033ac:	460f      	mov	r7, r1
100033ae:	e764      	b.n	1000327a <_vsnprintf+0x5f6>
100033b0:	2710      	movs	r7, #16
100033b2:	46bc      	mov	ip, r7
100033b4:	e6b3      	b.n	1000311e <_vsnprintf+0x49a>
100033b6:	f023 0c10 	bic.w	ip, r3, #16
100033ba:	e745      	b.n	10003248 <_vsnprintf+0x5c4>
100033bc:	061c      	lsls	r4, r3, #24
100033be:	bf4c      	ite	mi
100033c0:	8812      	ldrhmi	r2, [r2, #0]
100033c2:	6812      	ldrpl	r2, [r2, #0]
100033c4:	e6c0      	b.n	10003148 <_vsnprintf+0x4c4>
100033c6:	460a      	mov	r2, r1
100033c8:	1e19      	subs	r1, r3, #0
100033ca:	db01      	blt.n	100033d0 <_vsnprintf+0x74c>
100033cc:	4613      	mov	r3, r2
100033ce:	e79c      	b.n	1000330a <_vsnprintf+0x686>
100033d0:	4252      	negs	r2, r2
100033d2:	4613      	mov	r3, r2
100033d4:	eb61 0141 	sbc.w	r1, r1, r1, lsl #1
100033d8:	e797      	b.n	1000330a <_vsnprintf+0x686>
100033da:	4613      	mov	r3, r2
100033dc:	4651      	mov	r1, sl
100033de:	7818      	ldrb	r0, [r3, #0]
100033e0:	4642      	mov	r2, r8
100033e2:	464b      	mov	r3, r9
100033e4:	47d8      	blx	fp
100033e6:	46b0      	mov	r8, r6
100033e8:	e648      	b.n	1000307c <_vsnprintf+0x3f8>
100033ea:	f013 0f20 	tst.w	r3, #32
100033ee:	bf14      	ite	ne
100033f0:	2041      	movne	r0, #65	@ 0x41
100033f2:	2061      	moveq	r0, #97	@ 0x61
100033f4:	ac12      	add	r4, sp, #72	@ 0x48
100033f6:	46a6      	mov	lr, r4
100033f8:	940b      	str	r4, [sp, #44]	@ 0x2c
100033fa:	930a      	str	r3, [sp, #40]	@ 0x28
100033fc:	f1a0 040a 	sub.w	r4, r0, #10
10003400:	950c      	str	r5, [sp, #48]	@ 0x30
10003402:	e002      	b.n	1000340a <_vsnprintf+0x786>
10003404:	2920      	cmp	r1, #32
10003406:	d012      	beq.n	1000342e <_vsnprintf+0x7aa>
10003408:	462a      	mov	r2, r5
1000340a:	fbb2 f5fc 	udiv	r5, r2, ip
1000340e:	fb0c 2015 	mls	r0, ip, r5, r2
10003412:	b2c3      	uxtb	r3, r0
10003414:	2809      	cmp	r0, #9
10003416:	f103 0030 	add.w	r0, r3, #48	@ 0x30
1000341a:	bf8a      	itet	hi
1000341c:	191b      	addhi	r3, r3, r4
1000341e:	b2c3      	uxtbls	r3, r0
10003420:	b2db      	uxtbhi	r3, r3
10003422:	4562      	cmp	r2, ip
10003424:	f80e 3b01 	strb.w	r3, [lr], #1
10003428:	f101 0101 	add.w	r1, r1, #1
1000342c:	d2ea      	bcs.n	10003404 <_vsnprintf+0x780>
1000342e:	9b0a      	ldr	r3, [sp, #40]	@ 0x28
10003430:	9d0c      	ldr	r5, [sp, #48]	@ 0x30
10003432:	e694      	b.n	1000315e <_vsnprintf+0x4da>
10003434:	9a0a      	ldr	r2, [sp, #40]	@ 0x28
10003436:	3207      	adds	r2, #7
10003438:	f022 0207 	bic.w	r2, r2, #7
1000343c:	6851      	ldr	r1, [r2, #4]
1000343e:	f852 4b08 	ldr.w	r4, [r2], #8
10003442:	468e      	mov	lr, r1
10003444:	920a      	str	r2, [sp, #40]	@ 0x28
10003446:	ea54 0201 	orrs.w	r2, r4, r1
1000344a:	d176      	bne.n	1000353a <_vsnprintf+0x8b6>
1000344c:	f023 0310 	bic.w	r3, r3, #16
10003450:	2800      	cmp	r0, #0
10003452:	d072      	beq.n	1000353a <_vsnprintf+0x8b6>
10003454:	2200      	movs	r2, #0
10003456:	4611      	mov	r1, r2
10003458:	aa12      	add	r2, sp, #72	@ 0x48
1000345a:	920b      	str	r2, [sp, #44]	@ 0x2c
1000345c:	e9cd 5305 	strd	r5, r3, [sp, #20]
10003460:	9b0b      	ldr	r3, [sp, #44]	@ 0x2c
10003462:	4642      	mov	r2, r8
10003464:	9300      	str	r3, [sp, #0]
10003466:	2300      	movs	r3, #0
10003468:	e9cd c603 	strd	ip, r6, [sp, #12]
1000346c:	9101      	str	r1, [sp, #4]
1000346e:	9302      	str	r3, [sp, #8]
10003470:	e794      	b.n	1000339c <_vsnprintf+0x718>
10003472:	42a5      	cmp	r5, r4
10003474:	bf98      	it	ls
10003476:	3401      	addls	r4, #1
10003478:	f67f ad74 	bls.w	10002f64 <_vsnprintf+0x2e0>
1000347c:	f44f 6380 	mov.w	r3, #1024	@ 0x400
10003480:	e9cd 750a 	strd	r7, r5, [sp, #40]	@ 0x28
10003484:	eb05 0208 	add.w	r2, r5, r8
10003488:	461f      	mov	r7, r3
1000348a:	460d      	mov	r5, r1
1000348c:	1b14      	subs	r4, r2, r4
1000348e:	4642      	mov	r2, r8
10003490:	464b      	mov	r3, r9
10003492:	4651      	mov	r1, sl
10003494:	2020      	movs	r0, #32
10003496:	f108 0801 	add.w	r8, r8, #1
1000349a:	47d8      	blx	fp
1000349c:	45a0      	cmp	r8, r4
1000349e:	d1f6      	bne.n	1000348e <_vsnprintf+0x80a>
100034a0:	463b      	mov	r3, r7
100034a2:	9f0a      	ldr	r7, [sp, #40]	@ 0x28
100034a4:	4629      	mov	r1, r5
100034a6:	7838      	ldrb	r0, [r7, #0]
100034a8:	9d0b      	ldr	r5, [sp, #44]	@ 0x2c
100034aa:	1c6c      	adds	r4, r5, #1
100034ac:	2800      	cmp	r0, #0
100034ae:	f43f ad70 	beq.w	10002f92 <_vsnprintf+0x30e>
100034b2:	2b00      	cmp	r3, #0
100034b4:	f43f ae75 	beq.w	100031a2 <_vsnprintf+0x51e>
100034b8:	2300      	movs	r3, #0
100034ba:	e553      	b.n	10002f64 <_vsnprintf+0x2e0>
100034bc:	42a5      	cmp	r5, r4
100034be:	d8df      	bhi.n	10003480 <_vsnprintf+0x7fc>
100034c0:	3401      	adds	r4, #1
100034c2:	e66e      	b.n	100031a2 <_vsnprintf+0x51e>
100034c4:	6819      	ldr	r1, [r3, #0]
100034c6:	0fcb      	lsrs	r3, r1, #31
100034c8:	2900      	cmp	r1, #0
100034ca:	f000 80a8 	beq.w	1000361e <_vsnprintf+0x99a>
100034ce:	ea81 72e1 	eor.w	r2, r1, r1, asr #31
100034d2:	eba2 72e1 	sub.w	r2, r2, r1, asr #31
100034d6:	a912      	add	r1, sp, #72	@ 0x48
100034d8:	4608      	mov	r0, r1
100034da:	f8df e188 	ldr.w	lr, [pc, #392]	@ 10003664 <_vsnprintf+0x9e0>
100034de:	910b      	str	r1, [sp, #44]	@ 0x2c
100034e0:	930a      	str	r3, [sp, #40]	@ 0x28
100034e2:	950c      	str	r5, [sp, #48]	@ 0x30
100034e4:	e001      	b.n	100034ea <_vsnprintf+0x866>
100034e6:	2f20      	cmp	r7, #32
100034e8:	d00f      	beq.n	1000350a <_vsnprintf+0x886>
100034ea:	4615      	mov	r5, r2
100034ec:	fbae 1302 	umull	r1, r3, lr, r2
100034f0:	08db      	lsrs	r3, r3, #3
100034f2:	eb03 0183 	add.w	r1, r3, r3, lsl #2
100034f6:	eba2 0141 	sub.w	r1, r2, r1, lsl #1
100034fa:	3130      	adds	r1, #48	@ 0x30
100034fc:	2d09      	cmp	r5, #9
100034fe:	461a      	mov	r2, r3
10003500:	f107 0701 	add.w	r7, r7, #1
10003504:	f800 1b01 	strb.w	r1, [r0], #1
10003508:	d8ed      	bhi.n	100034e6 <_vsnprintf+0x862>
1000350a:	9b0a      	ldr	r3, [sp, #40]	@ 0x28
1000350c:	9d0c      	ldr	r5, [sp, #48]	@ 0x30
1000350e:	e9cd 5c05 	strd	r5, ip, [sp, #20]
10003512:	e9cd 7301 	strd	r7, r3, [sp, #4]
10003516:	9604      	str	r6, [sp, #16]
10003518:	e6d5      	b.n	100032c6 <_vsnprintf+0x642>
1000351a:	2869      	cmp	r0, #105	@ 0x69
1000351c:	f023 0c10 	bic.w	ip, r3, #16
10003520:	f040 808c 	bne.w	1000363c <_vsnprintf+0x9b8>
10003524:	f413 6280 	ands.w	r2, r3, #1024	@ 0x400
10003528:	f43f ae8e 	beq.w	10003248 <_vsnprintf+0x5c4>
1000352c:	e688      	b.n	10003240 <_vsnprintf+0x5bc>
1000352e:	2a00      	cmp	r2, #0
10003530:	f43f aea8 	beq.w	10003284 <_vsnprintf+0x600>
10003534:	aa12      	add	r2, sp, #72	@ 0x48
10003536:	920b      	str	r2, [sp, #44]	@ 0x2c
10003538:	e6c0      	b.n	100032bc <_vsnprintf+0x638>
1000353a:	f013 0f20 	tst.w	r3, #32
1000353e:	bf14      	ite	ne
10003540:	2241      	movne	r2, #65	@ 0x41
10003542:	2261      	moveq	r2, #97	@ 0x61
10003544:	2000      	movs	r0, #0
10003546:	a912      	add	r1, sp, #72	@ 0x48
10003548:	3a0a      	subs	r2, #10
1000354a:	e9cd 680e 	strd	r6, r8, [sp, #56]	@ 0x38
1000354e:	e9cd 350c 	strd	r3, r5, [sp, #48]	@ 0x30
10003552:	f8cd b044 	str.w	fp, [sp, #68]	@ 0x44
10003556:	4606      	mov	r6, r0
10003558:	4688      	mov	r8, r1
1000355a:	4675      	mov	r5, lr
1000355c:	4693      	mov	fp, r2
1000355e:	910b      	str	r1, [sp, #44]	@ 0x2c
10003560:	f8cd c040 	str.w	ip, [sp, #64]	@ 0x40
10003564:	e003      	b.n	1000356e <_vsnprintf+0x8ea>
10003566:	2e20      	cmp	r6, #32
10003568:	d017      	beq.n	1000359a <_vsnprintf+0x916>
1000356a:	4604      	mov	r4, r0
1000356c:	460d      	mov	r5, r1
1000356e:	4629      	mov	r1, r5
10003570:	463a      	mov	r2, r7
10003572:	2300      	movs	r3, #0
10003574:	4620      	mov	r0, r4
10003576:	f005 fc03 	bl	10008d80 <____aeabi_uldivmod_veneer>
1000357a:	b2d2      	uxtb	r2, r2
1000357c:	2a09      	cmp	r2, #9
1000357e:	f102 0330 	add.w	r3, r2, #48	@ 0x30
10003582:	bf88      	it	hi
10003584:	eb02 030b 	addhi.w	r3, r2, fp
10003588:	42bc      	cmp	r4, r7
1000358a:	b2db      	uxtb	r3, r3
1000358c:	f175 0500 	sbcs.w	r5, r5, #0
10003590:	f808 3b01 	strb.w	r3, [r8], #1
10003594:	f106 0601 	add.w	r6, r6, #1
10003598:	d2e5      	bcs.n	10003566 <_vsnprintf+0x8e2>
1000359a:	4631      	mov	r1, r6
1000359c:	e9dd 350c 	ldrd	r3, r5, [sp, #48]	@ 0x30
100035a0:	e9dd cb10 	ldrd	ip, fp, [sp, #64]	@ 0x40
100035a4:	f8dd 803c 	ldr.w	r8, [sp, #60]	@ 0x3c
100035a8:	9e0e      	ldr	r6, [sp, #56]	@ 0x38
100035aa:	e757      	b.n	1000345c <_vsnprintf+0x7d8>
100035ac:	990a      	ldr	r1, [sp, #40]	@ 0x28
100035ae:	6809      	ldr	r1, [r1, #0]
100035b0:	b951      	cbnz	r1, 100035c8 <_vsnprintf+0x944>
100035b2:	f023 0310 	bic.w	r3, r3, #16
100035b6:	b138      	cbz	r0, 100035c8 <_vsnprintf+0x944>
100035b8:	a912      	add	r1, sp, #72	@ 0x48
100035ba:	910b      	str	r1, [sp, #44]	@ 0x2c
100035bc:	e9cd 5305 	strd	r5, r3, [sp, #20]
100035c0:	e9cd c603 	strd	ip, r6, [sp, #12]
100035c4:	9201      	str	r2, [sp, #4]
100035c6:	e5cf      	b.n	10003168 <_vsnprintf+0x4e4>
100035c8:	f013 0f20 	tst.w	r3, #32
100035cc:	bf14      	ite	ne
100035ce:	2041      	movne	r0, #65	@ 0x41
100035d0:	2061      	moveq	r0, #97	@ 0x61
100035d2:	ac12      	add	r4, sp, #72	@ 0x48
100035d4:	46a6      	mov	lr, r4
100035d6:	940b      	str	r4, [sp, #44]	@ 0x2c
100035d8:	930a      	str	r3, [sp, #40]	@ 0x28
100035da:	f1a0 040a 	sub.w	r4, r0, #10
100035de:	950c      	str	r5, [sp, #48]	@ 0x30
100035e0:	e002      	b.n	100035e8 <_vsnprintf+0x964>
100035e2:	2a20      	cmp	r2, #32
100035e4:	d012      	beq.n	1000360c <_vsnprintf+0x988>
100035e6:	4629      	mov	r1, r5
100035e8:	fbb1 f5fc 	udiv	r5, r1, ip
100035ec:	fb0c 1015 	mls	r0, ip, r5, r1
100035f0:	b2c3      	uxtb	r3, r0
100035f2:	2809      	cmp	r0, #9
100035f4:	f103 0030 	add.w	r0, r3, #48	@ 0x30
100035f8:	bf8a      	itet	hi
100035fa:	191b      	addhi	r3, r3, r4
100035fc:	b2c3      	uxtbls	r3, r0
100035fe:	b2db      	uxtbhi	r3, r3
10003600:	4561      	cmp	r1, ip
10003602:	f80e 3b01 	strb.w	r3, [lr], #1
10003606:	f102 0201 	add.w	r2, r2, #1
1000360a:	d2ea      	bcs.n	100035e2 <_vsnprintf+0x95e>
1000360c:	9b0a      	ldr	r3, [sp, #40]	@ 0x28
1000360e:	9d0c      	ldr	r5, [sp, #48]	@ 0x30
10003610:	e7d4      	b.n	100035bc <_vsnprintf+0x938>
10003612:	6819      	ldr	r1, [r3, #0]
10003614:	ea81 77e1 	eor.w	r7, r1, r1, asr #31
10003618:	eba7 77e1 	sub.w	r7, r7, r1, asr #31
1000361c:	e62d      	b.n	1000327a <_vsnprintf+0x5f6>
1000361e:	2a00      	cmp	r2, #0
10003620:	f43f af59 	beq.w	100034d6 <_vsnprintf+0x852>
10003624:	aa12      	add	r2, sp, #72	@ 0x48
10003626:	920b      	str	r2, [sp, #44]	@ 0x2c
10003628:	e771      	b.n	1000350e <_vsnprintf+0x88a>
1000362a:	f413 6480 	ands.w	r4, r3, #1024	@ 0x400
1000362e:	d00d      	beq.n	1000364c <_vsnprintf+0x9c8>
10003630:	f013 0402 	ands.w	r4, r3, #2
10003634:	d012      	beq.n	1000365c <_vsnprintf+0x9d8>
10003636:	4604      	mov	r4, r0
10003638:	4646      	mov	r6, r8
1000363a:	e5ec      	b.n	10003216 <_vsnprintf+0x592>
1000363c:	270a      	movs	r7, #10
1000363e:	4663      	mov	r3, ip
10003640:	46bc      	mov	ip, r7
10003642:	e56c      	b.n	1000311e <_vsnprintf+0x49a>
10003644:	ab12      	add	r3, sp, #72	@ 0x48
10003646:	2000      	movs	r0, #0
10003648:	930b      	str	r3, [sp, #44]	@ 0x2c
1000364a:	e69d      	b.n	10003388 <_vsnprintf+0x704>
1000364c:	f013 0302 	ands.w	r3, r3, #2
10003650:	f47f ade0 	bne.w	10003214 <_vsnprintf+0x590>
10003654:	2d00      	cmp	r5, #0
10003656:	f47f af13 	bne.w	10003480 <_vsnprintf+0x7fc>
1000365a:	e49a      	b.n	10002f92 <_vsnprintf+0x30e>
1000365c:	2d00      	cmp	r5, #0
1000365e:	f47f af0d 	bne.w	1000347c <_vsnprintf+0x7f8>
10003662:	e496      	b.n	10002f92 <_vsnprintf+0x30e>
10003664:	cccccccd 	.word	0xcccccccd

10003668 <vfctprintf>:
10003668:	b570      	push	{r4, r5, r6, lr}
1000366a:	4694      	mov	ip, r2
1000366c:	461e      	mov	r6, r3
1000366e:	4605      	mov	r5, r0
10003670:	460c      	mov	r4, r1
10003672:	b084      	sub	sp, #16
10003674:	f04f 32ff 	mov.w	r2, #4294967295
10003678:	4663      	mov	r3, ip
1000367a:	a902      	add	r1, sp, #8
1000367c:	9600      	str	r6, [sp, #0]
1000367e:	4803      	ldr	r0, [pc, #12]	@ (1000368c <vfctprintf+0x24>)
10003680:	e9cd 5402 	strd	r5, r4, [sp, #8]
10003684:	f7ff fafe 	bl	10002c84 <_vsnprintf>
10003688:	b004      	add	sp, #16
1000368a:	bd70      	pop	{r4, r5, r6, pc}
1000368c:	10002245 	.word	0x10002245

10003690 <weak_raw_vprintf>:
10003690:	b510      	push	{r4, lr}
10003692:	4b09      	ldr	r3, [pc, #36]	@ (100036b8 <weak_raw_vprintf+0x28>)
10003694:	b084      	sub	sp, #16
10003696:	681c      	ldr	r4, [r3, #0]
10003698:	b14c      	cbz	r4, 100036ae <weak_raw_vprintf+0x1e>
1000369a:	4603      	mov	r3, r0
1000369c:	9100      	str	r1, [sp, #0]
1000369e:	f04f 32ff 	mov.w	r2, #4294967295
100036a2:	a903      	add	r1, sp, #12
100036a4:	4805      	ldr	r0, [pc, #20]	@ (100036bc <weak_raw_vprintf+0x2c>)
100036a6:	47a0      	blx	r4
100036a8:	2001      	movs	r0, #1
100036aa:	b004      	add	sp, #16
100036ac:	bd10      	pop	{r4, pc}
100036ae:	f000 f98f 	bl	100039d0 <__wrap_puts>
100036b2:	4620      	mov	r0, r4
100036b4:	b004      	add	sp, #16
100036b6:	bd10      	pop	{r4, pc}
100036b8:	2000292c 	.word	0x2000292c
100036bc:	1000223d 	.word	0x1000223d

100036c0 <_exit>:
100036c0:	be00      	bkpt	0x0000
100036c2:	e7fd      	b.n	100036c0 <_exit>

100036c4 <_sbrk>:
100036c4:	4a07      	ldr	r2, [pc, #28]	@ (100036e4 <_sbrk+0x20>)
100036c6:	4603      	mov	r3, r0
100036c8:	6810      	ldr	r0, [r2, #0]
100036ca:	b138      	cbz	r0, 100036dc <_sbrk+0x18>
100036cc:	4906      	ldr	r1, [pc, #24]	@ (100036e8 <_sbrk+0x24>)
100036ce:	4403      	add	r3, r0
100036d0:	428b      	cmp	r3, r1
100036d2:	bf8c      	ite	hi
100036d4:	f04f 30ff 	movhi.w	r0, #4294967295
100036d8:	6013      	strls	r3, [r2, #0]
100036da:	4770      	bx	lr
100036dc:	4903      	ldr	r1, [pc, #12]	@ (100036ec <_sbrk+0x28>)
100036de:	4608      	mov	r0, r1
100036e0:	6011      	str	r1, [r2, #0]
100036e2:	e7f3      	b.n	100036cc <_sbrk+0x8>
100036e4:	20002520 	.word	0x20002520
100036e8:	20080000 	.word	0x20080000
100036ec:	20002bb8 	.word	0x20002bb8

100036f0 <exit>:
100036f0:	b508      	push	{r3, lr}
100036f2:	f7ff ffe5 	bl	100036c0 <_exit>
100036f6:	bf00      	nop

100036f8 <runtime_init>:
100036f8:	b538      	push	{r3, r4, r5, lr}
100036fa:	4c06      	ldr	r4, [pc, #24]	@ (10003714 <runtime_init+0x1c>)
100036fc:	4d06      	ldr	r5, [pc, #24]	@ (10003718 <runtime_init+0x20>)
100036fe:	f7fe fa01 	bl	10001b04 <runtime_run_initializers>
10003702:	42ac      	cmp	r4, r5
10003704:	d204      	bcs.n	10003710 <runtime_init+0x18>
10003706:	f854 3b04 	ldr.w	r3, [r4], #4
1000370a:	4798      	blx	r3
1000370c:	42ac      	cmp	r4, r5
1000370e:	d3fa      	bcc.n	10003706 <runtime_init+0xe>
10003710:	bd38      	pop	{r3, r4, r5, pc}
10003712:	bf00      	nop
10003714:	10008e00 	.word	0x10008e00
10003718:	10008e10 	.word	0x10008e10

1000371c <stdio_out_chars_no_crlf>:
1000371c:	6803      	ldr	r3, [r0, #0]
1000371e:	4608      	mov	r0, r1
10003720:	4611      	mov	r1, r2
10003722:	4718      	bx	r3

10003724 <stdio_out_chars_crlf>:
10003724:	e92d 41f0 	stmdb	sp!, {r4, r5, r6, r7, r8, lr}
10003728:	4615      	mov	r5, r2
1000372a:	7d42      	ldrb	r2, [r0, #21]
1000372c:	4607      	mov	r7, r0
1000372e:	4688      	mov	r8, r1
10003730:	2a00      	cmp	r2, #0
10003732:	d046      	beq.n	100037c2 <stdio_out_chars_crlf+0x9e>
10003734:	2d00      	cmp	r5, #0
10003736:	dd1d      	ble.n	10003774 <stdio_out_chars_crlf+0x50>
10003738:	780b      	ldrb	r3, [r1, #0]
1000373a:	2b0a      	cmp	r3, #10
1000373c:	d023      	beq.n	10003786 <stdio_out_chars_crlf+0x62>
1000373e:	2d01      	cmp	r5, #1
10003740:	f04f 0c00 	mov.w	ip, #0
10003744:	d018      	beq.n	10003778 <stdio_out_chars_crlf+0x54>
10003746:	4646      	mov	r6, r8
10003748:	2401      	movs	r4, #1
1000374a:	f816 2f01 	ldrb.w	r2, [r6, #1]!
1000374e:	4621      	mov	r1, r4
10003750:	2a0a      	cmp	r2, #10
10003752:	f104 0401 	add.w	r4, r4, #1
10003756:	d022      	beq.n	1000379e <stdio_out_chars_crlf+0x7a>
10003758:	42a5      	cmp	r5, r4
1000375a:	d1f6      	bne.n	1000374a <stdio_out_chars_crlf+0x26>
1000375c:	4565      	cmp	r5, ip
1000375e:	dc0b      	bgt.n	10003778 <stdio_out_chars_crlf+0x54>
10003760:	eb08 0305 	add.w	r3, r8, r5
10003764:	f813 3c01 	ldrb.w	r3, [r3, #-1]
10003768:	f1a3 030d 	sub.w	r3, r3, #13
1000376c:	fab3 f383 	clz	r3, r3
10003770:	095b      	lsrs	r3, r3, #5
10003772:	753b      	strb	r3, [r7, #20]
10003774:	e8bd 81f0 	ldmia.w	sp!, {r4, r5, r6, r7, r8, pc}
10003778:	683b      	ldr	r3, [r7, #0]
1000377a:	eba5 010c 	sub.w	r1, r5, ip
1000377e:	eb08 000c 	add.w	r0, r8, ip
10003782:	4798      	blx	r3
10003784:	e7ec      	b.n	10003760 <stdio_out_chars_crlf+0x3c>
10003786:	7d03      	ldrb	r3, [r0, #20]
10003788:	2b00      	cmp	r3, #0
1000378a:	d1d8      	bne.n	1000373e <stdio_out_chars_crlf+0x1a>
1000378c:	6803      	ldr	r3, [r0, #0]
1000378e:	2102      	movs	r1, #2
10003790:	480f      	ldr	r0, [pc, #60]	@ (100037d0 <stdio_out_chars_crlf+0xac>)
10003792:	4798      	blx	r3
10003794:	2d01      	cmp	r5, #1
10003796:	d0e3      	beq.n	10003760 <stdio_out_chars_crlf+0x3c>
10003798:	f04f 0c01 	mov.w	ip, #1
1000379c:	e7d3      	b.n	10003746 <stdio_out_chars_crlf+0x22>
1000379e:	f816 3c01 	ldrb.w	r3, [r6, #-1]
100037a2:	2b0d      	cmp	r3, #13
100037a4:	d0d8      	beq.n	10003758 <stdio_out_chars_crlf+0x34>
100037a6:	458c      	cmp	ip, r1
100037a8:	eb08 000c 	add.w	r0, r8, ip
100037ac:	eba1 010c 	sub.w	r1, r1, ip
100037b0:	da01      	bge.n	100037b6 <stdio_out_chars_crlf+0x92>
100037b2:	683b      	ldr	r3, [r7, #0]
100037b4:	4798      	blx	r3
100037b6:	2102      	movs	r1, #2
100037b8:	4805      	ldr	r0, [pc, #20]	@ (100037d0 <stdio_out_chars_crlf+0xac>)
100037ba:	683b      	ldr	r3, [r7, #0]
100037bc:	4798      	blx	r3
100037be:	46a4      	mov	ip, r4
100037c0:	e7ca      	b.n	10003758 <stdio_out_chars_crlf+0x34>
100037c2:	4629      	mov	r1, r5
100037c4:	4640      	mov	r0, r8
100037c6:	683b      	ldr	r3, [r7, #0]
100037c8:	e8bd 41f0 	ldmia.w	sp!, {r4, r5, r6, r7, r8, lr}
100037cc:	4718      	bx	r3
100037ce:	bf00      	nop
100037d0:	10009418 	.word	0x10009418

100037d4 <stdio_buffered_printer>:
100037d4:	680b      	ldr	r3, [r1, #0]
100037d6:	e92d 41f0 	stmdb	sp!, {r4, r5, r6, r7, r8, lr}
100037da:	2b80      	cmp	r3, #128	@ 0x80
100037dc:	460d      	mov	r5, r1
100037de:	4606      	mov	r6, r0
100037e0:	d005      	beq.n	100037ee <stdio_buffered_printer+0x1a>
100037e2:	1c5a      	adds	r2, r3, #1
100037e4:	442b      	add	r3, r5
100037e6:	602a      	str	r2, [r5, #0]
100037e8:	711e      	strb	r6, [r3, #4]
100037ea:	e8bd 81f0 	ldmia.w	sp!, {r4, r5, r6, r7, r8, pc}
100037ee:	4b0f      	ldr	r3, [pc, #60]	@ (1000382c <stdio_buffered_printer+0x58>)
100037f0:	681c      	ldr	r4, [r3, #0]
100037f2:	b1a4      	cbz	r4, 1000381e <stdio_buffered_printer+0x4a>
100037f4:	4f0e      	ldr	r7, [pc, #56]	@ (10003830 <stdio_buffered_printer+0x5c>)
100037f6:	f101 0804 	add.w	r8, r1, #4
100037fa:	e001      	b.n	10003800 <stdio_buffered_printer+0x2c>
100037fc:	6924      	ldr	r4, [r4, #16]
100037fe:	b174      	cbz	r4, 1000381e <stdio_buffered_printer+0x4a>
10003800:	6823      	ldr	r3, [r4, #0]
10003802:	2b00      	cmp	r3, #0
10003804:	d0fa      	beq.n	100037fc <stdio_buffered_printer+0x28>
10003806:	683b      	ldr	r3, [r7, #0]
10003808:	b10b      	cbz	r3, 1000380e <stdio_buffered_printer+0x3a>
1000380a:	42a3      	cmp	r3, r4
1000380c:	d1f6      	bne.n	100037fc <stdio_buffered_printer+0x28>
1000380e:	4620      	mov	r0, r4
10003810:	4641      	mov	r1, r8
10003812:	682a      	ldr	r2, [r5, #0]
10003814:	f7ff ff86 	bl	10003724 <stdio_out_chars_crlf>
10003818:	6924      	ldr	r4, [r4, #16]
1000381a:	2c00      	cmp	r4, #0
1000381c:	d1f0      	bne.n	10003800 <stdio_buffered_printer+0x2c>
1000381e:	2300      	movs	r3, #0
10003820:	2201      	movs	r2, #1
10003822:	442b      	add	r3, r5
10003824:	602a      	str	r2, [r5, #0]
10003826:	711e      	strb	r6, [r3, #4]
10003828:	e8bd 81f0 	ldmia.w	sp!, {r4, r5, r6, r7, r8, pc}
1000382c:	20002510 	.word	0x20002510
10003830:	2000251c 	.word	0x2000251c

10003834 <stdio_put_string>:
10003834:	e92d 47f0 	stmdb	sp!, {r4, r5, r6, r7, r8, r9, sl, lr}
10003838:	b082      	sub	sp, #8
1000383a:	460d      	mov	r5, r1
1000383c:	4691      	mov	r9, r2
1000383e:	461c      	mov	r4, r3
10003840:	4606      	mov	r6, r0
10003842:	f7fd ff2d 	bl	100016a0 <time_us_64>
10003846:	f04f 3cff 	mov.w	ip, #4294967295
1000384a:	f06f 4700 	mvn.w	r7, #2147483648	@ 0x80000000
1000384e:	4a2e      	ldr	r2, [pc, #184]	@ (10003908 <stdio_put_string+0xd4>)
10003850:	1882      	adds	r2, r0, r2
10003852:	f141 0300 	adc.w	r3, r1, #0
10003856:	4594      	cmp	ip, r2
10003858:	eb77 0103 	sbcs.w	r1, r7, r3
1000385c:	bf3c      	itt	cc
1000385e:	4662      	movcc	r2, ip
10003860:	463b      	movcc	r3, r7
10003862:	482a      	ldr	r0, [pc, #168]	@ (1000390c <stdio_put_string+0xd8>)
10003864:	f005 fa9c 	bl	10008da0 <__mutex_try_enter_block_until_veneer>
10003868:	1c6b      	adds	r3, r5, #1
1000386a:	4680      	mov	r8, r0
1000386c:	d040      	beq.n	100038f0 <stdio_put_string+0xbc>
1000386e:	b30c      	cbz	r4, 100038b4 <stdio_put_string+0x80>
10003870:	4f27      	ldr	r7, [pc, #156]	@ (10003910 <stdio_put_string+0xdc>)
10003872:	4b28      	ldr	r3, [pc, #160]	@ (10003914 <stdio_put_string+0xe0>)
10003874:	681c      	ldr	r4, [r3, #0]
10003876:	b1b4      	cbz	r4, 100038a6 <stdio_put_string+0x72>
10003878:	f1b9 0f00 	cmp.w	r9, #0
1000387c:	d11c      	bne.n	100038b8 <stdio_put_string+0x84>
1000387e:	f8df 909c 	ldr.w	r9, [pc, #156]	@ 1000391c <stdio_put_string+0xe8>
10003882:	e001      	b.n	10003888 <stdio_put_string+0x54>
10003884:	6924      	ldr	r4, [r4, #16]
10003886:	b174      	cbz	r4, 100038a6 <stdio_put_string+0x72>
10003888:	6823      	ldr	r3, [r4, #0]
1000388a:	2b00      	cmp	r3, #0
1000388c:	d0fa      	beq.n	10003884 <stdio_put_string+0x50>
1000388e:	f8d9 3000 	ldr.w	r3, [r9]
10003892:	b10b      	cbz	r3, 10003898 <stdio_put_string+0x64>
10003894:	429c      	cmp	r4, r3
10003896:	d1f5      	bne.n	10003884 <stdio_put_string+0x50>
10003898:	4620      	mov	r0, r4
1000389a:	462a      	mov	r2, r5
1000389c:	4631      	mov	r1, r6
1000389e:	47b8      	blx	r7
100038a0:	6924      	ldr	r4, [r4, #16]
100038a2:	2c00      	cmp	r4, #0
100038a4:	d1f0      	bne.n	10003888 <stdio_put_string+0x54>
100038a6:	f1b8 0f00 	cmp.w	r8, #0
100038aa:	d126      	bne.n	100038fa <stdio_put_string+0xc6>
100038ac:	4628      	mov	r0, r5
100038ae:	b002      	add	sp, #8
100038b0:	e8bd 87f0 	ldmia.w	sp!, {r4, r5, r6, r7, r8, r9, sl, pc}
100038b4:	4f18      	ldr	r7, [pc, #96]	@ (10003918 <stdio_put_string+0xe4>)
100038b6:	e7dc      	b.n	10003872 <stdio_put_string+0x3e>
100038b8:	f04f 0a0a 	mov.w	sl, #10
100038bc:	f8df 905c 	ldr.w	r9, [pc, #92]	@ 1000391c <stdio_put_string+0xe8>
100038c0:	e002      	b.n	100038c8 <stdio_put_string+0x94>
100038c2:	6924      	ldr	r4, [r4, #16]
100038c4:	2c00      	cmp	r4, #0
100038c6:	d0ee      	beq.n	100038a6 <stdio_put_string+0x72>
100038c8:	6823      	ldr	r3, [r4, #0]
100038ca:	2b00      	cmp	r3, #0
100038cc:	d0f9      	beq.n	100038c2 <stdio_put_string+0x8e>
100038ce:	f8d9 3000 	ldr.w	r3, [r9]
100038d2:	b10b      	cbz	r3, 100038d8 <stdio_put_string+0xa4>
100038d4:	42a3      	cmp	r3, r4
100038d6:	d1f4      	bne.n	100038c2 <stdio_put_string+0x8e>
100038d8:	462a      	mov	r2, r5
100038da:	4631      	mov	r1, r6
100038dc:	4620      	mov	r0, r4
100038de:	47b8      	blx	r7
100038e0:	2201      	movs	r2, #1
100038e2:	4620      	mov	r0, r4
100038e4:	f10d 0107 	add.w	r1, sp, #7
100038e8:	f88d a007 	strb.w	sl, [sp, #7]
100038ec:	47b8      	blx	r7
100038ee:	e7e8      	b.n	100038c2 <stdio_put_string+0x8e>
100038f0:	4630      	mov	r0, r6
100038f2:	f005 f8b9 	bl	10008a68 <strlen>
100038f6:	4605      	mov	r5, r0
100038f8:	e7b9      	b.n	1000386e <stdio_put_string+0x3a>
100038fa:	4804      	ldr	r0, [pc, #16]	@ (1000390c <stdio_put_string+0xd8>)
100038fc:	f005 fa44 	bl	10008d88 <__mutex_exit_veneer>
10003900:	4628      	mov	r0, r5
10003902:	b002      	add	sp, #8
10003904:	e8bd 87f0 	ldmia.w	sp!, {r4, r5, r6, r7, r8, r9, sl, pc}
10003908:	000f4240 	.word	0x000f4240
1000390c:	20001b88 	.word	0x20001b88
10003910:	10003725 	.word	0x10003725
10003914:	20002510 	.word	0x20002510
10003918:	1000371d 	.word	0x1000371d
1000391c:	2000251c 	.word	0x2000251c

10003920 <stdio_set_driver_enabled>:
10003920:	4a08      	ldr	r2, [pc, #32]	@ (10003944 <stdio_set_driver_enabled+0x24>)
10003922:	6813      	ldr	r3, [r2, #0]
10003924:	b923      	cbnz	r3, 10003930 <stdio_set_driver_enabled+0x10>
10003926:	e00a      	b.n	1000393e <stdio_set_driver_enabled+0x1e>
10003928:	f103 0210 	add.w	r2, r3, #16
1000392c:	691b      	ldr	r3, [r3, #16]
1000392e:	b133      	cbz	r3, 1000393e <stdio_set_driver_enabled+0x1e>
10003930:	4283      	cmp	r3, r0
10003932:	d1f9      	bne.n	10003928 <stdio_set_driver_enabled+0x8>
10003934:	b929      	cbnz	r1, 10003942 <stdio_set_driver_enabled+0x22>
10003936:	6918      	ldr	r0, [r3, #16]
10003938:	6010      	str	r0, [r2, #0]
1000393a:	6119      	str	r1, [r3, #16]
1000393c:	4770      	bx	lr
1000393e:	b101      	cbz	r1, 10003942 <stdio_set_driver_enabled+0x22>
10003940:	6010      	str	r0, [r2, #0]
10003942:	4770      	bx	lr
10003944:	20002510 	.word	0x20002510

10003948 <stdio_init_all>:
10003948:	f000 bade 	b.w	10003f08 <stdio_usb_init>

1000394c <__wrap_putchar>:
1000394c:	b5f0      	push	{r4, r5, r6, r7, lr}
1000394e:	b083      	sub	sp, #12
10003950:	4606      	mov	r6, r0
10003952:	f88d 0007 	strb.w	r0, [sp, #7]
10003956:	f7fd fea3 	bl	100016a0 <time_us_64>
1000395a:	f04f 35ff 	mov.w	r5, #4294967295
1000395e:	f06f 4400 	mvn.w	r4, #2147483648	@ 0x80000000
10003962:	4a17      	ldr	r2, [pc, #92]	@ (100039c0 <__wrap_putchar+0x74>)
10003964:	1882      	adds	r2, r0, r2
10003966:	f141 0300 	adc.w	r3, r1, #0
1000396a:	4295      	cmp	r5, r2
1000396c:	eb74 0103 	sbcs.w	r1, r4, r3
10003970:	bf3c      	itt	cc
10003972:	4623      	movcc	r3, r4
10003974:	462a      	movcc	r2, r5
10003976:	4813      	ldr	r0, [pc, #76]	@ (100039c4 <__wrap_putchar+0x78>)
10003978:	f005 fa12 	bl	10008da0 <__mutex_try_enter_block_until_veneer>
1000397c:	4b12      	ldr	r3, [pc, #72]	@ (100039c8 <__wrap_putchar+0x7c>)
1000397e:	4607      	mov	r7, r0
10003980:	681c      	ldr	r4, [r3, #0]
10003982:	b19c      	cbz	r4, 100039ac <__wrap_putchar+0x60>
10003984:	4d11      	ldr	r5, [pc, #68]	@ (100039cc <__wrap_putchar+0x80>)
10003986:	e001      	b.n	1000398c <__wrap_putchar+0x40>
10003988:	6924      	ldr	r4, [r4, #16]
1000398a:	b17c      	cbz	r4, 100039ac <__wrap_putchar+0x60>
1000398c:	6823      	ldr	r3, [r4, #0]
1000398e:	2b00      	cmp	r3, #0
10003990:	d0fa      	beq.n	10003988 <__wrap_putchar+0x3c>
10003992:	682b      	ldr	r3, [r5, #0]
10003994:	b10b      	cbz	r3, 1000399a <__wrap_putchar+0x4e>
10003996:	429c      	cmp	r4, r3
10003998:	d1f6      	bne.n	10003988 <__wrap_putchar+0x3c>
1000399a:	4620      	mov	r0, r4
1000399c:	2201      	movs	r2, #1
1000399e:	f10d 0107 	add.w	r1, sp, #7
100039a2:	f7ff febf 	bl	10003724 <stdio_out_chars_crlf>
100039a6:	6924      	ldr	r4, [r4, #16]
100039a8:	2c00      	cmp	r4, #0
100039aa:	d1ef      	bne.n	1000398c <__wrap_putchar+0x40>
100039ac:	b917      	cbnz	r7, 100039b4 <__wrap_putchar+0x68>
100039ae:	4630      	mov	r0, r6
100039b0:	b003      	add	sp, #12
100039b2:	bdf0      	pop	{r4, r5, r6, r7, pc}
100039b4:	4803      	ldr	r0, [pc, #12]	@ (100039c4 <__wrap_putchar+0x78>)
100039b6:	f005 f9e7 	bl	10008d88 <__mutex_exit_veneer>
100039ba:	4630      	mov	r0, r6
100039bc:	b003      	add	sp, #12
100039be:	bdf0      	pop	{r4, r5, r6, r7, pc}
100039c0:	000f4240 	.word	0x000f4240
100039c4:	20001b88 	.word	0x20001b88
100039c8:	20002510 	.word	0x20002510
100039cc:	2000251c 	.word	0x2000251c

100039d0 <__wrap_puts>:
100039d0:	b538      	push	{r3, r4, r5, lr}
100039d2:	4604      	mov	r4, r0
100039d4:	f005 f848 	bl	10008a68 <strlen>
100039d8:	2301      	movs	r3, #1
100039da:	4605      	mov	r5, r0
100039dc:	461a      	mov	r2, r3
100039de:	4620      	mov	r0, r4
100039e0:	4629      	mov	r1, r5
100039e2:	f7ff ff27 	bl	10003834 <stdio_put_string>
100039e6:	4b08      	ldr	r3, [pc, #32]	@ (10003a08 <__wrap_puts+0x38>)
100039e8:	681c      	ldr	r4, [r3, #0]
100039ea:	b12c      	cbz	r4, 100039f8 <__wrap_puts+0x28>
100039ec:	6863      	ldr	r3, [r4, #4]
100039ee:	b12b      	cbz	r3, 100039fc <__wrap_puts+0x2c>
100039f0:	4798      	blx	r3
100039f2:	6924      	ldr	r4, [r4, #16]
100039f4:	2c00      	cmp	r4, #0
100039f6:	d1f9      	bne.n	100039ec <__wrap_puts+0x1c>
100039f8:	4628      	mov	r0, r5
100039fa:	bd38      	pop	{r3, r4, r5, pc}
100039fc:	6924      	ldr	r4, [r4, #16]
100039fe:	2c00      	cmp	r4, #0
10003a00:	d1f4      	bne.n	100039ec <__wrap_puts+0x1c>
10003a02:	4628      	mov	r0, r5
10003a04:	bd38      	pop	{r3, r4, r5, pc}
10003a06:	bf00      	nop
10003a08:	20002510 	.word	0x20002510

10003a0c <__wrap_vprintf>:
10003a0c:	e92d 41f0 	stmdb	sp!, {r4, r5, r6, r7, r8, lr}
10003a10:	b0a2      	sub	sp, #136	@ 0x88
10003a12:	4604      	mov	r4, r0
10003a14:	460d      	mov	r5, r1
10003a16:	f7fd fe43 	bl	100016a0 <time_us_64>
10003a1a:	f04f 37ff 	mov.w	r7, #4294967295
10003a1e:	f06f 4600 	mvn.w	r6, #2147483648	@ 0x80000000
10003a22:	4a26      	ldr	r2, [pc, #152]	@ (10003abc <__wrap_vprintf+0xb0>)
10003a24:	f8df 80a4 	ldr.w	r8, [pc, #164]	@ 10003acc <__wrap_vprintf+0xc0>
10003a28:	1882      	adds	r2, r0, r2
10003a2a:	f141 0300 	adc.w	r3, r1, #0
10003a2e:	4297      	cmp	r7, r2
10003a30:	eb76 0103 	sbcs.w	r1, r6, r3
10003a34:	bf3c      	itt	cc
10003a36:	463a      	movcc	r2, r7
10003a38:	4633      	movcc	r3, r6
10003a3a:	4821      	ldr	r0, [pc, #132]	@ (10003ac0 <__wrap_vprintf+0xb4>)
10003a3c:	f005 f9b0 	bl	10008da0 <__mutex_try_enter_block_until_veneer>
10003a40:	2700      	movs	r7, #0
10003a42:	462b      	mov	r3, r5
10003a44:	4622      	mov	r2, r4
10003a46:	4606      	mov	r6, r0
10003a48:	a901      	add	r1, sp, #4
10003a4a:	481e      	ldr	r0, [pc, #120]	@ (10003ac4 <__wrap_vprintf+0xb8>)
10003a4c:	9701      	str	r7, [sp, #4]
10003a4e:	f7ff fe0b 	bl	10003668 <vfctprintf>
10003a52:	9b01      	ldr	r3, [sp, #4]
10003a54:	4605      	mov	r5, r0
10003a56:	f8d8 4000 	ldr.w	r4, [r8]
10003a5a:	b1c3      	cbz	r3, 10003a8e <__wrap_vprintf+0x82>
10003a5c:	2c00      	cmp	r4, #0
10003a5e:	d02b      	beq.n	10003ab8 <__wrap_vprintf+0xac>
10003a60:	4f19      	ldr	r7, [pc, #100]	@ (10003ac8 <__wrap_vprintf+0xbc>)
10003a62:	e001      	b.n	10003a68 <__wrap_vprintf+0x5c>
10003a64:	6924      	ldr	r4, [r4, #16]
10003a66:	b174      	cbz	r4, 10003a86 <__wrap_vprintf+0x7a>
10003a68:	6823      	ldr	r3, [r4, #0]
10003a6a:	2b00      	cmp	r3, #0
10003a6c:	d0fa      	beq.n	10003a64 <__wrap_vprintf+0x58>
10003a6e:	683b      	ldr	r3, [r7, #0]
10003a70:	b10b      	cbz	r3, 10003a76 <__wrap_vprintf+0x6a>
10003a72:	42a3      	cmp	r3, r4
10003a74:	d1f6      	bne.n	10003a64 <__wrap_vprintf+0x58>
10003a76:	4620      	mov	r0, r4
10003a78:	9a01      	ldr	r2, [sp, #4]
10003a7a:	a902      	add	r1, sp, #8
10003a7c:	f7ff fe52 	bl	10003724 <stdio_out_chars_crlf>
10003a80:	6924      	ldr	r4, [r4, #16]
10003a82:	2c00      	cmp	r4, #0
10003a84:	d1f0      	bne.n	10003a68 <__wrap_vprintf+0x5c>
10003a86:	2300      	movs	r3, #0
10003a88:	f8d8 4000 	ldr.w	r4, [r8]
10003a8c:	9301      	str	r3, [sp, #4]
10003a8e:	b12c      	cbz	r4, 10003a9c <__wrap_vprintf+0x90>
10003a90:	6863      	ldr	r3, [r4, #4]
10003a92:	b143      	cbz	r3, 10003aa6 <__wrap_vprintf+0x9a>
10003a94:	4798      	blx	r3
10003a96:	6924      	ldr	r4, [r4, #16]
10003a98:	2c00      	cmp	r4, #0
10003a9a:	d1f9      	bne.n	10003a90 <__wrap_vprintf+0x84>
10003a9c:	b92e      	cbnz	r6, 10003aaa <__wrap_vprintf+0x9e>
10003a9e:	4628      	mov	r0, r5
10003aa0:	b022      	add	sp, #136	@ 0x88
10003aa2:	e8bd 81f0 	ldmia.w	sp!, {r4, r5, r6, r7, r8, pc}
10003aa6:	6924      	ldr	r4, [r4, #16]
10003aa8:	e7f1      	b.n	10003a8e <__wrap_vprintf+0x82>
10003aaa:	4805      	ldr	r0, [pc, #20]	@ (10003ac0 <__wrap_vprintf+0xb4>)
10003aac:	f005 f96c 	bl	10008d88 <__mutex_exit_veneer>
10003ab0:	4628      	mov	r0, r5
10003ab2:	b022      	add	sp, #136	@ 0x88
10003ab4:	e8bd 81f0 	ldmia.w	sp!, {r4, r5, r6, r7, r8, pc}
10003ab8:	9401      	str	r4, [sp, #4]
10003aba:	e7ef      	b.n	10003a9c <__wrap_vprintf+0x90>
10003abc:	000f4240 	.word	0x000f4240
10003ac0:	20001b88 	.word	0x20001b88
10003ac4:	100037d5 	.word	0x100037d5
10003ac8:	2000251c 	.word	0x2000251c
10003acc:	20002510 	.word	0x20002510

10003ad0 <__wrap_printf>:
10003ad0:	b40f      	push	{r0, r1, r2, r3}
10003ad2:	b500      	push	{lr}
10003ad4:	b083      	sub	sp, #12
10003ad6:	a904      	add	r1, sp, #16
10003ad8:	f851 0b04 	ldr.w	r0, [r1], #4
10003adc:	9101      	str	r1, [sp, #4]
10003ade:	f7ff ff95 	bl	10003a0c <__wrap_vprintf>
10003ae2:	b003      	add	sp, #12
10003ae4:	f85d eb04 	ldr.w	lr, [sp], #4
10003ae8:	b004      	add	sp, #16
10003aea:	4770      	bx	lr

10003aec <resetd_init>:
10003aec:	4770      	bx	lr
10003aee:	bf00      	nop

10003af0 <resetd_reset>:
10003af0:	2200      	movs	r2, #0
10003af2:	4b01      	ldr	r3, [pc, #4]	@ (10003af8 <resetd_reset+0x8>)
10003af4:	701a      	strb	r2, [r3, #0]
10003af6:	4770      	bx	lr
10003af8:	20002bb4 	.word	0x20002bb4

10003afc <resetd_open>:
10003afc:	794b      	ldrb	r3, [r1, #5]
10003afe:	2bff      	cmp	r3, #255	@ 0xff
10003b00:	d10b      	bne.n	10003b1a <resetd_open+0x1e>
10003b02:	7988      	ldrb	r0, [r1, #6]
10003b04:	b948      	cbnz	r0, 10003b1a <resetd_open+0x1e>
10003b06:	79cb      	ldrb	r3, [r1, #7]
10003b08:	2b01      	cmp	r3, #1
10003b0a:	d107      	bne.n	10003b1c <resetd_open+0x20>
10003b0c:	2a08      	cmp	r2, #8
10003b0e:	d905      	bls.n	10003b1c <resetd_open+0x20>
10003b10:	4b03      	ldr	r3, [pc, #12]	@ (10003b20 <resetd_open+0x24>)
10003b12:	788a      	ldrb	r2, [r1, #2]
10003b14:	2009      	movs	r0, #9
10003b16:	701a      	strb	r2, [r3, #0]
10003b18:	4770      	bx	lr
10003b1a:	2000      	movs	r0, #0
10003b1c:	4770      	bx	lr
10003b1e:	bf00      	nop
10003b20:	20002bb4 	.word	0x20002bb4

10003b24 <resetd_xfer_cb>:
10003b24:	2001      	movs	r0, #1
10003b26:	4770      	bx	lr

10003b28 <resetd_control_xfer_cb>:
10003b28:	2901      	cmp	r1, #1
10003b2a:	d001      	beq.n	10003b30 <resetd_control_xfer_cb+0x8>
10003b2c:	2001      	movs	r0, #1
10003b2e:	4770      	bx	lr
10003b30:	b508      	push	{r3, lr}
10003b32:	4b10      	ldr	r3, [pc, #64]	@ (10003b74 <resetd_control_xfer_cb+0x4c>)
10003b34:	8891      	ldrh	r1, [r2, #4]
10003b36:	781b      	ldrb	r3, [r3, #0]
10003b38:	4299      	cmp	r1, r3
10003b3a:	d001      	beq.n	10003b40 <resetd_control_xfer_cb+0x18>
10003b3c:	2000      	movs	r0, #0
10003b3e:	bd08      	pop	{r3, pc}
10003b40:	7853      	ldrb	r3, [r2, #1]
10003b42:	2b01      	cmp	r3, #1
10003b44:	d008      	beq.n	10003b58 <resetd_control_xfer_cb+0x30>
10003b46:	2b02      	cmp	r3, #2
10003b48:	d1f8      	bne.n	10003b3c <resetd_control_xfer_cb+0x14>
10003b4a:	2100      	movs	r1, #0
10003b4c:	2264      	movs	r2, #100	@ 0x64
10003b4e:	4608      	mov	r0, r1
10003b50:	f7fd ff14 	bl	1000197c <watchdog_reboot>
10003b54:	2001      	movs	r0, #1
10003b56:	bd08      	pop	{r3, pc}
10003b58:	8851      	ldrh	r1, [r2, #2]
10003b5a:	05cb      	lsls	r3, r1, #23
10003b5c:	bf48      	it	mi
10003b5e:	0a48      	lsrmi	r0, r1, #9
10003b60:	f3c1 2240 	ubfx	r2, r1, #9, #1
10003b64:	bf58      	it	pl
10003b66:	f04f 30ff 	movpl.w	r0, #4294967295
10003b6a:	f001 017f 	and.w	r1, r1, #127	@ 0x7f
10003b6e:	f7fd ff83 	bl	10001a78 <rom_reset_usb_boot_extra>
10003b72:	bf00      	nop
10003b74:	20002bb4 	.word	0x20002bb4

10003b78 <tud_descriptor_bos_cb>:
10003b78:	4800      	ldr	r0, [pc, #0]	@ (10003b7c <tud_descriptor_bos_cb+0x4>)
10003b7a:	4770      	bx	lr
10003b7c:	100094e4 	.word	0x100094e4

10003b80 <tud_vendor_control_xfer_cb>:
10003b80:	2901      	cmp	r1, #1
10003b82:	d107      	bne.n	10003b94 <tud_vendor_control_xfer_cb+0x14>
10003b84:	7853      	ldrb	r3, [r2, #1]
10003b86:	2b01      	cmp	r3, #1
10003b88:	d102      	bne.n	10003b90 <tud_vendor_control_xfer_cb+0x10>
10003b8a:	8893      	ldrh	r3, [r2, #4]
10003b8c:	2b07      	cmp	r3, #7
10003b8e:	d003      	beq.n	10003b98 <tud_vendor_control_xfer_cb+0x18>
10003b90:	2000      	movs	r0, #0
10003b92:	4770      	bx	lr
10003b94:	2001      	movs	r0, #1
10003b96:	4770      	bx	lr
10003b98:	4611      	mov	r1, r2
10003b9a:	23a6      	movs	r3, #166	@ 0xa6
10003b9c:	4a01      	ldr	r2, [pc, #4]	@ (10003ba4 <tud_vendor_control_xfer_cb+0x24>)
10003b9e:	f001 ba39 	b.w	10005014 <tud_control_xfer>
10003ba2:	bf00      	nop
10003ba4:	1000943c 	.word	0x1000943c

10003ba8 <usbd_app_driver_get_cb>:
10003ba8:	4603      	mov	r3, r0
10003baa:	2201      	movs	r2, #1
10003bac:	4801      	ldr	r0, [pc, #4]	@ (10003bb4 <usbd_app_driver_get_cb+0xc>)
10003bae:	701a      	strb	r2, [r3, #0]
10003bb0:	4770      	bx	lr
10003bb2:	bf00      	nop
10003bb4:	1000941c 	.word	0x1000941c

10003bb8 <tud_cdc_line_coding_cb>:
10003bb8:	b508      	push	{r3, lr}
10003bba:	680b      	ldr	r3, [r1, #0]
10003bbc:	f5b3 6f96 	cmp.w	r3, #1200	@ 0x4b0
10003bc0:	d000      	beq.n	10003bc4 <tud_cdc_line_coding_cb+0xc>
10003bc2:	bd08      	pop	{r3, pc}
10003bc4:	2200      	movs	r2, #0
10003bc6:	f04f 30ff 	mov.w	r0, #4294967295
10003bca:	4611      	mov	r1, r2
10003bcc:	f7fd ff54 	bl	10001a78 <rom_reset_usb_boot_extra>

10003bd0 <stdio_usb_set_chars_available_callback>:
10003bd0:	4a02      	ldr	r2, [pc, #8]	@ (10003bdc <stdio_usb_set_chars_available_callback+0xc>)
10003bd2:	4b03      	ldr	r3, [pc, #12]	@ (10003be0 <stdio_usb_set_chars_available_callback+0x10>)
10003bd4:	6010      	str	r0, [r2, #0]
10003bd6:	6019      	str	r1, [r3, #0]
10003bd8:	4770      	bx	lr
10003bda:	bf00      	nop
10003bdc:	200024ac 	.word	0x200024ac
10003be0:	200024b0 	.word	0x200024b0

10003be4 <timer_task>:
10003be4:	4b18      	ldr	r3, [pc, #96]	@ (10003c48 <timer_task+0x64>)
10003be6:	b570      	push	{r4, r5, r6, lr}
10003be8:	681a      	ldr	r2, [r3, #0]
10003bea:	2a00      	cmp	r2, #0
10003bec:	d028      	beq.n	10003c40 <timer_task+0x5c>
10003bee:	f3ef 8110 	mrs	r1, PRIMASK
10003bf2:	b672      	cpsid	i
10003bf4:	e8d2 4fcf 	ldaexb	r4, [r2]
10003bf8:	2001      	movs	r0, #1
10003bfa:	2c00      	cmp	r4, #0
10003bfc:	d1fa      	bne.n	10003bf4 <timer_task+0x10>
10003bfe:	e8c2 0f44 	strexb	r4, r0, [r2]
10003c02:	2c00      	cmp	r4, #0
10003c04:	d1f6      	bne.n	10003bf4 <timer_task+0x10>
10003c06:	f3bf 8f5f 	dmb	sy
10003c0a:	2200      	movs	r2, #0
10003c0c:	4c0f      	ldr	r4, [pc, #60]	@ (10003c4c <timer_task+0x68>)
10003c0e:	6818      	ldr	r0, [r3, #0]
10003c10:	6059      	str	r1, [r3, #4]
10003c12:	7022      	strb	r2, [r4, #0]
10003c14:	e8c0 2f8f 	stlb	r2, [r0]
10003c18:	f381 8810 	msr	PRIMASK, r1
10003c1c:	2400      	movs	r4, #0
10003c1e:	2500      	movs	r5, #0
10003c20:	4e0b      	ldr	r6, [pc, #44]	@ (10003c50 <timer_task+0x6c>)
10003c22:	7830      	ldrb	r0, [r6, #0]
10003c24:	f7fc ff76 	bl	10000b14 <irq_is_enabled>
10003c28:	b920      	cbnz	r0, 10003c34 <timer_task+0x50>
10003c2a:	2400      	movs	r4, #0
10003c2c:	2500      	movs	r5, #0
10003c2e:	4620      	mov	r0, r4
10003c30:	4629      	mov	r1, r5
10003c32:	bd70      	pop	{r4, r5, r6, pc}
10003c34:	7830      	ldrb	r0, [r6, #0]
10003c36:	f7fc ff7d 	bl	10000b34 <irq_set_pending>
10003c3a:	4620      	mov	r0, r4
10003c3c:	4629      	mov	r1, r5
10003c3e:	bd70      	pop	{r4, r5, r6, pc}
10003c40:	f44f 747a 	mov.w	r4, #1000	@ 0x3e8
10003c44:	2500      	movs	r5, #0
10003c46:	e7eb      	b.n	10003c20 <timer_task+0x3c>
10003c48:	20002950 	.word	0x20002950
10003c4c:	20002bb6 	.word	0x20002bb6
10003c50:	20002bb5 	.word	0x20002bb5

10003c54 <usb_irq>:
10003c54:	4b01      	ldr	r3, [pc, #4]	@ (10003c5c <usb_irq+0x8>)
10003c56:	7818      	ldrb	r0, [r3, #0]
10003c58:	f7fc bf6c 	b.w	10000b34 <irq_set_pending>
10003c5c:	20002bb5 	.word	0x20002bb5

10003c60 <stdio_usb_in_chars>:
10003c60:	b538      	push	{r3, r4, r5, lr}
10003c62:	4604      	mov	r4, r0
10003c64:	2000      	movs	r0, #0
10003c66:	460d      	mov	r5, r1
10003c68:	f001 fb04 	bl	10005274 <tud_cdc_n_connected>
10003c6c:	b3a8      	cbz	r0, 10003cda <stdio_usb_in_chars+0x7a>
10003c6e:	2000      	movs	r0, #0
10003c70:	f001 fb16 	bl	100052a0 <tud_cdc_n_available>
10003c74:	b388      	cbz	r0, 10003cda <stdio_usb_in_chars+0x7a>
10003c76:	f7fd fd13 	bl	100016a0 <time_us_64>
10003c7a:	f04f 3eff 	mov.w	lr, #4294967295
10003c7e:	f06f 4c00 	mvn.w	ip, #2147483648	@ 0x80000000
10003c82:	4a17      	ldr	r2, [pc, #92]	@ (10003ce0 <stdio_usb_in_chars+0x80>)
10003c84:	1882      	adds	r2, r0, r2
10003c86:	f141 0300 	adc.w	r3, r1, #0
10003c8a:	4596      	cmp	lr, r2
10003c8c:	eb7c 0103 	sbcs.w	r1, ip, r3
10003c90:	bf3c      	itt	cc
10003c92:	4672      	movcc	r2, lr
10003c94:	4663      	movcc	r3, ip
10003c96:	4813      	ldr	r0, [pc, #76]	@ (10003ce4 <stdio_usb_in_chars+0x84>)
10003c98:	f005 f882 	bl	10008da0 <__mutex_try_enter_block_until_veneer>
10003c9c:	b1e8      	cbz	r0, 10003cda <stdio_usb_in_chars+0x7a>
10003c9e:	2000      	movs	r0, #0
10003ca0:	f001 fae8 	bl	10005274 <tud_cdc_n_connected>
10003ca4:	b958      	cbnz	r0, 10003cbe <stdio_usb_in_chars+0x5e>
10003ca6:	2100      	movs	r1, #0
10003ca8:	f04f 30ff 	mov.w	r0, #4294967295
10003cac:	f000 fd0a 	bl	100046c4 <tud_task_ext>
10003cb0:	f06f 0402 	mvn.w	r4, #2
10003cb4:	480b      	ldr	r0, [pc, #44]	@ (10003ce4 <stdio_usb_in_chars+0x84>)
10003cb6:	f005 f867 	bl	10008d88 <__mutex_exit_veneer>
10003cba:	4620      	mov	r0, r4
10003cbc:	bd38      	pop	{r3, r4, r5, pc}
10003cbe:	2000      	movs	r0, #0
10003cc0:	f001 faee 	bl	100052a0 <tud_cdc_n_available>
10003cc4:	2800      	cmp	r0, #0
10003cc6:	d0ee      	beq.n	10003ca6 <stdio_usb_in_chars+0x46>
10003cc8:	4621      	mov	r1, r4
10003cca:	462a      	mov	r2, r5
10003ccc:	2000      	movs	r0, #0
10003cce:	f001 faf1 	bl	100052b4 <tud_cdc_n_read>
10003cd2:	4604      	mov	r4, r0
10003cd4:	2800      	cmp	r0, #0
10003cd6:	d1ed      	bne.n	10003cb4 <stdio_usb_in_chars+0x54>
10003cd8:	e7ea      	b.n	10003cb0 <stdio_usb_in_chars+0x50>
10003cda:	f06f 0402 	mvn.w	r4, #2
10003cde:	e7ec      	b.n	10003cba <stdio_usb_in_chars+0x5a>
10003ce0:	000f4240 	.word	0x000f4240
10003ce4:	20002a40 	.word	0x20002a40

10003ce8 <stdio_usb_out_flush>:
10003ce8:	b508      	push	{r3, lr}
10003cea:	f7fd fcd9 	bl	100016a0 <time_us_64>
10003cee:	f04f 3eff 	mov.w	lr, #4294967295
10003cf2:	f06f 4c00 	mvn.w	ip, #2147483648	@ 0x80000000
10003cf6:	4a0f      	ldr	r2, [pc, #60]	@ (10003d34 <stdio_usb_out_flush+0x4c>)
10003cf8:	1882      	adds	r2, r0, r2
10003cfa:	f141 0300 	adc.w	r3, r1, #0
10003cfe:	4596      	cmp	lr, r2
10003d00:	eb7c 0103 	sbcs.w	r1, ip, r3
10003d04:	bf3c      	itt	cc
10003d06:	4672      	movcc	r2, lr
10003d08:	4663      	movcc	r3, ip
10003d0a:	480b      	ldr	r0, [pc, #44]	@ (10003d38 <stdio_usb_out_flush+0x50>)
10003d0c:	f005 f848 	bl	10008da0 <__mutex_try_enter_block_until_veneer>
10003d10:	b170      	cbz	r0, 10003d30 <stdio_usb_out_flush+0x48>
10003d12:	f04f 30ff 	mov.w	r0, #4294967295
10003d16:	2100      	movs	r1, #0
10003d18:	f000 fcd4 	bl	100046c4 <tud_task_ext>
10003d1c:	2000      	movs	r0, #0
10003d1e:	f001 fb11 	bl	10005344 <tud_cdc_n_write_flush>
10003d22:	2800      	cmp	r0, #0
10003d24:	d1f5      	bne.n	10003d12 <stdio_usb_out_flush+0x2a>
10003d26:	e8bd 4008 	ldmia.w	sp!, {r3, lr}
10003d2a:	4803      	ldr	r0, [pc, #12]	@ (10003d38 <stdio_usb_out_flush+0x50>)
10003d2c:	f005 b82c 	b.w	10008d88 <__mutex_exit_veneer>
10003d30:	bd08      	pop	{r3, pc}
10003d32:	bf00      	nop
10003d34:	000f4240 	.word	0x000f4240
10003d38:	20002a40 	.word	0x20002a40

10003d3c <stdio_usb_out_chars>:
10003d3c:	e92d 43f8 	stmdb	sp!, {r3, r4, r5, r6, r7, r8, r9, lr}
10003d40:	4680      	mov	r8, r0
10003d42:	460f      	mov	r7, r1
10003d44:	f7fd fcac 	bl	100016a0 <time_us_64>
10003d48:	f04f 35ff 	mov.w	r5, #4294967295
10003d4c:	f06f 4400 	mvn.w	r4, #2147483648	@ 0x80000000
10003d50:	4a33      	ldr	r2, [pc, #204]	@ (10003e20 <stdio_usb_out_chars+0xe4>)
10003d52:	1882      	adds	r2, r0, r2
10003d54:	f141 0300 	adc.w	r3, r1, #0
10003d58:	4295      	cmp	r5, r2
10003d5a:	eb74 0103 	sbcs.w	r1, r4, r3
10003d5e:	bf3c      	itt	cc
10003d60:	462a      	movcc	r2, r5
10003d62:	4623      	movcc	r3, r4
10003d64:	482f      	ldr	r0, [pc, #188]	@ (10003e24 <stdio_usb_out_chars+0xe8>)
10003d66:	f005 f81b 	bl	10008da0 <__mutex_try_enter_block_until_veneer>
10003d6a:	b908      	cbnz	r0, 10003d70 <stdio_usb_out_chars+0x34>
10003d6c:	e8bd 83f8 	ldmia.w	sp!, {r3, r4, r5, r6, r7, r8, r9, pc}
10003d70:	2000      	movs	r0, #0
10003d72:	f001 fa7f 	bl	10005274 <tud_cdc_n_connected>
10003d76:	2800      	cmp	r0, #0
10003d78:	d047      	beq.n	10003e0a <stdio_usb_out_chars+0xce>
10003d7a:	2f00      	cmp	r7, #0
10003d7c:	dd40      	ble.n	10003e00 <stdio_usb_out_chars+0xc4>
10003d7e:	2500      	movs	r5, #0
10003d80:	f8df 90a8 	ldr.w	r9, [pc, #168]	@ 10003e2c <stdio_usb_out_chars+0xf0>
10003d84:	4e28      	ldr	r6, [pc, #160]	@ (10003e28 <stdio_usb_out_chars+0xec>)
10003d86:	e013      	b.n	10003db0 <stdio_usb_out_chars+0x74>
10003d88:	4622      	mov	r2, r4
10003d8a:	2000      	movs	r0, #0
10003d8c:	f001 fb20 	bl	100053d0 <tud_cdc_n_write>
10003d90:	2100      	movs	r1, #0
10003d92:	4604      	mov	r4, r0
10003d94:	f04f 30ff 	mov.w	r0, #4294967295
10003d98:	f000 fc94 	bl	100046c4 <tud_task_ext>
10003d9c:	2000      	movs	r0, #0
10003d9e:	f001 fad1 	bl	10005344 <tud_cdc_n_write_flush>
10003da2:	f7fd fc7d 	bl	100016a0 <time_us_64>
10003da6:	e9c9 0100 	strd	r0, r1, [r9]
10003daa:	4425      	add	r5, r4
10003dac:	42af      	cmp	r7, r5
10003dae:	dd27      	ble.n	10003e00 <stdio_usb_out_chars+0xc4>
10003db0:	2000      	movs	r0, #0
10003db2:	f001 fb2d 	bl	10005410 <tud_cdc_n_write_available>
10003db6:	1b7c      	subs	r4, r7, r5
10003db8:	4284      	cmp	r4, r0
10003dba:	bfa8      	it	ge
10003dbc:	4604      	movge	r4, r0
10003dbe:	eb08 0105 	add.w	r1, r8, r5
10003dc2:	2c00      	cmp	r4, #0
10003dc4:	d1e0      	bne.n	10003d88 <stdio_usb_out_chars+0x4c>
10003dc6:	4621      	mov	r1, r4
10003dc8:	f04f 30ff 	mov.w	r0, #4294967295
10003dcc:	f000 fc7a 	bl	100046c4 <tud_task_ext>
10003dd0:	4620      	mov	r0, r4
10003dd2:	f001 fab7 	bl	10005344 <tud_cdc_n_write_flush>
10003dd6:	4620      	mov	r0, r4
10003dd8:	f001 fa4c 	bl	10005274 <tud_cdc_n_connected>
10003ddc:	b180      	cbz	r0, 10003e00 <stdio_usb_out_chars+0xc4>
10003dde:	4620      	mov	r0, r4
10003de0:	f001 fb16 	bl	10005410 <tud_cdc_n_write_available>
10003de4:	2800      	cmp	r0, #0
10003de6:	d1e1      	bne.n	10003dac <stdio_usb_out_chars+0x70>
10003de8:	f7fd fc5a 	bl	100016a0 <time_us_64>
10003dec:	f8d9 3000 	ldr.w	r3, [r9]
10003df0:	f8d9 2004 	ldr.w	r2, [r9, #4]
10003df4:	199b      	adds	r3, r3, r6
10003df6:	f142 0200 	adc.w	r2, r2, #0
10003dfa:	4283      	cmp	r3, r0
10003dfc:	418a      	sbcs	r2, r1
10003dfe:	d2d5      	bcs.n	10003dac <stdio_usb_out_chars+0x70>
10003e00:	4808      	ldr	r0, [pc, #32]	@ (10003e24 <stdio_usb_out_chars+0xe8>)
10003e02:	e8bd 43f8 	ldmia.w	sp!, {r3, r4, r5, r6, r7, r8, r9, lr}
10003e06:	f004 bfbf 	b.w	10008d88 <__mutex_exit_veneer>
10003e0a:	2000      	movs	r0, #0
10003e0c:	2100      	movs	r1, #0
10003e0e:	4b07      	ldr	r3, [pc, #28]	@ (10003e2c <stdio_usb_out_chars+0xf0>)
10003e10:	e9c3 0100 	strd	r0, r1, [r3]
10003e14:	e8bd 43f8 	ldmia.w	sp!, {r3, r4, r5, r6, r7, r8, r9, lr}
10003e18:	4802      	ldr	r0, [pc, #8]	@ (10003e24 <stdio_usb_out_chars+0xe8>)
10003e1a:	f004 bfb5 	b.w	10008d88 <__mutex_exit_veneer>
10003e1e:	bf00      	nop
10003e20:	000f4240 	.word	0x000f4240
10003e24:	20002a40 	.word	0x20002a40
10003e28:	0007a120 	.word	0x0007a120
10003e2c:	20001d28 	.word	0x20001d28

10003e30 <low_priority_worker_irq>:
10003e30:	b530      	push	{r4, r5, lr}
10003e32:	2100      	movs	r1, #0
10003e34:	b085      	sub	sp, #20
10003e36:	482e      	ldr	r0, [pc, #184]	@ (10003ef0 <low_priority_worker_irq+0xc0>)
10003e38:	f004 ffbe 	bl	10008db8 <__mutex_try_enter_veneer>
10003e3c:	b9f0      	cbnz	r0, 10003e7c <low_priority_worker_irq+0x4c>
10003e3e:	4b2d      	ldr	r3, [pc, #180]	@ (10003ef4 <low_priority_worker_irq+0xc4>)
10003e40:	681a      	ldr	r2, [r3, #0]
10003e42:	b1ca      	cbz	r2, 10003e78 <low_priority_worker_irq+0x48>
10003e44:	f3ef 8110 	mrs	r1, PRIMASK
10003e48:	b672      	cpsid	i
10003e4a:	e8d2 5fcf 	ldaexb	r5, [r2]
10003e4e:	2401      	movs	r4, #1
10003e50:	2d00      	cmp	r5, #0
10003e52:	d1fa      	bne.n	10003e4a <low_priority_worker_irq+0x1a>
10003e54:	e8c2 4f45 	strexb	r5, r4, [r2]
10003e58:	2d00      	cmp	r5, #0
10003e5a:	d1f6      	bne.n	10003e4a <low_priority_worker_irq+0x1a>
10003e5c:	f3bf 8f5f 	dmb	sy
10003e60:	4c25      	ldr	r4, [pc, #148]	@ (10003ef8 <low_priority_worker_irq+0xc8>)
10003e62:	681d      	ldr	r5, [r3, #0]
10003e64:	7822      	ldrb	r2, [r4, #0]
10003e66:	6059      	str	r1, [r3, #4]
10003e68:	b2d3      	uxtb	r3, r2
10003e6a:	2201      	movs	r2, #1
10003e6c:	7022      	strb	r2, [r4, #0]
10003e6e:	e8c5 0f8f 	stlb	r0, [r5]
10003e72:	f381 8810 	msr	PRIMASK, r1
10003e76:	b1cb      	cbz	r3, 10003eac <low_priority_worker_irq+0x7c>
10003e78:	b005      	add	sp, #20
10003e7a:	bd30      	pop	{r4, r5, pc}
10003e7c:	2100      	movs	r1, #0
10003e7e:	f04f 30ff 	mov.w	r0, #4294967295
10003e82:	f000 fc1f 	bl	100046c4 <tud_task_ext>
10003e86:	2000      	movs	r0, #0
10003e88:	f001 fa0a 	bl	100052a0 <tud_cdc_n_available>
10003e8c:	4604      	mov	r4, r0
10003e8e:	4818      	ldr	r0, [pc, #96]	@ (10003ef0 <low_priority_worker_irq+0xc0>)
10003e90:	f004 ff7a 	bl	10008d88 <__mutex_exit_veneer>
10003e94:	2c00      	cmp	r4, #0
10003e96:	d0ef      	beq.n	10003e78 <low_priority_worker_irq+0x48>
10003e98:	4b18      	ldr	r3, [pc, #96]	@ (10003efc <low_priority_worker_irq+0xcc>)
10003e9a:	681b      	ldr	r3, [r3, #0]
10003e9c:	2b00      	cmp	r3, #0
10003e9e:	d0eb      	beq.n	10003e78 <low_priority_worker_irq+0x48>
10003ea0:	4a17      	ldr	r2, [pc, #92]	@ (10003f00 <low_priority_worker_irq+0xd0>)
10003ea2:	6810      	ldr	r0, [r2, #0]
10003ea4:	b005      	add	sp, #20
10003ea6:	e8bd 4030 	ldmia.w	sp!, {r4, r5, lr}
10003eaa:	4718      	bx	r3
10003eac:	f7fd fa5c 	bl	10001368 <alarm_pool_get_default>
10003eb0:	4604      	mov	r4, r0
10003eb2:	f7fd fbf5 	bl	100016a0 <time_us_64>
10003eb6:	f04f 3cff 	mov.w	ip, #4294967295
10003eba:	f06f 4500 	mvn.w	r5, #2147483648	@ 0x80000000
10003ebe:	f510 727a 	adds.w	r2, r0, #1000	@ 0x3e8
10003ec2:	f141 0300 	adc.w	r3, r1, #0
10003ec6:	4594      	cmp	ip, r2
10003ec8:	eb75 0103 	sbcs.w	r1, r5, r3
10003ecc:	bf38      	it	cc
10003ece:	462b      	movcc	r3, r5
10003ed0:	f04f 0100 	mov.w	r1, #0
10003ed4:	f04f 0501 	mov.w	r5, #1
10003ed8:	4620      	mov	r0, r4
10003eda:	4c0a      	ldr	r4, [pc, #40]	@ (10003f04 <low_priority_worker_irq+0xd4>)
10003edc:	bf38      	it	cc
10003ede:	4662      	movcc	r2, ip
10003ee0:	e9cd 1501 	strd	r1, r5, [sp, #4]
10003ee4:	9400      	str	r4, [sp, #0]
10003ee6:	f7fd fa43 	bl	10001370 <alarm_pool_add_alarm_at>
10003eea:	b005      	add	sp, #20
10003eec:	bd30      	pop	{r4, r5, pc}
10003eee:	bf00      	nop
10003ef0:	20002a40 	.word	0x20002a40
10003ef4:	20002950 	.word	0x20002950
10003ef8:	20002bb6 	.word	0x20002bb6
10003efc:	200024ac 	.word	0x200024ac
10003f00:	200024b0 	.word	0x200024b0
10003f04:	10003be5 	.word	0x10003be5

10003f08 <stdio_usb_init>:
10003f08:	f04f 4350 	mov.w	r3, #3489660928	@ 0xd0000000
10003f0c:	b530      	push	{r4, r5, lr}
10003f0e:	b085      	sub	sp, #20
10003f10:	681c      	ldr	r4, [r3, #0]
10003f12:	f7fd fa29 	bl	10001368 <alarm_pool_get_default>
10003f16:	f7fd fb3d 	bl	10001594 <alarm_pool_core_num>
10003f1a:	42a0      	cmp	r0, r4
10003f1c:	d002      	beq.n	10003f24 <stdio_usb_init+0x1c>
10003f1e:	2000      	movs	r0, #0
10003f20:	b005      	add	sp, #20
10003f22:	bd30      	pop	{r4, r5, pc}
10003f24:	2100      	movs	r1, #0
10003f26:	4b2a      	ldr	r3, [pc, #168]	@ (10003fd0 <stdio_usb_init+0xc8>)
10003f28:	4608      	mov	r0, r1
10003f2a:	781b      	ldrb	r3, [r3, #0]
10003f2c:	f001 fd38 	bl	100059a0 <tusb_rhport_init>
10003f30:	4828      	ldr	r0, [pc, #160]	@ (10003fd4 <stdio_usb_init+0xcc>)
10003f32:	6803      	ldr	r3, [r0, #0]
10003f34:	2b00      	cmp	r3, #0
10003f36:	d047      	beq.n	10003fc8 <stdio_usb_init+0xc0>
10003f38:	2001      	movs	r0, #1
10003f3a:	f7fc ff99 	bl	10000e70 <user_irq_claim_unused>
10003f3e:	4603      	mov	r3, r0
10003f40:	4c25      	ldr	r4, [pc, #148]	@ (10003fd8 <stdio_usb_init+0xd0>)
10003f42:	4926      	ldr	r1, [pc, #152]	@ (10003fdc <stdio_usb_init+0xd4>)
10003f44:	b2c0      	uxtb	r0, r0
10003f46:	7023      	strb	r3, [r4, #0]
10003f48:	f7fc fe10 	bl	10000b6c <irq_set_exclusive_handler>
10003f4c:	7820      	ldrb	r0, [r4, #0]
10003f4e:	2101      	movs	r1, #1
10003f50:	f7fc fdca 	bl	10000ae8 <irq_set_enabled>
10003f54:	200e      	movs	r0, #14
10003f56:	f7fc fdf9 	bl	10000b4c <irq_has_shared_handler>
10003f5a:	bb40      	cbnz	r0, 10003fae <stdio_usb_init+0xa6>
10003f5c:	4b20      	ldr	r3, [pc, #128]	@ (10003fe0 <stdio_usb_init+0xd8>)
10003f5e:	2501      	movs	r5, #1
10003f60:	e9c3 0000 	strd	r0, r0, [r3]
10003f64:	f7fd fa00 	bl	10001368 <alarm_pool_get_default>
10003f68:	4604      	mov	r4, r0
10003f6a:	f7fd fb99 	bl	100016a0 <time_us_64>
10003f6e:	f04f 3eff 	mov.w	lr, #4294967295
10003f72:	f06f 4c00 	mvn.w	ip, #2147483648	@ 0x80000000
10003f76:	f510 727a 	adds.w	r2, r0, #1000	@ 0x3e8
10003f7a:	f141 0300 	adc.w	r3, r1, #0
10003f7e:	4596      	cmp	lr, r2
10003f80:	eb7c 0103 	sbcs.w	r1, ip, r3
10003f84:	f04f 0100 	mov.w	r1, #0
10003f88:	4620      	mov	r0, r4
10003f8a:	4c16      	ldr	r4, [pc, #88]	@ (10003fe4 <stdio_usb_init+0xdc>)
10003f8c:	bf3c      	itt	cc
10003f8e:	4672      	movcc	r2, lr
10003f90:	4663      	movcc	r3, ip
10003f92:	e9cd 1501 	strd	r1, r5, [sp, #4]
10003f96:	9400      	str	r4, [sp, #0]
10003f98:	f7fd f9ea 	bl	10001370 <alarm_pool_add_alarm_at>
10003f9c:	2800      	cmp	r0, #0
10003f9e:	dbbe      	blt.n	10003f1e <stdio_usb_init+0x16>
10003fa0:	2101      	movs	r1, #1
10003fa2:	4811      	ldr	r0, [pc, #68]	@ (10003fe8 <stdio_usb_init+0xe0>)
10003fa4:	f7ff fcbc 	bl	10003920 <stdio_set_driver_enabled>
10003fa8:	2001      	movs	r0, #1
10003faa:	b005      	add	sp, #20
10003fac:	bd30      	pop	{r4, r5, pc}
10003fae:	2001      	movs	r0, #1
10003fb0:	f7fc fd56 	bl	10000a60 <spin_lock_claim_unused>
10003fb4:	4601      	mov	r1, r0
10003fb6:	480a      	ldr	r0, [pc, #40]	@ (10003fe0 <stdio_usb_init+0xd8>)
10003fb8:	f7fc ffb6 	bl	10000f28 <critical_section_init_with_lock_num>
10003fbc:	2200      	movs	r2, #0
10003fbe:	200e      	movs	r0, #14
10003fc0:	490a      	ldr	r1, [pc, #40]	@ (10003fec <stdio_usb_init+0xe4>)
10003fc2:	f7fc fe03 	bl	10000bcc <irq_add_shared_handler>
10003fc6:	e7eb      	b.n	10003fa0 <stdio_usb_init+0x98>
10003fc8:	f7fc ff92 	bl	10000ef0 <mutex_init>
10003fcc:	e7b4      	b.n	10003f38 <stdio_usb_init+0x30>
10003fce:	bf00      	nop
10003fd0:	10009804 	.word	0x10009804
10003fd4:	20002a40 	.word	0x20002a40
10003fd8:	20002bb5 	.word	0x20002bb5
10003fdc:	10003e31 	.word	0x10003e31
10003fe0:	20002950 	.word	0x20002950
10003fe4:	10003be5 	.word	0x10003be5
10003fe8:	200015e8 	.word	0x200015e8
10003fec:	10003c55 	.word	0x10003c55

10003ff0 <tud_descriptor_device_cb>:
10003ff0:	4800      	ldr	r0, [pc, #0]	@ (10003ff4 <tud_descriptor_device_cb+0x4>)
10003ff2:	4770      	bx	lr
10003ff4:	10009580 	.word	0x10009580

10003ff8 <tud_descriptor_configuration_cb>:
10003ff8:	4800      	ldr	r0, [pc, #0]	@ (10003ffc <tud_descriptor_configuration_cb+0x4>)
10003ffa:	4770      	bx	lr
10003ffc:	1000952c 	.word	0x1000952c

10004000 <tud_descriptor_string_cb>:
10004000:	b538      	push	{r3, r4, r5, lr}
10004002:	4b18      	ldr	r3, [pc, #96]	@ (10004064 <tud_descriptor_string_cb+0x64>)
10004004:	4604      	mov	r4, r0
10004006:	781a      	ldrb	r2, [r3, #0]
10004008:	b30a      	cbz	r2, 1000404e <tud_descriptor_string_cb+0x4e>
1000400a:	b944      	cbnz	r4, 1000401e <tud_descriptor_string_cb+0x1e>
1000400c:	f240 4209 	movw	r2, #1033	@ 0x409
10004010:	f44f 7341 	mov.w	r3, #772	@ 0x304
10004014:	4d14      	ldr	r5, [pc, #80]	@ (10004068 <tud_descriptor_string_cb+0x68>)
10004016:	806a      	strh	r2, [r5, #2]
10004018:	4813      	ldr	r0, [pc, #76]	@ (10004068 <tud_descriptor_string_cb+0x68>)
1000401a:	802b      	strh	r3, [r5, #0]
1000401c:	bd38      	pop	{r3, r4, r5, pc}
1000401e:	2c05      	cmp	r4, #5
10004020:	d81d      	bhi.n	1000405e <tud_descriptor_string_cb+0x5e>
10004022:	4b12      	ldr	r3, [pc, #72]	@ (1000406c <tud_descriptor_string_cb+0x6c>)
10004024:	4d10      	ldr	r5, [pc, #64]	@ (10004068 <tud_descriptor_string_cb+0x68>)
10004026:	f853 1024 	ldr.w	r1, [r3, r4, lsl #2]
1000402a:	4628      	mov	r0, r5
1000402c:	2300      	movs	r3, #0
1000402e:	3901      	subs	r1, #1
10004030:	e003      	b.n	1000403a <tud_descriptor_string_cb+0x3a>
10004032:	2b13      	cmp	r3, #19
10004034:	f820 2f02 	strh.w	r2, [r0, #2]!
10004038:	d00e      	beq.n	10004058 <tud_descriptor_string_cb+0x58>
1000403a:	f811 2f01 	ldrb.w	r2, [r1, #1]!
1000403e:	3301      	adds	r3, #1
10004040:	b2db      	uxtb	r3, r3
10004042:	2a00      	cmp	r2, #0
10004044:	d1f5      	bne.n	10004032 <tud_descriptor_string_cb+0x32>
10004046:	005b      	lsls	r3, r3, #1
10004048:	f443 7340 	orr.w	r3, r3, #768	@ 0x300
1000404c:	e7e4      	b.n	10004018 <tud_descriptor_string_cb+0x18>
1000404e:	2111      	movs	r1, #17
10004050:	4618      	mov	r0, r3
10004052:	f000 f825 	bl	100040a0 <pico_get_unique_board_id_string>
10004056:	e7d8      	b.n	1000400a <tud_descriptor_string_cb+0xa>
10004058:	f44f 734a 	mov.w	r3, #808	@ 0x328
1000405c:	e7dc      	b.n	10004018 <tud_descriptor_string_cb+0x18>
1000405e:	2000      	movs	r0, #0
10004060:	bd38      	pop	{r3, r4, r5, pc}
10004062:	bf00      	nop
10004064:	20002ad0 	.word	0x20002ad0
10004068:	200024e8 	.word	0x200024e8
1000406c:	10009514 	.word	0x10009514

10004070 <_retrieve_unique_id_on_boot>:
10004070:	b500      	push	{lr}
10004072:	f245 3047 	movw	r0, #21319	@ 0x5347
10004076:	b08b      	sub	sp, #44	@ 0x2c
10004078:	f7fd fcf2 	bl	10001a60 <rom_func_lookup>
1000407c:	2201      	movs	r2, #1
1000407e:	4603      	mov	r3, r0
10004080:	2109      	movs	r1, #9
10004082:	a801      	add	r0, sp, #4
10004084:	4798      	blx	r3
10004086:	e9dd 3203 	ldrd	r3, r2, [sp, #12]
1000408a:	4904      	ldr	r1, [pc, #16]	@ (1000409c <_retrieve_unique_id_on_boot+0x2c>)
1000408c:	ba12      	rev	r2, r2
1000408e:	ba1b      	rev	r3, r3
10004090:	e9c1 2300 	strd	r2, r3, [r1]
10004094:	b00b      	add	sp, #44	@ 0x2c
10004096:	f85d fb04 	ldr.w	pc, [sp], #4
1000409a:	bf00      	nop
1000409c:	20002a24 	.word	0x20002a24

100040a0 <pico_get_unique_board_id_string>:
100040a0:	2901      	cmp	r1, #1
100040a2:	f101 33ff 	add.w	r3, r1, #4294967295
100040a6:	f000 80b3 	beq.w	10004210 <pico_get_unique_board_id_string+0x170>
100040aa:	495d      	ldr	r1, [pc, #372]	@ (10004220 <pico_get_unique_board_id_string+0x180>)
100040ac:	780a      	ldrb	r2, [r1, #0]
100040ae:	ea4f 1c12 	mov.w	ip, r2, lsr #4
100040b2:	2a9f      	cmp	r2, #159	@ 0x9f
100040b4:	bf8c      	ite	hi
100040b6:	f10c 0c37 	addhi.w	ip, ip, #55	@ 0x37
100040ba:	f10c 0c30 	addls.w	ip, ip, #48	@ 0x30
100040be:	2b01      	cmp	r3, #1
100040c0:	f880 c000 	strb.w	ip, [r0]
100040c4:	f000 80a7 	beq.w	10004216 <pico_get_unique_board_id_string+0x176>
100040c8:	f002 020f 	and.w	r2, r2, #15
100040cc:	2a09      	cmp	r2, #9
100040ce:	bf8c      	ite	hi
100040d0:	3237      	addhi	r2, #55	@ 0x37
100040d2:	3230      	addls	r2, #48	@ 0x30
100040d4:	2b02      	cmp	r3, #2
100040d6:	7042      	strb	r2, [r0, #1]
100040d8:	f000 809d 	beq.w	10004216 <pico_get_unique_board_id_string+0x176>
100040dc:	784a      	ldrb	r2, [r1, #1]
100040de:	ea4f 1c12 	mov.w	ip, r2, lsr #4
100040e2:	2a9f      	cmp	r2, #159	@ 0x9f
100040e4:	bf8c      	ite	hi
100040e6:	f10c 0c37 	addhi.w	ip, ip, #55	@ 0x37
100040ea:	f10c 0c30 	addls.w	ip, ip, #48	@ 0x30
100040ee:	2b03      	cmp	r3, #3
100040f0:	f880 c002 	strb.w	ip, [r0, #2]
100040f4:	f000 808f 	beq.w	10004216 <pico_get_unique_board_id_string+0x176>
100040f8:	f002 020f 	and.w	r2, r2, #15
100040fc:	2a09      	cmp	r2, #9
100040fe:	bf8c      	ite	hi
10004100:	3237      	addhi	r2, #55	@ 0x37
10004102:	3230      	addls	r2, #48	@ 0x30
10004104:	2b04      	cmp	r3, #4
10004106:	70c2      	strb	r2, [r0, #3]
10004108:	f000 8085 	beq.w	10004216 <pico_get_unique_board_id_string+0x176>
1000410c:	788a      	ldrb	r2, [r1, #2]
1000410e:	ea4f 1c12 	mov.w	ip, r2, lsr #4
10004112:	2a9f      	cmp	r2, #159	@ 0x9f
10004114:	bf8c      	ite	hi
10004116:	f10c 0c37 	addhi.w	ip, ip, #55	@ 0x37
1000411a:	f10c 0c30 	addls.w	ip, ip, #48	@ 0x30
1000411e:	2b05      	cmp	r3, #5
10004120:	f880 c004 	strb.w	ip, [r0, #4]
10004124:	d077      	beq.n	10004216 <pico_get_unique_board_id_string+0x176>
10004126:	f002 020f 	and.w	r2, r2, #15
1000412a:	2a09      	cmp	r2, #9
1000412c:	bf8c      	ite	hi
1000412e:	3237      	addhi	r2, #55	@ 0x37
10004130:	3230      	addls	r2, #48	@ 0x30
10004132:	2b06      	cmp	r3, #6
10004134:	7142      	strb	r2, [r0, #5]
10004136:	d06e      	beq.n	10004216 <pico_get_unique_board_id_string+0x176>
10004138:	78ca      	ldrb	r2, [r1, #3]
1000413a:	ea4f 1c12 	mov.w	ip, r2, lsr #4
1000413e:	2a9f      	cmp	r2, #159	@ 0x9f
10004140:	bf8c      	ite	hi
10004142:	f10c 0c37 	addhi.w	ip, ip, #55	@ 0x37
10004146:	f10c 0c30 	addls.w	ip, ip, #48	@ 0x30
1000414a:	2b07      	cmp	r3, #7
1000414c:	f880 c006 	strb.w	ip, [r0, #6]
10004150:	d061      	beq.n	10004216 <pico_get_unique_board_id_string+0x176>
10004152:	f002 020f 	and.w	r2, r2, #15
10004156:	2a09      	cmp	r2, #9
10004158:	bf8c      	ite	hi
1000415a:	3237      	addhi	r2, #55	@ 0x37
1000415c:	3230      	addls	r2, #48	@ 0x30
1000415e:	2b08      	cmp	r3, #8
10004160:	71c2      	strb	r2, [r0, #7]
10004162:	d058      	beq.n	10004216 <pico_get_unique_board_id_string+0x176>
10004164:	790a      	ldrb	r2, [r1, #4]
10004166:	ea4f 1c12 	mov.w	ip, r2, lsr #4
1000416a:	2a9f      	cmp	r2, #159	@ 0x9f
1000416c:	bf8c      	ite	hi
1000416e:	f10c 0c37 	addhi.w	ip, ip, #55	@ 0x37
10004172:	f10c 0c30 	addls.w	ip, ip, #48	@ 0x30
10004176:	2b09      	cmp	r3, #9
10004178:	f880 c008 	strb.w	ip, [r0, #8]
1000417c:	d04b      	beq.n	10004216 <pico_get_unique_board_id_string+0x176>
1000417e:	f002 020f 	and.w	r2, r2, #15
10004182:	2a09      	cmp	r2, #9
10004184:	bf8c      	ite	hi
10004186:	3237      	addhi	r2, #55	@ 0x37
10004188:	3230      	addls	r2, #48	@ 0x30
1000418a:	2b0a      	cmp	r3, #10
1000418c:	7242      	strb	r2, [r0, #9]
1000418e:	d042      	beq.n	10004216 <pico_get_unique_board_id_string+0x176>
10004190:	794a      	ldrb	r2, [r1, #5]
10004192:	ea4f 1c12 	mov.w	ip, r2, lsr #4
10004196:	2a9f      	cmp	r2, #159	@ 0x9f
10004198:	bf8c      	ite	hi
1000419a:	f10c 0c37 	addhi.w	ip, ip, #55	@ 0x37
1000419e:	f10c 0c30 	addls.w	ip, ip, #48	@ 0x30
100041a2:	2b0b      	cmp	r3, #11
100041a4:	f880 c00a 	strb.w	ip, [r0, #10]
100041a8:	d035      	beq.n	10004216 <pico_get_unique_board_id_string+0x176>
100041aa:	f002 020f 	and.w	r2, r2, #15
100041ae:	2a09      	cmp	r2, #9
100041b0:	bf8c      	ite	hi
100041b2:	3237      	addhi	r2, #55	@ 0x37
100041b4:	3230      	addls	r2, #48	@ 0x30
100041b6:	2b0c      	cmp	r3, #12
100041b8:	72c2      	strb	r2, [r0, #11]
100041ba:	d02c      	beq.n	10004216 <pico_get_unique_board_id_string+0x176>
100041bc:	798a      	ldrb	r2, [r1, #6]
100041be:	ea4f 1c12 	mov.w	ip, r2, lsr #4
100041c2:	2a9f      	cmp	r2, #159	@ 0x9f
100041c4:	bf8c      	ite	hi
100041c6:	f10c 0c37 	addhi.w	ip, ip, #55	@ 0x37
100041ca:	f10c 0c30 	addls.w	ip, ip, #48	@ 0x30
100041ce:	2b0d      	cmp	r3, #13
100041d0:	f880 c00c 	strb.w	ip, [r0, #12]
100041d4:	d01f      	beq.n	10004216 <pico_get_unique_board_id_string+0x176>
100041d6:	f002 020f 	and.w	r2, r2, #15
100041da:	2a09      	cmp	r2, #9
100041dc:	bf8c      	ite	hi
100041de:	3237      	addhi	r2, #55	@ 0x37
100041e0:	3230      	addls	r2, #48	@ 0x30
100041e2:	2b0e      	cmp	r3, #14
100041e4:	7342      	strb	r2, [r0, #13]
100041e6:	d016      	beq.n	10004216 <pico_get_unique_board_id_string+0x176>
100041e8:	79ca      	ldrb	r2, [r1, #7]
100041ea:	0911      	lsrs	r1, r2, #4
100041ec:	2a9f      	cmp	r2, #159	@ 0x9f
100041ee:	bf8c      	ite	hi
100041f0:	3137      	addhi	r1, #55	@ 0x37
100041f2:	3130      	addls	r1, #48	@ 0x30
100041f4:	2b0f      	cmp	r3, #15
100041f6:	7381      	strb	r1, [r0, #14]
100041f8:	d00d      	beq.n	10004216 <pico_get_unique_board_id_string+0x176>
100041fa:	f002 020f 	and.w	r2, r2, #15
100041fe:	2a09      	cmp	r2, #9
10004200:	bf94      	ite	ls
10004202:	3230      	addls	r2, #48	@ 0x30
10004204:	3237      	addhi	r2, #55	@ 0x37
10004206:	2b10      	cmp	r3, #16
10004208:	73c2      	strb	r2, [r0, #15]
1000420a:	bf18      	it	ne
1000420c:	3010      	addne	r0, #16
1000420e:	d002      	beq.n	10004216 <pico_get_unique_board_id_string+0x176>
10004210:	2300      	movs	r3, #0
10004212:	7003      	strb	r3, [r0, #0]
10004214:	4770      	bx	lr
10004216:	4418      	add	r0, r3
10004218:	2300      	movs	r3, #0
1000421a:	7003      	strb	r3, [r0, #0]
1000421c:	4770      	bx	lr
1000421e:	bf00      	nop
10004220:	20002a24 	.word	0x20002a24

10004224 <dcd_init>:
10004224:	b570      	push	{r4, r5, r6, lr}
10004226:	f000 f92d 	bl	10004484 <rp2040_usb_init>
1000422a:	230c      	movs	r3, #12
1000422c:	2640      	movs	r6, #64	@ 0x40
1000422e:	4c19      	ldr	r4, [pc, #100]	@ (10004294 <dcd_init+0x70>)
10004230:	22ff      	movs	r2, #255	@ 0xff
10004232:	67a3      	str	r3, [r4, #120]	@ 0x78
10004234:	200e      	movs	r0, #14
10004236:	4918      	ldr	r1, [pc, #96]	@ (10004298 <dcd_init+0x74>)
10004238:	f7fc fcc8 	bl	10000bcc <irq_add_shared_handler>
1000423c:	4632      	mov	r2, r6
1000423e:	2100      	movs	r1, #0
10004240:	4816      	ldr	r0, [pc, #88]	@ (1000429c <dcd_init+0x78>)
10004242:	f004 fab7 	bl	100087b4 <memset>
10004246:	2501      	movs	r5, #1
10004248:	2300      	movs	r3, #0
1000424a:	2180      	movs	r1, #128	@ 0x80
1000424c:	4813      	ldr	r0, [pc, #76]	@ (1000429c <dcd_init+0x78>)
1000424e:	4a14      	ldr	r2, [pc, #80]	@ (100042a0 <dcd_init+0x7c>)
10004250:	8441      	strh	r1, [r0, #34]	@ 0x22
10004252:	7045      	strb	r5, [r0, #1]
10004254:	8306      	strh	r6, [r0, #24]
10004256:	8706      	strh	r6, [r0, #56]	@ 0x38
10004258:	6082      	str	r2, [r0, #8]
1000425a:	6043      	str	r3, [r0, #4]
1000425c:	6013      	str	r3, [r2, #0]
1000425e:	f842 3c04 	str.w	r3, [r2, #-4]
10004262:	f880 3021 	strb.w	r3, [r0, #33]	@ 0x21
10004266:	f880 303b 	strb.w	r3, [r0, #59]	@ 0x3b
1000426a:	6243      	str	r3, [r0, #36]	@ 0x24
1000426c:	4b0d      	ldr	r3, [pc, #52]	@ (100042a4 <dcd_init+0x80>)
1000426e:	f04f 5600 	mov.w	r6, #536870912	@ 0x20000000
10004272:	60c3      	str	r3, [r0, #12]
10004274:	62c3      	str	r3, [r0, #44]	@ 0x2c
10004276:	3b80      	subs	r3, #128	@ 0x80
10004278:	6283      	str	r3, [r0, #40]	@ 0x28
1000427a:	f004 fd99 	bl	10008db0 <__reset_non_control_endpoints_veneer>
1000427e:	f44f 3280 	mov.w	r2, #65536	@ 0x10000
10004282:	4909      	ldr	r1, [pc, #36]	@ (100042a8 <dcd_init+0x84>)
10004284:	4b09      	ldr	r3, [pc, #36]	@ (100042ac <dcd_init+0x88>)
10004286:	6425      	str	r5, [r4, #64]	@ 0x40
10004288:	4628      	mov	r0, r5
1000428a:	64e6      	str	r6, [r4, #76]	@ 0x4c
1000428c:	f8c4 1090 	str.w	r1, [r4, #144]	@ 0x90
10004290:	64da      	str	r2, [r3, #76]	@ 0x4c
10004292:	bd70      	pop	{r4, r5, r6, pc}
10004294:	50110000 	.word	0x50110000
10004298:	20000415 	.word	0x20000415
1000429c:	20002524 	.word	0x20002524
100042a0:	50100084 	.word	0x50100084
100042a4:	50100100 	.word	0x50100100
100042a8:	0001d010 	.word	0x0001d010
100042ac:	50112000 	.word	0x50112000

100042b0 <dcd_int_enable>:
100042b0:	2101      	movs	r1, #1
100042b2:	200e      	movs	r0, #14
100042b4:	f7fc bc18 	b.w	10000ae8 <irq_set_enabled>

100042b8 <dcd_set_address>:
100042b8:	2200      	movs	r2, #0
100042ba:	4802      	ldr	r0, [pc, #8]	@ (100042c4 <dcd_set_address+0xc>)
100042bc:	4611      	mov	r1, r2
100042be:	f000 b901 	b.w	100044c4 <hw_endpoint_xfer_start>
100042c2:	bf00      	nop
100042c4:	20002544 	.word	0x20002544

100042c8 <dcd_sof_enable>:
100042c8:	4b04      	ldr	r3, [pc, #16]	@ (100042dc <dcd_sof_enable+0x14>)
100042ca:	7019      	strb	r1, [r3, #0]
100042cc:	b121      	cbz	r1, 100042d8 <dcd_sof_enable+0x10>
100042ce:	f44f 3200 	mov.w	r2, #131072	@ 0x20000
100042d2:	4b03      	ldr	r3, [pc, #12]	@ (100042e0 <dcd_sof_enable+0x18>)
100042d4:	f8c3 2090 	str.w	r2, [r3, #144]	@ 0x90
100042d8:	4770      	bx	lr
100042da:	bf00      	nop
100042dc:	20002bb1 	.word	0x20002bb1
100042e0:	50112000 	.word	0x50112000

100042e4 <dcd_edpt0_status_complete>:
100042e4:	780b      	ldrb	r3, [r1, #0]
100042e6:	065b      	lsls	r3, r3, #25
100042e8:	d102      	bne.n	100042f0 <dcd_edpt0_status_complete+0xc>
100042ea:	784b      	ldrb	r3, [r1, #1]
100042ec:	2b05      	cmp	r3, #5
100042ee:	d000      	beq.n	100042f2 <dcd_edpt0_status_complete+0xe>
100042f0:	4770      	bx	lr
100042f2:	884b      	ldrh	r3, [r1, #2]
100042f4:	4a01      	ldr	r2, [pc, #4]	@ (100042fc <dcd_edpt0_status_complete+0x18>)
100042f6:	b2db      	uxtb	r3, r3
100042f8:	6013      	str	r3, [r2, #0]
100042fa:	4770      	bx	lr
100042fc:	50110000 	.word	0x50110000

10004300 <dcd_edpt_open>:
10004300:	78cb      	ldrb	r3, [r1, #3]
10004302:	e92d 41f0 	stmdb	sp!, {r4, r5, r6, r7, r8, lr}
10004306:	f003 0e03 	and.w	lr, r3, #3
1000430a:	f1be 0f01 	cmp.w	lr, #1
1000430e:	f3c3 0001 	ubfx	r0, r3, #0, #2
10004312:	d05b      	beq.n	100043cc <dcd_edpt_open+0xcc>
10004314:	2700      	movs	r7, #0
10004316:	f891 c002 	ldrb.w	ip, [r1, #2]
1000431a:	4c34      	ldr	r4, [pc, #208]	@ (100043ec <dcd_edpt_open+0xec>)
1000431c:	f00c 027f 	and.w	r2, ip, #127	@ 0x7f
10004320:	0056      	lsls	r6, r2, #1
10004322:	8889      	ldrh	r1, [r1, #4]
10004324:	eb06 13dc 	add.w	r3, r6, ip, lsr #7
10004328:	eb04 1343 	add.w	r3, r4, r3, lsl #5
1000432c:	ea4f 15dc 	mov.w	r5, ip, lsr #7
10004330:	76d8      	strb	r0, [r3, #27]
10004332:	f3c1 010a 	ubfx	r1, r1, #0, #11
10004336:	f085 0001 	eor.w	r0, r5, #1
1000433a:	f883 c002 	strb.w	ip, [r3, #2]
1000433e:	8319      	strh	r1, [r3, #24]
10004340:	7058      	strb	r0, [r3, #1]
10004342:	70df      	strb	r7, [r3, #3]
10004344:	00d3      	lsls	r3, r2, #3
10004346:	bb8d      	cbnz	r5, 100043ac <dcd_edpt_open+0xac>
10004348:	4829      	ldr	r0, [pc, #164]	@ (100043f0 <dcd_edpt_open+0xf0>)
1000434a:	3304      	adds	r3, #4
1000434c:	eb04 1c82 	add.w	ip, r4, r2, lsl #6
10004350:	eb03 0800 	add.w	r8, r3, r0
10004354:	f8cc 8008 	str.w	r8, [ip, #8]
10004358:	501f      	str	r7, [r3, r0]
1000435a:	b382      	cbz	r2, 100043be <dcd_edpt_open+0xbe>
1000435c:	4b25      	ldr	r3, [pc, #148]	@ (100043f4 <dcd_edpt_open+0xf4>)
1000435e:	00d2      	lsls	r2, r2, #3
10004360:	4413      	add	r3, r2
10004362:	f8cc 3004 	str.w	r3, [ip, #4]
10004366:	4b24      	ldr	r3, [pc, #144]	@ (100043f8 <dcd_edpt_open+0xf8>)
10004368:	313f      	adds	r1, #63	@ 0x3f
1000436a:	681a      	ldr	r2, [r3, #0]
1000436c:	f021 013f 	bic.w	r1, r1, #63	@ 0x3f
10004370:	f1be 0f02 	cmp.w	lr, #2
10004374:	bf08      	it	eq
10004376:	0049      	lsleq	r1, r1, #1
10004378:	4411      	add	r1, r2
1000437a:	6019      	str	r1, [r3, #0]
1000437c:	4b1f      	ldr	r3, [pc, #124]	@ (100043fc <dcd_edpt_open+0xfc>)
1000437e:	1977      	adds	r7, r6, r5
10004380:	eb04 1747 	add.w	r7, r4, r7, lsl #5
10004384:	4299      	cmp	r1, r3
10004386:	60fa      	str	r2, [r7, #12]
10004388:	d82b      	bhi.n	100043e2 <dcd_edpt_open+0xe2>
1000438a:	442e      	add	r6, r5
1000438c:	eb04 1346 	add.w	r3, r4, r6, lsl #5
10004390:	7ed9      	ldrb	r1, [r3, #27]
10004392:	f082 42a0 	eor.w	r2, r2, #1342177280	@ 0x50000000
10004396:	f482 1280 	eor.w	r2, r2, #1048576	@ 0x100000
1000439a:	685b      	ldr	r3, [r3, #4]
1000439c:	ea42 6281 	orr.w	r2, r2, r1, lsl #26
100043a0:	f042 4200 	orr.w	r2, r2, #2147483648	@ 0x80000000
100043a4:	601a      	str	r2, [r3, #0]
100043a6:	2001      	movs	r0, #1
100043a8:	e8bd 81f0 	ldmia.w	sp!, {r4, r5, r6, r7, r8, pc}
100043ac:	4810      	ldr	r0, [pc, #64]	@ (100043f0 <dcd_edpt_open+0xf0>)
100043ae:	eb04 1c82 	add.w	ip, r4, r2, lsl #6
100043b2:	4403      	add	r3, r0
100043b4:	f8cc 3028 	str.w	r3, [ip, #40]	@ 0x28
100043b8:	f840 7032 	str.w	r7, [r0, r2, lsl #3]
100043bc:	b94a      	cbnz	r2, 100043d2 <dcd_edpt_open+0xd2>
100043be:	2200      	movs	r2, #0
100043c0:	490f      	ldr	r1, [pc, #60]	@ (10004400 <dcd_edpt_open+0x100>)
100043c2:	eb04 1345 	add.w	r3, r4, r5, lsl #5
100043c6:	60d9      	str	r1, [r3, #12]
100043c8:	605a      	str	r2, [r3, #4]
100043ca:	e7ec      	b.n	100043a6 <dcd_edpt_open+0xa6>
100043cc:	2000      	movs	r0, #0
100043ce:	e8bd 81f0 	ldmia.w	sp!, {r4, r5, r6, r7, r8, pc}
100043d2:	00d2      	lsls	r2, r2, #3
100043d4:	f102 42a0 	add.w	r2, r2, #1342177280	@ 0x50000000
100043d8:	f502 1280 	add.w	r2, r2, #1048576	@ 0x100000
100043dc:	f8cc 2024 	str.w	r2, [ip, #36]	@ 0x24
100043e0:	e7c1      	b.n	10004366 <dcd_edpt_open+0x66>
100043e2:	f7fd fb89 	bl	10001af8 <hard_assertion_failure>
100043e6:	68fa      	ldr	r2, [r7, #12]
100043e8:	e7cf      	b.n	1000438a <dcd_edpt_open+0x8a>
100043ea:	bf00      	nop
100043ec:	20002524 	.word	0x20002524
100043f0:	50100080 	.word	0x50100080
100043f4:	50100004 	.word	0x50100004
100043f8:	20002934 	.word	0x20002934
100043fc:	50100fff 	.word	0x50100fff
10004400:	50100100 	.word	0x50100100

10004404 <dcd_edpt_close_all>:
10004404:	f004 bcd4 	b.w	10008db0 <__reset_non_control_endpoints_veneer>

10004408 <dcd_edpt_xfer>:
10004408:	468c      	mov	ip, r1
1000440a:	b508      	push	{r3, lr}
1000440c:	4611      	mov	r1, r2
1000440e:	4807      	ldr	r0, [pc, #28]	@ (1000442c <dcd_edpt_xfer+0x24>)
10004410:	461a      	mov	r2, r3
10004412:	f00c 037f 	and.w	r3, ip, #127	@ 0x7f
10004416:	ea4f 1cdc 	mov.w	ip, ip, lsr #7
1000441a:	eb0c 0c43 	add.w	ip, ip, r3, lsl #1
1000441e:	eb00 104c 	add.w	r0, r0, ip, lsl #5
10004422:	f000 f84f 	bl	100044c4 <hw_endpoint_xfer_start>
10004426:	2001      	movs	r0, #1
10004428:	bd08      	pop	{r3, pc}
1000442a:	bf00      	nop
1000442c:	20002524 	.word	0x20002524

10004430 <dcd_edpt_stall>:
10004430:	f011 027f 	ands.w	r2, r1, #127	@ 0x7f
10004434:	d105      	bne.n	10004442 <dcd_edpt_stall+0x12>
10004436:	2900      	cmp	r1, #0
10004438:	bf0c      	ite	eq
1000443a:	2002      	moveq	r0, #2
1000443c:	2001      	movne	r0, #1
1000443e:	4b06      	ldr	r3, [pc, #24]	@ (10004458 <dcd_edpt_stall+0x28>)
10004440:	6698      	str	r0, [r3, #104]	@ 0x68
10004442:	09c9      	lsrs	r1, r1, #7
10004444:	4b05      	ldr	r3, [pc, #20]	@ (1000445c <dcd_edpt_stall+0x2c>)
10004446:	eb01 0042 	add.w	r0, r1, r2, lsl #1
1000444a:	eb03 1040 	add.w	r0, r3, r0, lsl #5
1000444e:	f44f 6200 	mov.w	r2, #2048	@ 0x800
10004452:	2100      	movs	r1, #0
10004454:	f004 bca0 	b.w	10008d98 <___hw_endpoint_buffer_control_update32_veneer>
10004458:	50112000 	.word	0x50112000
1000445c:	20002524 	.word	0x20002524

10004460 <dcd_edpt_clear_stall>:
10004460:	f011 037f 	ands.w	r3, r1, #127	@ 0x7f
10004464:	d100      	bne.n	10004468 <dcd_edpt_clear_stall+0x8>
10004466:	4770      	bx	lr
10004468:	2200      	movs	r2, #0
1000446a:	4805      	ldr	r0, [pc, #20]	@ (10004480 <dcd_edpt_clear_stall+0x20>)
1000446c:	005b      	lsls	r3, r3, #1
1000446e:	eb03 13d1 	add.w	r3, r3, r1, lsr #7
10004472:	eb00 1043 	add.w	r0, r0, r3, lsl #5
10004476:	f46f 6100 	mvn.w	r1, #2048	@ 0x800
1000447a:	70c2      	strb	r2, [r0, #3]
1000447c:	f004 bc8c 	b.w	10008d98 <___hw_endpoint_buffer_control_update32_veneer>
10004480:	20002524 	.word	0x20002524

10004484 <rp2040_usb_init>:
10004484:	f04f 5280 	mov.w	r2, #268435456	@ 0x10000000
10004488:	4809      	ldr	r0, [pc, #36]	@ (100044b0 <rp2040_usb_init+0x2c>)
1000448a:	490a      	ldr	r1, [pc, #40]	@ (100044b4 <rp2040_usb_init+0x30>)
1000448c:	b508      	push	{r3, lr}
1000448e:	4b0a      	ldr	r3, [pc, #40]	@ (100044b8 <rp2040_usb_init+0x34>)
10004490:	6002      	str	r2, [r0, #0]
10004492:	600a      	str	r2, [r1, #0]
10004494:	6899      	ldr	r1, [r3, #8]
10004496:	43c9      	mvns	r1, r1
10004498:	f011 5180 	ands.w	r1, r1, #268435456	@ 0x10000000
1000449c:	d1fa      	bne.n	10004494 <rp2040_usb_init+0x10>
1000449e:	f44f 5280 	mov.w	r2, #4096	@ 0x1000
100044a2:	4806      	ldr	r0, [pc, #24]	@ (100044bc <rp2040_usb_init+0x38>)
100044a4:	f004 f986 	bl	100087b4 <memset>
100044a8:	2209      	movs	r2, #9
100044aa:	4b05      	ldr	r3, [pc, #20]	@ (100044c0 <rp2040_usb_init+0x3c>)
100044ac:	675a      	str	r2, [r3, #116]	@ 0x74
100044ae:	bd08      	pop	{r3, pc}
100044b0:	40022000 	.word	0x40022000
100044b4:	40023000 	.word	0x40023000
100044b8:	40020000 	.word	0x40020000
100044bc:	50100000 	.word	0x50100000
100044c0:	50110000 	.word	0x50110000

100044c4 <hw_endpoint_xfer_start>:
100044c4:	2300      	movs	r3, #0
100044c6:	f04f 0c01 	mov.w	ip, #1
100044ca:	b510      	push	{r4, lr}
100044cc:	f880 c01a 	strb.w	ip, [r0, #26]
100044d0:	8282      	strh	r2, [r0, #20]
100044d2:	82c3      	strh	r3, [r0, #22]
100044d4:	6101      	str	r1, [r0, #16]
100044d6:	4604      	mov	r4, r0
100044d8:	f004 fc66 	bl	10008da8 <__e15_is_bulkin_ep_veneer>
100044dc:	b120      	cbz	r0, 100044e8 <hw_endpoint_xfer_start+0x24>
100044de:	f44f 3200 	mov.w	r2, #131072	@ 0x20000
100044e2:	4b07      	ldr	r3, [pc, #28]	@ (10004500 <hw_endpoint_xfer_start+0x3c>)
100044e4:	f8c3 2090 	str.w	r2, [r3, #144]	@ 0x90
100044e8:	4620      	mov	r0, r4
100044ea:	f004 fc51 	bl	10008d90 <__e15_is_critical_frame_period_veneer>
100044ee:	b110      	cbz	r0, 100044f6 <hw_endpoint_xfer_start+0x32>
100044f0:	2301      	movs	r3, #1
100044f2:	7723      	strb	r3, [r4, #28]
100044f4:	bd10      	pop	{r4, pc}
100044f6:	4620      	mov	r0, r4
100044f8:	e8bd 4010 	ldmia.w	sp!, {r4, lr}
100044fc:	f004 bc38 	b.w	10008d70 <__hw_endpoint_start_next_buffer_veneer>
10004500:	50112000 	.word	0x50112000

10004504 <configuration_reset>:
10004504:	e92d 41f0 	stmdb	sp!, {r4, r5, r6, r7, r8, lr}
10004508:	2400      	movs	r4, #0
1000450a:	4e1d      	ldr	r6, [pc, #116]	@ (10004580 <configuration_reset+0x7c>)
1000450c:	4605      	mov	r5, r0
1000450e:	4623      	mov	r3, r4
10004510:	7832      	ldrb	r2, [r6, #0]
10004512:	f8df 8078 	ldr.w	r8, [pc, #120]	@ 1000458c <configuration_reset+0x88>
10004516:	4f1b      	ldr	r7, [pc, #108]	@ (10004584 <configuration_reset+0x80>)
10004518:	e00d      	b.n	10004536 <configuration_reset+0x32>
1000451a:	683b      	ldr	r3, [r7, #0]
1000451c:	eb13 1344 	adds.w	r3, r3, r4, lsl #5
10004520:	d024      	beq.n	1000456c <configuration_reset+0x68>
10004522:	68db      	ldr	r3, [r3, #12]
10004524:	4628      	mov	r0, r5
10004526:	4798      	blx	r3
10004528:	7832      	ldrb	r2, [r6, #0]
1000452a:	3401      	adds	r4, #1
1000452c:	b2e4      	uxtb	r4, r4
1000452e:	1c51      	adds	r1, r2, #1
10004530:	42a1      	cmp	r1, r4
10004532:	4623      	mov	r3, r4
10004534:	db06      	blt.n	10004544 <configuration_reset+0x40>
10004536:	42a2      	cmp	r2, r4
10004538:	eba3 0302 	sub.w	r3, r3, r2
1000453c:	d8ed      	bhi.n	1000451a <configuration_reset+0x16>
1000453e:	eb08 1343 	add.w	r3, r8, r3, lsl #5
10004542:	e7ee      	b.n	10004522 <configuration_reset+0x1e>
10004544:	2254      	movs	r2, #84	@ 0x54
10004546:	2100      	movs	r1, #0
10004548:	480f      	ldr	r0, [pc, #60]	@ (10004588 <configuration_reset+0x84>)
1000454a:	f004 f933 	bl	100087b4 <memset>
1000454e:	f04f 33ff 	mov.w	r3, #4294967295
10004552:	480d      	ldr	r0, [pc, #52]	@ (10004588 <configuration_reset+0x84>)
10004554:	2220      	movs	r2, #32
10004556:	1d04      	adds	r4, r0, #4
10004558:	6043      	str	r3, [r0, #4]
1000455a:	e9c4 3301 	strd	r3, r3, [r4, #4]
1000455e:	60e3      	str	r3, [r4, #12]
10004560:	21ff      	movs	r1, #255	@ 0xff
10004562:	e8bd 41f0 	ldmia.w	sp!, {r4, r5, r6, r7, r8, lr}
10004566:	3014      	adds	r0, #20
10004568:	f004 b924 	b.w	100087b4 <memset>
1000456c:	f04f 23e0 	mov.w	r3, #3758153728	@ 0xe000e000
10004570:	f8d3 3df0 	ldr.w	r3, [r3, #3568]	@ 0xdf0
10004574:	07db      	lsls	r3, r3, #31
10004576:	d500      	bpl.n	1000457a <configuration_reset+0x76>
10004578:	be00      	bkpt	0x0000
1000457a:	e8bd 81f0 	ldmia.w	sp!, {r4, r5, r6, r7, r8, pc}
1000457e:	bf00      	nop
10004580:	20002bb0 	.word	0x20002bb0
10004584:	20001ef4 	.word	0x20001ef4
10004588:	200020c4 	.word	0x200020c4
1000458c:	10009594 	.word	0x10009594

10004590 <tud_event_hook_cb>:
10004590:	4770      	bx	lr
10004592:	bf00      	nop

10004594 <tud_sof_cb>:
10004594:	4770      	bx	lr
10004596:	bf00      	nop

10004598 <tud_descriptor_device_qualifier_cb>:
10004598:	2000      	movs	r0, #0
1000459a:	4770      	bx	lr

1000459c <tud_descriptor_other_speed_configuration_cb>:
1000459c:	2000      	movs	r0, #0
1000459e:	4770      	bx	lr

100045a0 <tud_mount_cb>:
100045a0:	4770      	bx	lr
100045a2:	bf00      	nop

100045a4 <tud_umount_cb>:
100045a4:	4770      	bx	lr
100045a6:	bf00      	nop

100045a8 <tud_suspend_cb>:
100045a8:	4770      	bx	lr
100045aa:	bf00      	nop

100045ac <tud_resume_cb>:
100045ac:	4770      	bx	lr
100045ae:	bf00      	nop

100045b0 <tud_mounted>:
100045b0:	4b02      	ldr	r3, [pc, #8]	@ (100045bc <tud_mounted+0xc>)
100045b2:	7858      	ldrb	r0, [r3, #1]
100045b4:	3800      	subs	r0, #0
100045b6:	bf18      	it	ne
100045b8:	2001      	movne	r0, #1
100045ba:	4770      	bx	lr
100045bc:	200020c4 	.word	0x200020c4

100045c0 <tud_suspended>:
100045c0:	4b02      	ldr	r3, [pc, #8]	@ (100045cc <tud_suspended+0xc>)
100045c2:	7818      	ldrb	r0, [r3, #0]
100045c4:	f3c0 0080 	ubfx	r0, r0, #2, #1
100045c8:	4770      	bx	lr
100045ca:	bf00      	nop
100045cc:	200020c4 	.word	0x200020c4

100045d0 <tud_rhport_init>:
100045d0:	e92d 47f0 	stmdb	sp!, {r4, r5, r6, r7, r8, r9, sl, lr}
100045d4:	f8df a0e4 	ldr.w	sl, [pc, #228]	@ 100046bc <tud_rhport_init+0xec>
100045d8:	f89a 3000 	ldrb.w	r3, [sl]
100045dc:	2bff      	cmp	r3, #255	@ 0xff
100045de:	d156      	bne.n	1000468e <tud_rhport_init+0xbe>
100045e0:	460e      	mov	r6, r1
100045e2:	2900      	cmp	r1, #0
100045e4:	d03e      	beq.n	10004664 <tud_rhport_init+0x94>
100045e6:	2100      	movs	r1, #0
100045e8:	2254      	movs	r2, #84	@ 0x54
100045ea:	4607      	mov	r7, r0
100045ec:	4829      	ldr	r0, [pc, #164]	@ (10004694 <tud_rhport_init+0xc4>)
100045ee:	f004 f8e1 	bl	100087b4 <memset>
100045f2:	2200      	movs	r2, #0
100045f4:	4c28      	ldr	r4, [pc, #160]	@ (10004698 <tud_rhport_init+0xc8>)
100045f6:	4b29      	ldr	r3, [pc, #164]	@ (1000469c <tud_rhport_init+0xcc>)
100045f8:	4620      	mov	r0, r4
100045fa:	701a      	strb	r2, [r3, #0]
100045fc:	f7fc fc78 	bl	10000ef0 <mutex_init>
10004600:	4b27      	ldr	r3, [pc, #156]	@ (100046a0 <tud_rhport_init+0xd0>)
10004602:	4828      	ldr	r0, [pc, #160]	@ (100046a4 <tud_rhport_init+0xd4>)
10004604:	601c      	str	r4, [r3, #0]
10004606:	4c28      	ldr	r4, [pc, #160]	@ (100046a8 <tud_rhport_init+0xd8>)
10004608:	f7fc fc80 	bl	10000f0c <critical_section_init>
1000460c:	4620      	mov	r0, r4
1000460e:	f001 fdab 	bl	10006168 <tu_fifo_clear>
10004612:	4a26      	ldr	r2, [pc, #152]	@ (100046ac <tud_rhport_init+0xdc>)
10004614:	4b26      	ldr	r3, [pc, #152]	@ (100046b0 <tud_rhport_init+0xe0>)
10004616:	6014      	str	r4, [r2, #0]
10004618:	b123      	cbz	r3, 10004624 <tud_rhport_init+0x54>
1000461a:	4826      	ldr	r0, [pc, #152]	@ (100046b4 <tud_rhport_init+0xe4>)
1000461c:	f7ff fac4 	bl	10003ba8 <usbd_app_driver_get_cb>
10004620:	4b25      	ldr	r3, [pc, #148]	@ (100046b8 <tud_rhport_init+0xe8>)
10004622:	6018      	str	r0, [r3, #0]
10004624:	2400      	movs	r4, #0
10004626:	4d23      	ldr	r5, [pc, #140]	@ (100046b4 <tud_rhport_init+0xe4>)
10004628:	4623      	mov	r3, r4
1000462a:	782a      	ldrb	r2, [r5, #0]
1000462c:	f8df 9090 	ldr.w	r9, [pc, #144]	@ 100046c0 <tud_rhport_init+0xf0>
10004630:	f8df 8084 	ldr.w	r8, [pc, #132]	@ 100046b8 <tud_rhport_init+0xe8>
10004634:	e00e      	b.n	10004654 <tud_rhport_init+0x84>
10004636:	f8d8 3000 	ldr.w	r3, [r8]
1000463a:	eb13 1344 	adds.w	r3, r3, r4, lsl #5
1000463e:	d011      	beq.n	10004664 <tud_rhport_init+0x94>
10004640:	685b      	ldr	r3, [r3, #4]
10004642:	b17b      	cbz	r3, 10004664 <tud_rhport_init+0x94>
10004644:	4798      	blx	r3
10004646:	782a      	ldrb	r2, [r5, #0]
10004648:	3401      	adds	r4, #1
1000464a:	b2e4      	uxtb	r4, r4
1000464c:	1c51      	adds	r1, r2, #1
1000464e:	42a1      	cmp	r1, r4
10004650:	4623      	mov	r3, r4
10004652:	db11      	blt.n	10004678 <tud_rhport_init+0xa8>
10004654:	42a2      	cmp	r2, r4
10004656:	d8ee      	bhi.n	10004636 <tud_rhport_init+0x66>
10004658:	1a9b      	subs	r3, r3, r2
1000465a:	eb09 1343 	add.w	r3, r9, r3, lsl #5
1000465e:	685b      	ldr	r3, [r3, #4]
10004660:	2b00      	cmp	r3, #0
10004662:	d1ef      	bne.n	10004644 <tud_rhport_init+0x74>
10004664:	f04f 23e0 	mov.w	r3, #3758153728	@ 0xe000e000
10004668:	f8d3 3df0 	ldr.w	r3, [r3, #3568]	@ 0xdf0
1000466c:	07db      	lsls	r3, r3, #31
1000466e:	d500      	bpl.n	10004672 <tud_rhport_init+0xa2>
10004670:	be00      	bkpt	0x0000
10004672:	2000      	movs	r0, #0
10004674:	e8bd 87f0 	ldmia.w	sp!, {r4, r5, r6, r7, r8, r9, sl, pc}
10004678:	4631      	mov	r1, r6
1000467a:	4638      	mov	r0, r7
1000467c:	f88a 7000 	strb.w	r7, [sl]
10004680:	f7ff fdd0 	bl	10004224 <dcd_init>
10004684:	2800      	cmp	r0, #0
10004686:	d0ed      	beq.n	10004664 <tud_rhport_init+0x94>
10004688:	4638      	mov	r0, r7
1000468a:	f7ff fe11 	bl	100042b0 <dcd_int_enable>
1000468e:	2001      	movs	r0, #1
10004690:	e8bd 87f0 	ldmia.w	sp!, {r4, r5, r6, r7, r8, r9, sl, pc}
10004694:	200020c4 	.word	0x200020c4
10004698:	200020bc 	.word	0x200020bc
1000469c:	20002bb2 	.word	0x20002bb2
100046a0:	20002118 	.word	0x20002118
100046a4:	20001614 	.word	0x20001614
100046a8:	20001600 	.word	0x20001600
100046ac:	2000211c 	.word	0x2000211c
100046b0:	10003ba9 	.word	0x10003ba9
100046b4:	20002bb0 	.word	0x20002bb0
100046b8:	20001ef4 	.word	0x20001ef4
100046bc:	2000161c 	.word	0x2000161c
100046c0:	10009594 	.word	0x10009594

100046c4 <tud_task_ext>:
100046c4:	e92d 4ff0 	stmdb	sp!, {r4, r5, r6, r7, r8, r9, sl, fp, lr}
100046c8:	f8df 92c8 	ldr.w	r9, [pc, #712]	@ 10004994 <tud_task_ext+0x2d0>
100046cc:	b08b      	sub	sp, #44	@ 0x2c
100046ce:	f899 3000 	ldrb.w	r3, [r9]
100046d2:	2bff      	cmp	r3, #255	@ 0xff
100046d4:	f000 80f1 	beq.w	100048ba <tud_task_ext+0x1f6>
100046d8:	4ca8      	ldr	r4, [pc, #672]	@ (1000497c <tud_task_ext+0x2b8>)
100046da:	4da9      	ldr	r5, [pc, #676]	@ (10004980 <tud_task_ext+0x2bc>)
100046dc:	f8df a2b0 	ldr.w	sl, [pc, #688]	@ 10004990 <tud_task_ext+0x2cc>
100046e0:	f8df b2b4 	ldr.w	fp, [pc, #692]	@ 10004998 <tud_task_ext+0x2d4>
100046e4:	6826      	ldr	r6, [r4, #0]
100046e6:	6973      	ldr	r3, [r6, #20]
100046e8:	f3ef 8210 	mrs	r2, PRIMASK
100046ec:	b672      	cpsid	i
100046ee:	e8d3 0fcf 	ldaexb	r0, [r3]
100046f2:	2101      	movs	r1, #1
100046f4:	2800      	cmp	r0, #0
100046f6:	d1fa      	bne.n	100046ee <tud_task_ext+0x2a>
100046f8:	e8c3 1f40 	strexb	r0, r1, [r3]
100046fc:	2800      	cmp	r0, #0
100046fe:	d1f6      	bne.n	100046ee <tud_task_ext+0x2a>
10004700:	f3bf 8f5f 	dmb	sy
10004704:	61b2      	str	r2, [r6, #24]
10004706:	4630      	mov	r0, r6
10004708:	a907      	add	r1, sp, #28
1000470a:	f001 fb77 	bl	10005dfc <tu_fifo_read>
1000470e:	2300      	movs	r3, #0
10004710:	6972      	ldr	r2, [r6, #20]
10004712:	e8c2 3f8f 	stlb	r3, [r2]
10004716:	69b3      	ldr	r3, [r6, #24]
10004718:	f383 8810 	msr	PRIMASK, r3
1000471c:	2800      	cmp	r0, #0
1000471e:	f000 80cc 	beq.w	100048ba <tud_task_ext+0x1f6>
10004722:	f89d 301d 	ldrb.w	r3, [sp, #29]
10004726:	3b01      	subs	r3, #1
10004728:	2b07      	cmp	r3, #7
1000472a:	f200 837d 	bhi.w	10004e28 <tud_task_ext+0x764>
1000472e:	e8df f003 	tbb	[pc, r3]
10004732:	b1a7      	.short	0xb1a7
10004734:	358e9d95 	.word	0x358e9d95
10004738:	040a      	.short	0x040a
1000473a:	9b08      	ldr	r3, [sp, #32]
1000473c:	2b00      	cmp	r3, #0
1000473e:	d0d1      	beq.n	100046e4 <tud_task_ext+0x20>
10004740:	9809      	ldr	r0, [sp, #36]	@ 0x24
10004742:	4798      	blx	r3
10004744:	e7ce      	b.n	100046e4 <tud_task_ext+0x20>
10004746:	f89d 1020 	ldrb.w	r1, [sp, #32]
1000474a:	f001 067f 	and.w	r6, r1, #127	@ 0x7f
1000474e:	eb05 0046 	add.w	r0, r5, r6, lsl #1
10004752:	eb00 10d1 	add.w	r0, r0, r1, lsr #7
10004756:	f890 3034 	ldrb.w	r3, [r0, #52]	@ 0x34
1000475a:	f023 0301 	bic.w	r3, r3, #1
1000475e:	f880 3034 	strb.w	r3, [r0, #52]	@ 0x34
10004762:	f890 3034 	ldrb.w	r3, [r0, #52]	@ 0x34
10004766:	f023 0304 	bic.w	r3, r3, #4
1000476a:	f880 3034 	strb.w	r3, [r0, #52]	@ 0x34
1000476e:	2e00      	cmp	r6, #0
10004770:	f000 80a6 	beq.w	100048c0 <tud_task_ext+0x1fc>
10004774:	7d03      	ldrb	r3, [r0, #20]
10004776:	f89a 2000 	ldrb.w	r2, [sl]
1000477a:	4293      	cmp	r3, r2
1000477c:	f080 8093 	bcs.w	100048a6 <tud_task_ext+0x1e2>
10004780:	4a80      	ldr	r2, [pc, #512]	@ (10004984 <tud_task_ext+0x2c0>)
10004782:	6812      	ldr	r2, [r2, #0]
10004784:	eb12 1343 	adds.w	r3, r2, r3, lsl #5
10004788:	f000 8090 	beq.w	100048ac <tud_task_ext+0x1e8>
1000478c:	699e      	ldr	r6, [r3, #24]
1000478e:	f89d 2021 	ldrb.w	r2, [sp, #33]	@ 0x21
10004792:	9b09      	ldr	r3, [sp, #36]	@ 0x24
10004794:	f89d 001c 	ldrb.w	r0, [sp, #28]
10004798:	47b0      	blx	r6
1000479a:	e7a3      	b.n	100046e4 <tud_task_ext+0x20>
1000479c:	f89b 3000 	ldrb.w	r3, [fp]
100047a0:	2b00      	cmp	r3, #0
100047a2:	f000 8083 	beq.w	100048ac <tud_task_ext+0x1e8>
100047a6:	f89b 3000 	ldrb.w	r3, [fp]
100047aa:	3b01      	subs	r3, #1
100047ac:	b2db      	uxtb	r3, r3
100047ae:	f88b 3000 	strb.w	r3, [fp]
100047b2:	f89b 3000 	ldrb.w	r3, [fp]
100047b6:	f003 00ff 	and.w	r0, r3, #255	@ 0xff
100047ba:	2b00      	cmp	r3, #0
100047bc:	d192      	bne.n	100046e4 <tud_task_ext+0x20>
100047be:	4f70      	ldr	r7, [pc, #448]	@ (10004980 <tud_task_ext+0x2bc>)
100047c0:	f89d 801c 	ldrb.w	r8, [sp, #28]
100047c4:	783b      	ldrb	r3, [r7, #0]
100047c6:	f043 0301 	orr.w	r3, r3, #1
100047ca:	703b      	strb	r3, [r7, #0]
100047cc:	f897 3034 	ldrb.w	r3, [r7, #52]	@ 0x34
100047d0:	f360 0300 	bfi	r3, r0, #0, #1
100047d4:	f887 3034 	strb.w	r3, [r7, #52]	@ 0x34
100047d8:	f897 3034 	ldrb.w	r3, [r7, #52]	@ 0x34
100047dc:	f360 0382 	bfi	r3, r0, #2, #1
100047e0:	f887 3034 	strb.w	r3, [r7, #52]	@ 0x34
100047e4:	f897 3035 	ldrb.w	r3, [r7, #53]	@ 0x35
100047e8:	f360 0300 	bfi	r3, r0, #0, #1
100047ec:	f887 3035 	strb.w	r3, [r7, #53]	@ 0x35
100047f0:	f897 3035 	ldrb.w	r3, [r7, #53]	@ 0x35
100047f4:	f360 0382 	bfi	r3, r0, #2, #1
100047f8:	f887 3035 	strb.w	r3, [r7, #53]	@ 0x35
100047fc:	f000 fc6c 	bl	100050d8 <usbd_control_set_complete_callback>
10004800:	f89d 3020 	ldrb.w	r3, [sp, #32]
10004804:	f003 0260 	and.w	r2, r3, #96	@ 0x60
10004808:	2a60      	cmp	r2, #96	@ 0x60
1000480a:	d06c      	beq.n	100048e6 <tud_task_ext+0x222>
1000480c:	2a40      	cmp	r2, #64	@ 0x40
1000480e:	d07c      	beq.n	1000490a <tud_task_ext+0x246>
10004810:	f003 031f 	and.w	r3, r3, #31
10004814:	2b01      	cmp	r3, #1
10004816:	f000 80c1 	beq.w	1000499c <tud_task_ext+0x2d8>
1000481a:	2b02      	cmp	r3, #2
1000481c:	f000 8081 	beq.w	10004922 <tud_task_ext+0x25e>
10004820:	2b00      	cmp	r3, #0
10004822:	d160      	bne.n	100048e6 <tud_task_ext+0x222>
10004824:	2a20      	cmp	r2, #32
10004826:	f000 81e9 	beq.w	10004bfc <tud_task_ext+0x538>
1000482a:	2a00      	cmp	r2, #0
1000482c:	d15b      	bne.n	100048e6 <tud_task_ext+0x222>
1000482e:	f89d 3021 	ldrb.w	r3, [sp, #33]	@ 0x21
10004832:	2b09      	cmp	r3, #9
10004834:	d857      	bhi.n	100048e6 <tud_task_ext+0x222>
10004836:	e8df f013 	tbh	[pc, r3, lsl #1]
1000483a:	01b0      	.short	0x01b0
1000483c:	005601a2 	.word	0x005601a2
10004840:	005601c1 	.word	0x005601c1
10004844:	016b0195 	.word	0x016b0195
10004848:	01600056 	.word	0x01600056
1000484c:	00f4      	.short	0x00f4
1000484e:	782b      	ldrb	r3, [r5, #0]
10004850:	07d9      	lsls	r1, r3, #31
10004852:	f57f af47 	bpl.w	100046e4 <tud_task_ext+0x20>
10004856:	f7ff fea9 	bl	100045ac <tud_resume_cb>
1000485a:	e743      	b.n	100046e4 <tud_task_ext+0x20>
1000485c:	78eb      	ldrb	r3, [r5, #3]
1000485e:	07da      	lsls	r2, r3, #31
10004860:	f57f af40 	bpl.w	100046e4 <tud_task_ext+0x20>
10004864:	9808      	ldr	r0, [sp, #32]
10004866:	f7ff fe95 	bl	10004594 <tud_sof_cb>
1000486a:	e73b      	b.n	100046e4 <tud_task_ext+0x20>
1000486c:	782b      	ldrb	r3, [r5, #0]
1000486e:	07d8      	lsls	r0, r3, #31
10004870:	f57f af38 	bpl.w	100046e4 <tud_task_ext+0x20>
10004874:	7828      	ldrb	r0, [r5, #0]
10004876:	f3c0 00c0 	ubfx	r0, r0, #3, #1
1000487a:	f7ff fe95 	bl	100045a8 <tud_suspend_cb>
1000487e:	e731      	b.n	100046e4 <tud_task_ext+0x20>
10004880:	f89d 001c 	ldrb.w	r0, [sp, #28]
10004884:	f7ff fe3e 	bl	10004504 <configuration_reset>
10004888:	f000 fc1c 	bl	100050c4 <usbd_control_reset>
1000488c:	f89d 3020 	ldrb.w	r3, [sp, #32]
10004890:	70ab      	strb	r3, [r5, #2]
10004892:	e727      	b.n	100046e4 <tud_task_ext+0x20>
10004894:	f89d 001c 	ldrb.w	r0, [sp, #28]
10004898:	f7ff fe34 	bl	10004504 <configuration_reset>
1000489c:	f000 fc12 	bl	100050c4 <usbd_control_reset>
100048a0:	f7ff fe80 	bl	100045a4 <tud_umount_cb>
100048a4:	e71e      	b.n	100046e4 <tud_task_ext+0x20>
100048a6:	1c50      	adds	r0, r2, #1
100048a8:	4298      	cmp	r0, r3
100048aa:	da11      	bge.n	100048d0 <tud_task_ext+0x20c>
100048ac:	f04f 23e0 	mov.w	r3, #3758153728	@ 0xe000e000
100048b0:	f8d3 3df0 	ldr.w	r3, [r3, #3568]	@ 0xdf0
100048b4:	07dc      	lsls	r4, r3, #31
100048b6:	d500      	bpl.n	100048ba <tud_task_ext+0x1f6>
100048b8:	be00      	bkpt	0x0000
100048ba:	b00b      	add	sp, #44	@ 0x2c
100048bc:	e8bd 8ff0 	ldmia.w	sp!, {r4, r5, r6, r7, r8, r9, sl, fp, pc}
100048c0:	9b09      	ldr	r3, [sp, #36]	@ 0x24
100048c2:	f89d 2021 	ldrb.w	r2, [sp, #33]	@ 0x21
100048c6:	f89d 001c 	ldrb.w	r0, [sp, #28]
100048ca:	f000 fc19 	bl	10005100 <usbd_control_xfer_cb>
100048ce:	e709      	b.n	100046e4 <tud_task_ext+0x20>
100048d0:	1a9b      	subs	r3, r3, r2
100048d2:	4a2d      	ldr	r2, [pc, #180]	@ (10004988 <tud_task_ext+0x2c4>)
100048d4:	eb02 1343 	add.w	r3, r2, r3, lsl #5
100048d8:	e758      	b.n	1000478c <tud_task_ext+0xc8>
100048da:	f7ff fb8d 	bl	10003ff8 <tud_descriptor_configuration_cb>
100048de:	4602      	mov	r2, r0
100048e0:	2800      	cmp	r0, #0
100048e2:	f040 8182 	bne.w	10004bea <tud_task_ext+0x526>
100048e6:	f04f 23e0 	mov.w	r3, #3758153728	@ 0xe000e000
100048ea:	f8d3 3df0 	ldr.w	r3, [r3, #3568]	@ 0xdf0
100048ee:	07de      	lsls	r6, r3, #31
100048f0:	d500      	bpl.n	100048f4 <tud_task_ext+0x230>
100048f2:	be00      	bkpt	0x0000
100048f4:	f89d 001c 	ldrb.w	r0, [sp, #28]
100048f8:	2100      	movs	r1, #0
100048fa:	f7ff fd99 	bl	10004430 <dcd_edpt_stall>
100048fe:	2180      	movs	r1, #128	@ 0x80
10004900:	f89d 001c 	ldrb.w	r0, [sp, #28]
10004904:	f7ff fd94 	bl	10004430 <dcd_edpt_stall>
10004908:	e6ec      	b.n	100046e4 <tud_task_ext+0x20>
1000490a:	4820      	ldr	r0, [pc, #128]	@ (1000498c <tud_task_ext+0x2c8>)
1000490c:	f000 fbe4 	bl	100050d8 <usbd_control_set_complete_callback>
10004910:	2101      	movs	r1, #1
10004912:	4640      	mov	r0, r8
10004914:	aa08      	add	r2, sp, #32
10004916:	f7ff f933 	bl	10003b80 <tud_vendor_control_xfer_cb>
1000491a:	2800      	cmp	r0, #0
1000491c:	f47f aee2 	bne.w	100046e4 <tud_task_ext+0x20>
10004920:	e7e8      	b.n	100048f4 <tud_task_ext+0x230>
10004922:	f89d 1024 	ldrb.w	r1, [sp, #36]	@ 0x24
10004926:	f011 0f70 	tst.w	r1, #112	@ 0x70
1000492a:	d1dc      	bne.n	100048e6 <tud_task_ext+0x222>
1000492c:	f001 067f 	and.w	r6, r1, #127	@ 0x7f
10004930:	eb07 0046 	add.w	r0, r7, r6, lsl #1
10004934:	4b16      	ldr	r3, [pc, #88]	@ (10004990 <tud_task_ext+0x2cc>)
10004936:	eb00 10d1 	add.w	r0, r0, r1, lsr #7
1000493a:	781b      	ldrb	r3, [r3, #0]
1000493c:	7d00      	ldrb	r0, [r0, #20]
1000493e:	0076      	lsls	r6, r6, #1
10004940:	9601      	str	r6, [sp, #4]
10004942:	4298      	cmp	r0, r3
10004944:	ea4f 16d1 	mov.w	r6, r1, lsr #7
10004948:	9600      	str	r6, [sp, #0]
1000494a:	d359      	bcc.n	10004a00 <tud_task_ext+0x33c>
1000494c:	1c5e      	adds	r6, r3, #1
1000494e:	4286      	cmp	r6, r0
10004950:	f2c0 8166 	blt.w	10004c20 <tud_task_ext+0x55c>
10004954:	1ac0      	subs	r0, r0, r3
10004956:	4b0c      	ldr	r3, [pc, #48]	@ (10004988 <tud_task_ext+0x2c4>)
10004958:	eb03 1640 	add.w	r6, r3, r0, lsl #5
1000495c:	2a00      	cmp	r2, #0
1000495e:	f000 8163 	beq.w	10004c28 <tud_task_ext+0x564>
10004962:	6970      	ldr	r0, [r6, #20]
10004964:	f000 fbb8 	bl	100050d8 <usbd_control_set_complete_callback>
10004968:	2101      	movs	r1, #1
1000496a:	4640      	mov	r0, r8
1000496c:	6973      	ldr	r3, [r6, #20]
1000496e:	aa08      	add	r2, sp, #32
10004970:	4798      	blx	r3
10004972:	2800      	cmp	r0, #0
10004974:	f47f aeb6 	bne.w	100046e4 <tud_task_ext+0x20>
10004978:	e7bc      	b.n	100048f4 <tud_task_ext+0x230>
1000497a:	bf00      	nop
1000497c:	2000211c 	.word	0x2000211c
10004980:	200020c4 	.word	0x200020c4
10004984:	20001ef4 	.word	0x20001ef4
10004988:	10009594 	.word	0x10009594
1000498c:	10003b81 	.word	0x10003b81
10004990:	20002bb0 	.word	0x20002bb0
10004994:	2000161c 	.word	0x2000161c
10004998:	20002bb2 	.word	0x20002bb2
1000499c:	f89d 3024 	ldrb.w	r3, [sp, #36]	@ 0x24
100049a0:	2b0f      	cmp	r3, #15
100049a2:	d8a7      	bhi.n	100048f4 <tud_task_ext+0x230>
100049a4:	4aae      	ldr	r2, [pc, #696]	@ (10004c60 <tud_task_ext+0x59c>)
100049a6:	443b      	add	r3, r7
100049a8:	791b      	ldrb	r3, [r3, #4]
100049aa:	7812      	ldrb	r2, [r2, #0]
100049ac:	4293      	cmp	r3, r2
100049ae:	d332      	bcc.n	10004a16 <tud_task_ext+0x352>
100049b0:	1c51      	adds	r1, r2, #1
100049b2:	4299      	cmp	r1, r3
100049b4:	db9e      	blt.n	100048f4 <tud_task_ext+0x230>
100049b6:	4eab      	ldr	r6, [pc, #684]	@ (10004c64 <tud_task_ext+0x5a0>)
100049b8:	1a9b      	subs	r3, r3, r2
100049ba:	eb06 1643 	add.w	r6, r6, r3, lsl #5
100049be:	6970      	ldr	r0, [r6, #20]
100049c0:	f000 fb8a 	bl	100050d8 <usbd_control_set_complete_callback>
100049c4:	2101      	movs	r1, #1
100049c6:	4640      	mov	r0, r8
100049c8:	6973      	ldr	r3, [r6, #20]
100049ca:	aa08      	add	r2, sp, #32
100049cc:	4798      	blx	r3
100049ce:	2800      	cmp	r0, #0
100049d0:	f47f ae88 	bne.w	100046e4 <tud_task_ext+0x20>
100049d4:	f89d 3020 	ldrb.w	r3, [sp, #32]
100049d8:	f013 0660 	ands.w	r6, r3, #96	@ 0x60
100049dc:	d18a      	bne.n	100048f4 <tud_task_ext+0x230>
100049de:	f89d 3021 	ldrb.w	r3, [sp, #33]	@ 0x21
100049e2:	3b0a      	subs	r3, #10
100049e4:	2b01      	cmp	r3, #1
100049e6:	d885      	bhi.n	100048f4 <tud_task_ext+0x230>
100049e8:	f000 fb76 	bl	100050d8 <usbd_control_set_complete_callback>
100049ec:	f89d 3021 	ldrb.w	r3, [sp, #33]	@ 0x21
100049f0:	2b0a      	cmp	r3, #10
100049f2:	f000 81f2 	beq.w	10004dda <tud_task_ext+0x716>
100049f6:	4640      	mov	r0, r8
100049f8:	a908      	add	r1, sp, #32
100049fa:	f000 faf1 	bl	10004fe0 <tud_control_status>
100049fe:	e671      	b.n	100046e4 <tud_task_ext+0x20>
10004a00:	4b99      	ldr	r3, [pc, #612]	@ (10004c68 <tud_task_ext+0x5a4>)
10004a02:	681b      	ldr	r3, [r3, #0]
10004a04:	eb03 1640 	add.w	r6, r3, r0, lsl #5
10004a08:	2a00      	cmp	r2, #0
10004a0a:	f000 810d 	beq.w	10004c28 <tud_task_ext+0x564>
10004a0e:	2e00      	cmp	r6, #0
10004a10:	f43f af70 	beq.w	100048f4 <tud_task_ext+0x230>
10004a14:	e7a5      	b.n	10004962 <tud_task_ext+0x29e>
10004a16:	4a94      	ldr	r2, [pc, #592]	@ (10004c68 <tud_task_ext+0x5a4>)
10004a18:	6816      	ldr	r6, [r2, #0]
10004a1a:	eb16 1643 	adds.w	r6, r6, r3, lsl #5
10004a1e:	d1ce      	bne.n	100049be <tud_task_ext+0x2fa>
10004a20:	e768      	b.n	100048f4 <tud_task_ext+0x230>
10004a22:	787b      	ldrb	r3, [r7, #1]
10004a24:	f89d 6022 	ldrb.w	r6, [sp, #34]	@ 0x22
10004a28:	429e      	cmp	r6, r3
10004a2a:	f000 814f 	beq.w	10004ccc <tud_task_ext+0x608>
10004a2e:	787b      	ldrb	r3, [r7, #1]
10004a30:	2b00      	cmp	r3, #0
10004a32:	f040 81be 	bne.w	10004db2 <tud_task_ext+0x6ee>
10004a36:	707e      	strb	r6, [r7, #1]
10004a38:	2e00      	cmp	r6, #0
10004a3a:	f000 8145 	beq.w	10004cc8 <tud_task_ext+0x604>
10004a3e:	1e70      	subs	r0, r6, #1
10004a40:	b2c0      	uxtb	r0, r0
10004a42:	f7ff fad9 	bl	10003ff8 <tud_descriptor_configuration_cb>
10004a46:	4603      	mov	r3, r0
10004a48:	2800      	cmp	r0, #0
10004a4a:	f000 815f 	beq.w	10004d0c <tud_task_ext+0x648>
10004a4e:	7842      	ldrb	r2, [r0, #1]
10004a50:	2a02      	cmp	r2, #2
10004a52:	f040 815b 	bne.w	10004d0c <tud_task_ext+0x648>
10004a56:	79c1      	ldrb	r1, [r0, #7]
10004a58:	f103 0609 	add.w	r6, r3, #9
10004a5c:	f3c1 1240 	ubfx	r2, r1, #5, #1
10004a60:	0112      	lsls	r2, r2, #4
10004a62:	f3c1 1180 	ubfx	r1, r1, #6, #1
10004a66:	ea42 1241 	orr.w	r2, r2, r1, lsl #5
10004a6a:	4631      	mov	r1, r6
10004a6c:	7838      	ldrb	r0, [r7, #0]
10004a6e:	f020 0030 	bic.w	r0, r0, #48	@ 0x30
10004a72:	4302      	orrs	r2, r0
10004a74:	703a      	strb	r2, [r7, #0]
10004a76:	885a      	ldrh	r2, [r3, #2]
10004a78:	f8cd 800c 	str.w	r8, [sp, #12]
10004a7c:	189a      	adds	r2, r3, r2
10004a7e:	9201      	str	r2, [sp, #4]
10004a80:	9b01      	ldr	r3, [sp, #4]
10004a82:	428b      	cmp	r3, r1
10004a84:	f240 81a4 	bls.w	10004dd0 <tud_task_ext+0x70c>
10004a88:	784a      	ldrb	r2, [r1, #1]
10004a8a:	2a0b      	cmp	r2, #11
10004a8c:	f000 81af 	beq.w	10004dee <tud_task_ext+0x72a>
10004a90:	2301      	movs	r3, #1
10004a92:	2a04      	cmp	r2, #4
10004a94:	f040 813a 	bne.w	10004d0c <tud_task_ext+0x648>
10004a98:	2600      	movs	r6, #0
10004a9a:	9a01      	ldr	r2, [sp, #4]
10004a9c:	9600      	str	r6, [sp, #0]
10004a9e:	1a52      	subs	r2, r2, r1
10004aa0:	b292      	uxth	r2, r2
10004aa2:	9202      	str	r2, [sp, #8]
10004aa4:	4a6e      	ldr	r2, [pc, #440]	@ (10004c60 <tud_task_ext+0x59c>)
10004aa6:	9304      	str	r3, [sp, #16]
10004aa8:	7812      	ldrb	r2, [r2, #0]
10004aaa:	e01d      	b.n	10004ae8 <tud_task_ext+0x424>
10004aac:	4b6e      	ldr	r3, [pc, #440]	@ (10004c68 <tud_task_ext+0x5a4>)
10004aae:	681b      	ldr	r3, [r3, #0]
10004ab0:	eb13 1846 	adds.w	r8, r3, r6, lsl #5
10004ab4:	f000 812a 	beq.w	10004d0c <tud_task_ext+0x648>
10004ab8:	9a02      	ldr	r2, [sp, #8]
10004aba:	f8d8 3010 	ldr.w	r3, [r8, #16]
10004abe:	9803      	ldr	r0, [sp, #12]
10004ac0:	9105      	str	r1, [sp, #20]
10004ac2:	4798      	blx	r3
10004ac4:	2808      	cmp	r0, #8
10004ac6:	4602      	mov	r2, r0
10004ac8:	9905      	ldr	r1, [sp, #20]
10004aca:	f106 0301 	add.w	r3, r6, #1
10004ace:	d903      	bls.n	10004ad8 <tud_task_ext+0x414>
10004ad0:	9802      	ldr	r0, [sp, #8]
10004ad2:	4290      	cmp	r0, r2
10004ad4:	f080 80ff 	bcs.w	10004cd6 <tud_task_ext+0x612>
10004ad8:	b2de      	uxtb	r6, r3
10004ada:	4b61      	ldr	r3, [pc, #388]	@ (10004c60 <tud_task_ext+0x59c>)
10004adc:	9600      	str	r6, [sp, #0]
10004ade:	781a      	ldrb	r2, [r3, #0]
10004ae0:	1c53      	adds	r3, r2, #1
10004ae2:	429e      	cmp	r6, r3
10004ae4:	f300 8112 	bgt.w	10004d0c <tud_task_ext+0x648>
10004ae8:	9b00      	ldr	r3, [sp, #0]
10004aea:	42b2      	cmp	r2, r6
10004aec:	eba3 0202 	sub.w	r2, r3, r2
10004af0:	d8dc      	bhi.n	10004aac <tud_task_ext+0x3e8>
10004af2:	4b5c      	ldr	r3, [pc, #368]	@ (10004c64 <tud_task_ext+0x5a0>)
10004af4:	eb03 1842 	add.w	r8, r3, r2, lsl #5
10004af8:	e7de      	b.n	10004ab8 <tud_task_ext+0x3f4>
10004afa:	787b      	ldrb	r3, [r7, #1]
10004afc:	4640      	mov	r0, r8
10004afe:	f88d 301a 	strb.w	r3, [sp, #26]
10004b02:	f10d 021a 	add.w	r2, sp, #26
10004b06:	2301      	movs	r3, #1
10004b08:	a908      	add	r1, sp, #32
10004b0a:	f000 fa83 	bl	10005014 <tud_control_xfer>
10004b0e:	e5e9      	b.n	100046e4 <tud_task_ext+0x20>
10004b10:	f8bd 0022 	ldrh.w	r0, [sp, #34]	@ 0x22
10004b14:	0a03      	lsrs	r3, r0, #8
10004b16:	3b01      	subs	r3, #1
10004b18:	0a02      	lsrs	r2, r0, #8
10004b1a:	b2c0      	uxtb	r0, r0
10004b1c:	2b0e      	cmp	r3, #14
10004b1e:	f63f aee9 	bhi.w	100048f4 <tud_task_ext+0x230>
10004b22:	a101      	add	r1, pc, #4	@ (adr r1, 10004b28 <tud_task_ext+0x464>)
10004b24:	f851 f023 	ldr.w	pc, [r1, r3, lsl #2]
10004b28:	10004d3d 	.word	0x10004d3d
10004b2c:	10004bd9 	.word	0x10004bd9
10004b30:	10004d79 	.word	0x10004d79
10004b34:	100048f5 	.word	0x100048f5
10004b38:	100048f5 	.word	0x100048f5
10004b3c:	10004d5b 	.word	0x10004d5b
10004b40:	10004bd9 	.word	0x10004bd9
10004b44:	100048f5 	.word	0x100048f5
10004b48:	100048f5 	.word	0x100048f5
10004b4c:	100048f5 	.word	0x100048f5
10004b50:	100048f5 	.word	0x100048f5
10004b54:	100048f5 	.word	0x100048f5
10004b58:	100048f5 	.word	0x100048f5
10004b5c:	100048f5 	.word	0x100048f5
10004b60:	10004d2f 	.word	0x10004d2f
10004b64:	a808      	add	r0, sp, #32
10004b66:	f000 fabd 	bl	100050e4 <usbd_control_set_request>
10004b6a:	4640      	mov	r0, r8
10004b6c:	f89d 1022 	ldrb.w	r1, [sp, #34]	@ 0x22
10004b70:	f7ff fba2 	bl	100042b8 <dcd_set_address>
10004b74:	783b      	ldrb	r3, [r7, #0]
10004b76:	f043 0302 	orr.w	r3, r3, #2
10004b7a:	703b      	strb	r3, [r7, #0]
10004b7c:	e5b2      	b.n	100046e4 <tud_task_ext+0x20>
10004b7e:	f8bd 3022 	ldrh.w	r3, [sp, #34]	@ 0x22
10004b82:	2b01      	cmp	r3, #1
10004b84:	f47f aeb6 	bne.w	100048f4 <tud_task_ext+0x230>
10004b88:	783b      	ldrb	r3, [r7, #0]
10004b8a:	4640      	mov	r0, r8
10004b8c:	f023 0308 	bic.w	r3, r3, #8
10004b90:	a908      	add	r1, sp, #32
10004b92:	703b      	strb	r3, [r7, #0]
10004b94:	f000 fa24 	bl	10004fe0 <tud_control_status>
10004b98:	e5a4      	b.n	100046e4 <tud_task_ext+0x20>
10004b9a:	4640      	mov	r0, r8
10004b9c:	783b      	ldrb	r3, [r7, #0]
10004b9e:	089a      	lsrs	r2, r3, #2
10004ba0:	f002 0202 	and.w	r2, r2, #2
10004ba4:	f3c3 1340 	ubfx	r3, r3, #5, #1
10004ba8:	4313      	orrs	r3, r2
10004baa:	f8ad 301a 	strh.w	r3, [sp, #26]
10004bae:	f10d 021a 	add.w	r2, sp, #26
10004bb2:	2302      	movs	r3, #2
10004bb4:	a908      	add	r1, sp, #32
10004bb6:	f000 fa2d 	bl	10005014 <tud_control_xfer>
10004bba:	e593      	b.n	100046e4 <tud_task_ext+0x20>
10004bbc:	f8bd 3022 	ldrh.w	r3, [sp, #34]	@ 0x22
10004bc0:	2b01      	cmp	r3, #1
10004bc2:	f47f ae97 	bne.w	100048f4 <tud_task_ext+0x230>
10004bc6:	783b      	ldrb	r3, [r7, #0]
10004bc8:	4640      	mov	r0, r8
10004bca:	f043 0308 	orr.w	r3, r3, #8
10004bce:	a908      	add	r1, sp, #32
10004bd0:	703b      	strb	r3, [r7, #0]
10004bd2:	f000 fa05 	bl	10004fe0 <tud_control_status>
10004bd6:	e585      	b.n	100046e4 <tud_task_ext+0x20>
10004bd8:	2a02      	cmp	r2, #2
10004bda:	f43f ae7e 	beq.w	100048da <tud_task_ext+0x216>
10004bde:	f7ff fcdd 	bl	1000459c <tud_descriptor_other_speed_configuration_cb>
10004be2:	4602      	mov	r2, r0
10004be4:	2800      	cmp	r0, #0
10004be6:	f43f ae85 	beq.w	100048f4 <tud_task_ext+0x230>
10004bea:	4640      	mov	r0, r8
10004bec:	8853      	ldrh	r3, [r2, #2]
10004bee:	a908      	add	r1, sp, #32
10004bf0:	f000 fa10 	bl	10005014 <tud_control_xfer>
10004bf4:	2800      	cmp	r0, #0
10004bf6:	f47f ad75 	bne.w	100046e4 <tud_task_ext+0x20>
10004bfa:	e67b      	b.n	100048f4 <tud_task_ext+0x230>
10004bfc:	f89d 3024 	ldrb.w	r3, [sp, #36]	@ 0x24
10004c00:	2b0f      	cmp	r3, #15
10004c02:	f63f ae77 	bhi.w	100048f4 <tud_task_ext+0x230>
10004c06:	4a16      	ldr	r2, [pc, #88]	@ (10004c60 <tud_task_ext+0x59c>)
10004c08:	443b      	add	r3, r7
10004c0a:	791b      	ldrb	r3, [r3, #4]
10004c0c:	7812      	ldrb	r2, [r2, #0]
10004c0e:	4293      	cmp	r3, r2
10004c10:	d21d      	bcs.n	10004c4e <tud_task_ext+0x58a>
10004c12:	4a15      	ldr	r2, [pc, #84]	@ (10004c68 <tud_task_ext+0x5a4>)
10004c14:	6816      	ldr	r6, [r2, #0]
10004c16:	eb16 1643 	adds.w	r6, r6, r3, lsl #5
10004c1a:	f47f aea2 	bne.w	10004962 <tud_task_ext+0x29e>
10004c1e:	e669      	b.n	100048f4 <tud_task_ext+0x230>
10004c20:	2a00      	cmp	r2, #0
10004c22:	f47f ae67 	bne.w	100048f4 <tud_task_ext+0x230>
10004c26:	2600      	movs	r6, #0
10004c28:	f89d 2021 	ldrb.w	r2, [sp, #33]	@ 0x21
10004c2c:	f002 03fd 	and.w	r3, r2, #253	@ 0xfd
10004c30:	2b01      	cmp	r3, #1
10004c32:	d01b      	beq.n	10004c6c <tud_task_ext+0x5a8>
10004c34:	2a00      	cmp	r2, #0
10004c36:	f47f ae56 	bne.w	100048e6 <tud_task_ext+0x222>
10004c3a:	9b01      	ldr	r3, [sp, #4]
10004c3c:	9a00      	ldr	r2, [sp, #0]
10004c3e:	443b      	add	r3, r7
10004c40:	4413      	add	r3, r2
10004c42:	f893 3034 	ldrb.w	r3, [r3, #52]	@ 0x34
10004c46:	4640      	mov	r0, r8
10004c48:	f3c3 0340 	ubfx	r3, r3, #1, #1
10004c4c:	e7ad      	b.n	10004baa <tud_task_ext+0x4e6>
10004c4e:	1c51      	adds	r1, r2, #1
10004c50:	4299      	cmp	r1, r3
10004c52:	f6ff ae4f 	blt.w	100048f4 <tud_task_ext+0x230>
10004c56:	4e03      	ldr	r6, [pc, #12]	@ (10004c64 <tud_task_ext+0x5a0>)
10004c58:	1a9b      	subs	r3, r3, r2
10004c5a:	eb06 1643 	add.w	r6, r6, r3, lsl #5
10004c5e:	e680      	b.n	10004962 <tud_task_ext+0x29e>
10004c60:	20002bb0 	.word	0x20002bb0
10004c64:	10009594 	.word	0x10009594
10004c68:	20001ef4 	.word	0x20001ef4
10004c6c:	f8bd 3022 	ldrh.w	r3, [sp, #34]	@ 0x22
10004c70:	b9b3      	cbnz	r3, 10004ca0 <tud_task_ext+0x5dc>
10004c72:	2a01      	cmp	r2, #1
10004c74:	f899 0000 	ldrb.w	r0, [r9]
10004c78:	f000 8086 	beq.w	10004d88 <tud_task_ext+0x6c4>
10004c7c:	f7ff fbd8 	bl	10004430 <dcd_edpt_stall>
10004c80:	9b01      	ldr	r3, [sp, #4]
10004c82:	9a00      	ldr	r2, [sp, #0]
10004c84:	443b      	add	r3, r7
10004c86:	4413      	add	r3, r2
10004c88:	f893 2034 	ldrb.w	r2, [r3, #52]	@ 0x34
10004c8c:	f042 0202 	orr.w	r2, r2, #2
10004c90:	f883 2034 	strb.w	r2, [r3, #52]	@ 0x34
10004c94:	f893 2034 	ldrb.w	r2, [r3, #52]	@ 0x34
10004c98:	f042 0201 	orr.w	r2, r2, #1
10004c9c:	f883 2034 	strb.w	r2, [r3, #52]	@ 0x34
10004ca0:	2e00      	cmp	r6, #0
10004ca2:	f43f ad1f 	beq.w	100046e4 <tud_task_ext+0x20>
10004ca6:	6970      	ldr	r0, [r6, #20]
10004ca8:	f000 fa16 	bl	100050d8 <usbd_control_set_complete_callback>
10004cac:	6973      	ldr	r3, [r6, #20]
10004cae:	2101      	movs	r1, #1
10004cb0:	aa08      	add	r2, sp, #32
10004cb2:	4640      	mov	r0, r8
10004cb4:	4798      	blx	r3
10004cb6:	2000      	movs	r0, #0
10004cb8:	f000 fa0e 	bl	100050d8 <usbd_control_set_complete_callback>
10004cbc:	f897 3035 	ldrb.w	r3, [r7, #53]	@ 0x35
10004cc0:	07df      	lsls	r7, r3, #31
10004cc2:	f53f ad0f 	bmi.w	100046e4 <tud_task_ext+0x20>
10004cc6:	e696      	b.n	100049f6 <tud_task_ext+0x332>
10004cc8:	f7ff fc6c 	bl	100045a4 <tud_umount_cb>
10004ccc:	4640      	mov	r0, r8
10004cce:	a908      	add	r1, sp, #32
10004cd0:	f000 f986 	bl	10004fe0 <tud_control_status>
10004cd4:	e506      	b.n	100046e4 <tud_task_ext+0x20>
10004cd6:	9b04      	ldr	r3, [sp, #16]
10004cd8:	2b01      	cmp	r3, #1
10004cda:	f000 809e 	beq.w	10004e1a <tud_task_ext+0x756>
10004cde:	2b00      	cmp	r3, #0
10004ce0:	f000 808a 	beq.w	10004df8 <tud_task_ext+0x734>
10004ce4:	2000      	movs	r0, #0
10004ce6:	f891 8002 	ldrb.w	r8, [r1, #2]
10004cea:	e005      	b.n	10004cf8 <tud_task_ext+0x634>
10004cec:	f88c 6004 	strb.w	r6, [ip, #4]
10004cf0:	fa5f fc80 	uxtb.w	ip, r0
10004cf4:	4563      	cmp	r3, ip
10004cf6:	d97f      	bls.n	10004df8 <tud_task_ext+0x734>
10004cf8:	eb08 0c00 	add.w	ip, r8, r0
10004cfc:	fa57 fc8c 	uxtab	ip, r7, ip
10004d00:	f89c e004 	ldrb.w	lr, [ip, #4]
10004d04:	3001      	adds	r0, #1
10004d06:	f1be 0fff 	cmp.w	lr, #255	@ 0xff
10004d0a:	d0ef      	beq.n	10004cec <tud_task_ext+0x628>
10004d0c:	f04f 23e0 	mov.w	r3, #3758153728	@ 0xe000e000
10004d10:	f8d3 3df0 	ldr.w	r3, [r3, #3568]	@ 0xdf0
10004d14:	07da      	lsls	r2, r3, #31
10004d16:	d500      	bpl.n	10004d1a <tud_task_ext+0x656>
10004d18:	be00      	bkpt	0x0000
10004d1a:	f04f 23e0 	mov.w	r3, #3758153728	@ 0xe000e000
10004d1e:	f8d3 3df0 	ldr.w	r3, [r3, #3568]	@ 0xdf0
10004d22:	07db      	lsls	r3, r3, #31
10004d24:	d500      	bpl.n	10004d28 <tud_task_ext+0x664>
10004d26:	be00      	bkpt	0x0000
10004d28:	2300      	movs	r3, #0
10004d2a:	707b      	strb	r3, [r7, #1]
10004d2c:	e5e2      	b.n	100048f4 <tud_task_ext+0x230>
10004d2e:	f7fe ff23 	bl	10003b78 <tud_descriptor_bos_cb>
10004d32:	4602      	mov	r2, r0
10004d34:	2800      	cmp	r0, #0
10004d36:	f47f af58 	bne.w	10004bea <tud_task_ext+0x526>
10004d3a:	e5db      	b.n	100048f4 <tud_task_ext+0x230>
10004d3c:	f7ff f958 	bl	10003ff0 <tud_descriptor_device_cb>
10004d40:	4602      	mov	r2, r0
10004d42:	2800      	cmp	r0, #0
10004d44:	f43f adcf 	beq.w	100048e6 <tud_task_ext+0x222>
10004d48:	4640      	mov	r0, r8
10004d4a:	2312      	movs	r3, #18
10004d4c:	a908      	add	r1, sp, #32
10004d4e:	f000 f961 	bl	10005014 <tud_control_xfer>
10004d52:	2800      	cmp	r0, #0
10004d54:	f47f acc6 	bne.w	100046e4 <tud_task_ext+0x20>
10004d58:	e5cc      	b.n	100048f4 <tud_task_ext+0x230>
10004d5a:	f7ff fc1d 	bl	10004598 <tud_descriptor_device_qualifier_cb>
10004d5e:	4602      	mov	r2, r0
10004d60:	2800      	cmp	r0, #0
10004d62:	f43f adc7 	beq.w	100048f4 <tud_task_ext+0x230>
10004d66:	4640      	mov	r0, r8
10004d68:	7813      	ldrb	r3, [r2, #0]
10004d6a:	a908      	add	r1, sp, #32
10004d6c:	f000 f952 	bl	10005014 <tud_control_xfer>
10004d70:	2800      	cmp	r0, #0
10004d72:	f47f acb7 	bne.w	100046e4 <tud_task_ext+0x20>
10004d76:	e5bd      	b.n	100048f4 <tud_task_ext+0x230>
10004d78:	f8bd 1024 	ldrh.w	r1, [sp, #36]	@ 0x24
10004d7c:	f7ff f940 	bl	10004000 <tud_descriptor_string_cb>
10004d80:	4602      	mov	r2, r0
10004d82:	2800      	cmp	r0, #0
10004d84:	d1ef      	bne.n	10004d66 <tud_task_ext+0x6a2>
10004d86:	e5b5      	b.n	100048f4 <tud_task_ext+0x230>
10004d88:	9302      	str	r3, [sp, #8]
10004d8a:	f7ff fb69 	bl	10004460 <dcd_edpt_clear_stall>
10004d8e:	9a01      	ldr	r2, [sp, #4]
10004d90:	9b00      	ldr	r3, [sp, #0]
10004d92:	443a      	add	r2, r7
10004d94:	441a      	add	r2, r3
10004d96:	f892 1034 	ldrb.w	r1, [r2, #52]	@ 0x34
10004d9a:	9b02      	ldr	r3, [sp, #8]
10004d9c:	f363 0141 	bfi	r1, r3, #1, #1
10004da0:	f882 1034 	strb.w	r1, [r2, #52]	@ 0x34
10004da4:	f892 1034 	ldrb.w	r1, [r2, #52]	@ 0x34
10004da8:	f363 0100 	bfi	r1, r3, #0, #1
10004dac:	f882 1034 	strb.w	r1, [r2, #52]	@ 0x34
10004db0:	e776      	b.n	10004ca0 <tud_task_ext+0x5dc>
10004db2:	2100      	movs	r1, #0
10004db4:	4640      	mov	r0, r8
10004db6:	f7ff fa87 	bl	100042c8 <dcd_sof_enable>
10004dba:	4640      	mov	r0, r8
10004dbc:	f7ff fb22 	bl	10004404 <dcd_edpt_close_all>
10004dc0:	78bb      	ldrb	r3, [r7, #2]
10004dc2:	4640      	mov	r0, r8
10004dc4:	9300      	str	r3, [sp, #0]
10004dc6:	f7ff fb9d 	bl	10004504 <configuration_reset>
10004dca:	9b00      	ldr	r3, [sp, #0]
10004dcc:	70bb      	strb	r3, [r7, #2]
10004dce:	e632      	b.n	10004a36 <tud_task_ext+0x372>
10004dd0:	f8dd 800c 	ldr.w	r8, [sp, #12]
10004dd4:	f7ff fbe4 	bl	100045a0 <tud_mount_cb>
10004dd8:	e778      	b.n	10004ccc <tud_task_ext+0x608>
10004dda:	4640      	mov	r0, r8
10004ddc:	2301      	movs	r3, #1
10004dde:	a908      	add	r1, sp, #32
10004de0:	f10d 021a 	add.w	r2, sp, #26
10004de4:	f88d 601a 	strb.w	r6, [sp, #26]
10004de8:	f000 f914 	bl	10005014 <tud_control_xfer>
10004dec:	e47a      	b.n	100046e4 <tud_task_ext+0x20>
10004dee:	780a      	ldrb	r2, [r1, #0]
10004df0:	78cb      	ldrb	r3, [r1, #3]
10004df2:	4411      	add	r1, r2
10004df4:	784a      	ldrb	r2, [r1, #1]
10004df6:	e64c      	b.n	10004a92 <tud_task_ext+0x3ce>
10004df8:	4633      	mov	r3, r6
10004dfa:	4810      	ldr	r0, [pc, #64]	@ (10004e3c <tud_task_ext+0x778>)
10004dfc:	9204      	str	r2, [sp, #16]
10004dfe:	9102      	str	r1, [sp, #8]
10004e00:	f000 fe76 	bl	10005af0 <tu_edpt_bind_driver>
10004e04:	4b0e      	ldr	r3, [pc, #56]	@ (10004e40 <tud_task_ext+0x77c>)
10004e06:	9a04      	ldr	r2, [sp, #16]
10004e08:	9902      	ldr	r1, [sp, #8]
10004e0a:	781b      	ldrb	r3, [r3, #0]
10004e0c:	4411      	add	r1, r2
10004e0e:	9a00      	ldr	r2, [sp, #0]
10004e10:	3301      	adds	r3, #1
10004e12:	4293      	cmp	r3, r2
10004e14:	f6bf ae34 	bge.w	10004a80 <tud_task_ext+0x3bc>
10004e18:	e778      	b.n	10004d0c <tud_task_ext+0x648>
10004e1a:	f8d8 c010 	ldr.w	ip, [r8, #16]
10004e1e:	4809      	ldr	r0, [pc, #36]	@ (10004e44 <tud_task_ext+0x780>)
10004e20:	4584      	cmp	ip, r0
10004e22:	bf08      	it	eq
10004e24:	2302      	moveq	r3, #2
10004e26:	e75d      	b.n	10004ce4 <tud_task_ext+0x620>
10004e28:	f04f 23e0 	mov.w	r3, #3758153728	@ 0xe000e000
10004e2c:	f8d3 3df0 	ldr.w	r3, [r3, #3568]	@ 0xdf0
10004e30:	07db      	lsls	r3, r3, #31
10004e32:	f57f ac57 	bpl.w	100046e4 <tud_task_ext+0x20>
10004e36:	be00      	bkpt	0x0000
10004e38:	e454      	b.n	100046e4 <tud_task_ext+0x20>
10004e3a:	bf00      	nop
10004e3c:	200020d8 	.word	0x200020d8
10004e40:	20002bb0 	.word	0x20002bb0
10004e44:	10005511 	.word	0x10005511

10004e48 <usbd_open_edpt_pair>:
10004e48:	e92d 4ff8 	stmdb	sp!, {r3, r4, r5, r6, r7, r8, r9, sl, fp, lr}
10004e4c:	9f0a      	ldr	r7, [sp, #40]	@ 0x28
10004e4e:	2a00      	cmp	r2, #0
10004e50:	d040      	beq.n	10004ed4 <usbd_open_edpt_pair+0x8c>
10004e52:	460c      	mov	r4, r1
10004e54:	461e      	mov	r6, r3
10004e56:	4615      	mov	r5, r2
10004e58:	f04f 0a00 	mov.w	sl, #0
10004e5c:	f8df 907c 	ldr.w	r9, [pc, #124]	@ 10004edc <usbd_open_edpt_pair+0x94>
10004e60:	f8df 807c 	ldr.w	r8, [pc, #124]	@ 10004ee0 <usbd_open_edpt_pair+0x98>
10004e64:	e018      	b.n	10004e98 <usbd_open_edpt_pair+0x50>
10004e66:	4620      	mov	r0, r4
10004e68:	f898 1002 	ldrb.w	r1, [r8, #2]
10004e6c:	f899 b000 	ldrb.w	fp, [r9]
10004e70:	f000 fe0e 	bl	10005a90 <tu_edpt_validate>
10004e74:	b1e0      	cbz	r0, 10004eb0 <usbd_open_edpt_pair+0x68>
10004e76:	4621      	mov	r1, r4
10004e78:	4658      	mov	r0, fp
10004e7a:	f7ff fa41 	bl	10004300 <dcd_edpt_open>
10004e7e:	b1f0      	cbz	r0, 10004ebe <usbd_open_edpt_pair+0x76>
10004e80:	78a2      	ldrb	r2, [r4, #2]
10004e82:	f10a 0a01 	add.w	sl, sl, #1
10004e86:	09d1      	lsrs	r1, r2, #7
10004e88:	bf16      	itet	ne
10004e8a:	9b0b      	ldrne	r3, [sp, #44]	@ 0x2c
10004e8c:	703a      	strbeq	r2, [r7, #0]
10004e8e:	701a      	strbne	r2, [r3, #0]
10004e90:	7822      	ldrb	r2, [r4, #0]
10004e92:	45aa      	cmp	sl, r5
10004e94:	4414      	add	r4, r2
10004e96:	d01d      	beq.n	10004ed4 <usbd_open_edpt_pair+0x8c>
10004e98:	7862      	ldrb	r2, [r4, #1]
10004e9a:	2a05      	cmp	r2, #5
10004e9c:	d10f      	bne.n	10004ebe <usbd_open_edpt_pair+0x76>
10004e9e:	78e1      	ldrb	r1, [r4, #3]
10004ea0:	f001 0103 	and.w	r1, r1, #3
10004ea4:	42b1      	cmp	r1, r6
10004ea6:	d10a      	bne.n	10004ebe <usbd_open_edpt_pair+0x76>
10004ea8:	78a2      	ldrb	r2, [r4, #2]
10004eaa:	f012 0f70 	tst.w	r2, #112	@ 0x70
10004eae:	d0da      	beq.n	10004e66 <usbd_open_edpt_pair+0x1e>
10004eb0:	f04f 23e0 	mov.w	r3, #3758153728	@ 0xe000e000
10004eb4:	f8d3 3df0 	ldr.w	r3, [r3, #3568]	@ 0xdf0
10004eb8:	07da      	lsls	r2, r3, #31
10004eba:	d500      	bpl.n	10004ebe <usbd_open_edpt_pair+0x76>
10004ebc:	be00      	bkpt	0x0000
10004ebe:	f04f 23e0 	mov.w	r3, #3758153728	@ 0xe000e000
10004ec2:	f8d3 3df0 	ldr.w	r3, [r3, #3568]	@ 0xdf0
10004ec6:	07db      	lsls	r3, r3, #31
10004ec8:	d402      	bmi.n	10004ed0 <usbd_open_edpt_pair+0x88>
10004eca:	2000      	movs	r0, #0
10004ecc:	e8bd 8ff8 	ldmia.w	sp!, {r3, r4, r5, r6, r7, r8, r9, sl, fp, pc}
10004ed0:	be00      	bkpt	0x0000
10004ed2:	e7fa      	b.n	10004eca <usbd_open_edpt_pair+0x82>
10004ed4:	2001      	movs	r0, #1
10004ed6:	e8bd 8ff8 	ldmia.w	sp!, {r3, r4, r5, r6, r7, r8, r9, sl, fp, pc}
10004eda:	bf00      	nop
10004edc:	2000161c 	.word	0x2000161c
10004ee0:	200020c4 	.word	0x200020c4

10004ee4 <usbd_edpt_open>:
10004ee4:	b538      	push	{r3, r4, r5, lr}
10004ee6:	788b      	ldrb	r3, [r1, #2]
10004ee8:	f013 0f70 	tst.w	r3, #112	@ 0x70
10004eec:	d008      	beq.n	10004f00 <usbd_edpt_open+0x1c>
10004eee:	f04f 23e0 	mov.w	r3, #3758153728	@ 0xe000e000
10004ef2:	f8d3 3df0 	ldr.w	r3, [r3, #3568]	@ 0xdf0
10004ef6:	07db      	lsls	r3, r3, #31
10004ef8:	d500      	bpl.n	10004efc <usbd_edpt_open+0x18>
10004efa:	be00      	bkpt	0x0000
10004efc:	2000      	movs	r0, #0
10004efe:	bd38      	pop	{r3, r4, r5, pc}
10004f00:	4a07      	ldr	r2, [pc, #28]	@ (10004f20 <usbd_edpt_open+0x3c>)
10004f02:	4b08      	ldr	r3, [pc, #32]	@ (10004f24 <usbd_edpt_open+0x40>)
10004f04:	460c      	mov	r4, r1
10004f06:	4608      	mov	r0, r1
10004f08:	7891      	ldrb	r1, [r2, #2]
10004f0a:	781d      	ldrb	r5, [r3, #0]
10004f0c:	f000 fdc0 	bl	10005a90 <tu_edpt_validate>
10004f10:	2800      	cmp	r0, #0
10004f12:	d0ec      	beq.n	10004eee <usbd_edpt_open+0xa>
10004f14:	4621      	mov	r1, r4
10004f16:	4628      	mov	r0, r5
10004f18:	e8bd 4038 	ldmia.w	sp!, {r3, r4, r5, lr}
10004f1c:	f7ff b9f0 	b.w	10004300 <dcd_edpt_open>
10004f20:	200020c4 	.word	0x200020c4
10004f24:	2000161c 	.word	0x2000161c

10004f28 <usbd_edpt_claim>:
10004f28:	460b      	mov	r3, r1
10004f2a:	4a06      	ldr	r2, [pc, #24]	@ (10004f44 <usbd_edpt_claim+0x1c>)
10004f2c:	4806      	ldr	r0, [pc, #24]	@ (10004f48 <usbd_edpt_claim+0x20>)
10004f2e:	6811      	ldr	r1, [r2, #0]
10004f30:	09da      	lsrs	r2, r3, #7
10004f32:	3234      	adds	r2, #52	@ 0x34
10004f34:	f003 037f 	and.w	r3, r3, #127	@ 0x7f
10004f38:	eb02 0343 	add.w	r3, r2, r3, lsl #1
10004f3c:	4418      	add	r0, r3
10004f3e:	f000 bd61 	b.w	10005a04 <tu_edpt_claim>
10004f42:	bf00      	nop
10004f44:	20002118 	.word	0x20002118
10004f48:	200020c4 	.word	0x200020c4

10004f4c <usbd_edpt_release>:
10004f4c:	460b      	mov	r3, r1
10004f4e:	4a06      	ldr	r2, [pc, #24]	@ (10004f68 <usbd_edpt_release+0x1c>)
10004f50:	4806      	ldr	r0, [pc, #24]	@ (10004f6c <usbd_edpt_release+0x20>)
10004f52:	6811      	ldr	r1, [r2, #0]
10004f54:	09da      	lsrs	r2, r3, #7
10004f56:	3234      	adds	r2, #52	@ 0x34
10004f58:	f003 037f 	and.w	r3, r3, #127	@ 0x7f
10004f5c:	eb02 0343 	add.w	r3, r2, r3, lsl #1
10004f60:	4418      	add	r0, r3
10004f62:	f000 bd79 	b.w	10005a58 <tu_edpt_release>
10004f66:	bf00      	nop
10004f68:	20002118 	.word	0x20002118
10004f6c:	200020c4 	.word	0x200020c4

10004f70 <usbd_edpt_xfer>:
10004f70:	b510      	push	{r4, lr}
10004f72:	4819      	ldr	r0, [pc, #100]	@ (10004fd8 <usbd_edpt_xfer+0x68>)
10004f74:	f001 0c7f 	and.w	ip, r1, #127	@ 0x7f
10004f78:	eb00 004c 	add.w	r0, r0, ip, lsl #1
10004f7c:	eb00 10d1 	add.w	r0, r0, r1, lsr #7
10004f80:	f890 c034 	ldrb.w	ip, [r0, #52]	@ 0x34
10004f84:	f01c 0f01 	tst.w	ip, #1
10004f88:	d008      	beq.n	10004f9c <usbd_edpt_xfer+0x2c>
10004f8a:	f04f 23e0 	mov.w	r3, #3758153728	@ 0xe000e000
10004f8e:	f8d3 3df0 	ldr.w	r3, [r3, #3568]	@ 0xdf0
10004f92:	07da      	lsls	r2, r3, #31
10004f94:	d500      	bpl.n	10004f98 <usbd_edpt_xfer+0x28>
10004f96:	be00      	bkpt	0x0000
10004f98:	2000      	movs	r0, #0
10004f9a:	bd10      	pop	{r4, pc}
10004f9c:	f100 0430 	add.w	r4, r0, #48	@ 0x30
10004fa0:	f894 c004 	ldrb.w	ip, [r4, #4]
10004fa4:	480d      	ldr	r0, [pc, #52]	@ (10004fdc <usbd_edpt_xfer+0x6c>)
10004fa6:	f04c 0c01 	orr.w	ip, ip, #1
10004faa:	7800      	ldrb	r0, [r0, #0]
10004fac:	f884 c004 	strb.w	ip, [r4, #4]
10004fb0:	f7ff fa2a 	bl	10004408 <dcd_edpt_xfer>
10004fb4:	2800      	cmp	r0, #0
10004fb6:	d1f0      	bne.n	10004f9a <usbd_edpt_xfer+0x2a>
10004fb8:	f04f 21e0 	mov.w	r1, #3758153728	@ 0xe000e000
10004fbc:	7922      	ldrb	r2, [r4, #4]
10004fbe:	f360 0200 	bfi	r2, r0, #0, #1
10004fc2:	7122      	strb	r2, [r4, #4]
10004fc4:	7922      	ldrb	r2, [r4, #4]
10004fc6:	f360 0282 	bfi	r2, r0, #2, #1
10004fca:	7122      	strb	r2, [r4, #4]
10004fcc:	f8d1 3df0 	ldr.w	r3, [r1, #3568]	@ 0xdf0
10004fd0:	07db      	lsls	r3, r3, #31
10004fd2:	d5e1      	bpl.n	10004f98 <usbd_edpt_xfer+0x28>
10004fd4:	be00      	bkpt	0x0000
10004fd6:	e7df      	b.n	10004f98 <usbd_edpt_xfer+0x28>
10004fd8:	200020c4 	.word	0x200020c4
10004fdc:	2000161c 	.word	0x2000161c

10004fe0 <tud_control_status>:
10004fe0:	b530      	push	{r4, r5, lr}
10004fe2:	4c0b      	ldr	r4, [pc, #44]	@ (10005010 <tud_control_status+0x30>)
10004fe4:	468c      	mov	ip, r1
10004fe6:	46a6      	mov	lr, r4
10004fe8:	4605      	mov	r5, r0
10004fea:	6808      	ldr	r0, [r1, #0]
10004fec:	6849      	ldr	r1, [r1, #4]
10004fee:	2300      	movs	r3, #0
10004ff0:	e8ae 0003 	stmia.w	lr!, {r0, r1}
10004ff4:	f89c 1000 	ldrb.w	r1, [ip]
10004ff8:	4628      	mov	r0, r5
10004ffa:	43c9      	mvns	r1, r1
10004ffc:	e9c4 3302 	strd	r3, r3, [r4, #8]
10005000:	e8bd 4030 	ldmia.w	sp!, {r4, r5, lr}
10005004:	461a      	mov	r2, r3
10005006:	f001 0180 	and.w	r1, r1, #128	@ 0x80
1000500a:	f7ff bfb1 	b.w	10004f70 <usbd_edpt_xfer>
1000500e:	bf00      	nop
10005010:	20002084 	.word	0x20002084

10005014 <tud_control_xfer>:
10005014:	e92d 41f0 	stmdb	sp!, {r4, r5, r6, r7, r8, lr}
10005018:	4f28      	ldr	r7, [pc, #160]	@ (100050bc <tud_control_xfer+0xa8>)
1000501a:	f04f 0800 	mov.w	r8, #0
1000501e:	46be      	mov	lr, r7
10005020:	468c      	mov	ip, r1
10005022:	4606      	mov	r6, r0
10005024:	6808      	ldr	r0, [r1, #0]
10005026:	6849      	ldr	r1, [r1, #4]
10005028:	60ba      	str	r2, [r7, #8]
1000502a:	e8ae 0003 	stmia.w	lr!, {r0, r1}
1000502e:	f8a7 800e 	strh.w	r8, [r7, #14]
10005032:	4615      	mov	r5, r2
10005034:	f8bc 2006 	ldrh.w	r2, [ip, #6]
10005038:	4293      	cmp	r3, r2
1000503a:	bf28      	it	cs
1000503c:	4613      	movcs	r3, r2
1000503e:	81bb      	strh	r3, [r7, #12]
10005040:	b19a      	cbz	r2, 1000506a <tud_control_xfer+0x56>
10005042:	461c      	mov	r4, r3
10005044:	b333      	cbz	r3, 10005094 <tud_control_xfer+0x80>
10005046:	b1dd      	cbz	r5, 10005080 <tud_control_xfer+0x6c>
10005048:	f997 3000 	ldrsb.w	r3, [r7]
1000504c:	2c40      	cmp	r4, #64	@ 0x40
1000504e:	bf28      	it	cs
10005050:	2440      	movcs	r4, #64	@ 0x40
10005052:	2b00      	cmp	r3, #0
10005054:	db29      	blt.n	100050aa <tud_control_xfer+0x96>
10005056:	4641      	mov	r1, r8
10005058:	4623      	mov	r3, r4
1000505a:	4630      	mov	r0, r6
1000505c:	4a18      	ldr	r2, [pc, #96]	@ (100050c0 <tud_control_xfer+0xac>)
1000505e:	f7ff ff87 	bl	10004f70 <usbd_edpt_xfer>
10005062:	b168      	cbz	r0, 10005080 <tud_control_xfer+0x6c>
10005064:	2001      	movs	r0, #1
10005066:	e8bd 81f0 	ldmia.w	sp!, {r4, r5, r6, r7, r8, pc}
1000506a:	f89c 1000 	ldrb.w	r1, [ip]
1000506e:	4613      	mov	r3, r2
10005070:	43c9      	mvns	r1, r1
10005072:	4630      	mov	r0, r6
10005074:	f001 0180 	and.w	r1, r1, #128	@ 0x80
10005078:	f7ff ff7a 	bl	10004f70 <usbd_edpt_xfer>
1000507c:	2800      	cmp	r0, #0
1000507e:	d1f1      	bne.n	10005064 <tud_control_xfer+0x50>
10005080:	f04f 23e0 	mov.w	r3, #3758153728	@ 0xe000e000
10005084:	f8d3 3df0 	ldr.w	r3, [r3, #3568]	@ 0xdf0
10005088:	07db      	lsls	r3, r3, #31
1000508a:	d500      	bpl.n	1000508e <tud_control_xfer+0x7a>
1000508c:	be00      	bkpt	0x0000
1000508e:	2000      	movs	r0, #0
10005090:	e8bd 81f0 	ldmia.w	sp!, {r4, r5, r6, r7, r8, pc}
10005094:	461a      	mov	r2, r3
10005096:	7839      	ldrb	r1, [r7, #0]
10005098:	f001 0180 	and.w	r1, r1, #128	@ 0x80
1000509c:	4623      	mov	r3, r4
1000509e:	4630      	mov	r0, r6
100050a0:	f7ff ff66 	bl	10004f70 <usbd_edpt_xfer>
100050a4:	2800      	cmp	r0, #0
100050a6:	d1dd      	bne.n	10005064 <tud_control_xfer+0x50>
100050a8:	e7ea      	b.n	10005080 <tud_control_xfer+0x6c>
100050aa:	4622      	mov	r2, r4
100050ac:	4629      	mov	r1, r5
100050ae:	4804      	ldr	r0, [pc, #16]	@ (100050c0 <tud_control_xfer+0xac>)
100050b0:	f003 fc64 	bl	1000897c <memcpy>
100050b4:	2180      	movs	r1, #128	@ 0x80
100050b6:	4a02      	ldr	r2, [pc, #8]	@ (100050c0 <tud_control_xfer+0xac>)
100050b8:	e7f0      	b.n	1000509c <tud_control_xfer+0x88>
100050ba:	bf00      	nop
100050bc:	20002084 	.word	0x20002084
100050c0:	20002044 	.word	0x20002044

100050c4 <usbd_control_reset>:
100050c4:	2200      	movs	r2, #0
100050c6:	4b03      	ldr	r3, [pc, #12]	@ (100050d4 <usbd_control_reset+0x10>)
100050c8:	e9c3 2200 	strd	r2, r2, [r3]
100050cc:	e9c3 2202 	strd	r2, r2, [r3, #8]
100050d0:	611a      	str	r2, [r3, #16]
100050d2:	4770      	bx	lr
100050d4:	20002084 	.word	0x20002084

100050d8 <usbd_control_set_complete_callback>:
100050d8:	4b01      	ldr	r3, [pc, #4]	@ (100050e0 <usbd_control_set_complete_callback+0x8>)
100050da:	6118      	str	r0, [r3, #16]
100050dc:	4770      	bx	lr
100050de:	bf00      	nop
100050e0:	20002084 	.word	0x20002084

100050e4 <usbd_control_set_request>:
100050e4:	b430      	push	{r4, r5}
100050e6:	4602      	mov	r2, r0
100050e8:	4c04      	ldr	r4, [pc, #16]	@ (100050fc <usbd_control_set_request+0x18>)
100050ea:	2500      	movs	r5, #0
100050ec:	4623      	mov	r3, r4
100050ee:	6800      	ldr	r0, [r0, #0]
100050f0:	6851      	ldr	r1, [r2, #4]
100050f2:	e9c4 5502 	strd	r5, r5, [r4, #8]
100050f6:	bc30      	pop	{r4, r5}
100050f8:	c303      	stmia	r3!, {r0, r1}
100050fa:	4770      	bx	lr
100050fc:	20002084 	.word	0x20002084

10005100 <usbd_control_xfer_cb>:
10005100:	b570      	push	{r4, r5, r6, lr}
10005102:	4c3d      	ldr	r4, [pc, #244]	@ (100051f8 <usbd_control_xfer_cb+0xf8>)
10005104:	09c9      	lsrs	r1, r1, #7
10005106:	7822      	ldrb	r2, [r4, #0]
10005108:	4606      	mov	r6, r0
1000510a:	ebb1 1fd2 	cmp.w	r1, r2, lsr #7
1000510e:	461d      	mov	r5, r3
10005110:	b082      	sub	sp, #8
10005112:	d017      	beq.n	10005144 <usbd_control_xfer_cb+0x44>
10005114:	b153      	cbz	r3, 1000512c <usbd_control_xfer_cb+0x2c>
10005116:	f04f 23e0 	mov.w	r3, #3758153728	@ 0xe000e000
1000511a:	f8d3 3df0 	ldr.w	r3, [r3, #3568]	@ 0xdf0
1000511e:	07db      	lsls	r3, r3, #31
10005120:	d402      	bmi.n	10005128 <usbd_control_xfer_cb+0x28>
10005122:	2000      	movs	r0, #0
10005124:	b002      	add	sp, #8
10005126:	bd70      	pop	{r4, r5, r6, pc}
10005128:	be00      	bkpt	0x0000
1000512a:	e7fa      	b.n	10005122 <usbd_control_xfer_cb+0x22>
1000512c:	4621      	mov	r1, r4
1000512e:	f7ff f8d9 	bl	100042e4 <dcd_edpt0_status_complete>
10005132:	6923      	ldr	r3, [r4, #16]
10005134:	b11b      	cbz	r3, 1000513e <usbd_control_xfer_cb+0x3e>
10005136:	4622      	mov	r2, r4
10005138:	2103      	movs	r1, #3
1000513a:	4630      	mov	r0, r6
1000513c:	4798      	blx	r3
1000513e:	2001      	movs	r0, #1
10005140:	b002      	add	sp, #8
10005142:	bd70      	pop	{r4, r5, r6, pc}
10005144:	f994 3000 	ldrsb.w	r3, [r4]
10005148:	2b00      	cmp	r3, #0
1000514a:	db06      	blt.n	1000515a <usbd_control_xfer_cb+0x5a>
1000514c:	68a0      	ldr	r0, [r4, #8]
1000514e:	2800      	cmp	r0, #0
10005150:	d0e7      	beq.n	10005122 <usbd_control_xfer_cb+0x22>
10005152:	462a      	mov	r2, r5
10005154:	4929      	ldr	r1, [pc, #164]	@ (100051fc <usbd_control_xfer_cb+0xfc>)
10005156:	f003 fc11 	bl	1000897c <memcpy>
1000515a:	89e0      	ldrh	r0, [r4, #14]
1000515c:	68a1      	ldr	r1, [r4, #8]
1000515e:	88e3      	ldrh	r3, [r4, #6]
10005160:	4428      	add	r0, r5
10005162:	b280      	uxth	r0, r0
10005164:	4429      	add	r1, r5
10005166:	4283      	cmp	r3, r0
10005168:	81e0      	strh	r0, [r4, #14]
1000516a:	60a1      	str	r1, [r4, #8]
1000516c:	d016      	beq.n	1000519c <usbd_control_xfer_cb+0x9c>
1000516e:	2d3f      	cmp	r5, #63	@ 0x3f
10005170:	d914      	bls.n	1000519c <usbd_control_xfer_cb+0x9c>
10005172:	89a2      	ldrh	r2, [r4, #12]
10005174:	f994 4000 	ldrsb.w	r4, [r4]
10005178:	1a13      	subs	r3, r2, r0
1000517a:	b29b      	uxth	r3, r3
1000517c:	2b40      	cmp	r3, #64	@ 0x40
1000517e:	bf28      	it	cs
10005180:	2340      	movcs	r3, #64	@ 0x40
10005182:	2c00      	cmp	r4, #0
10005184:	db27      	blt.n	100051d6 <usbd_control_xfer_cb+0xd6>
10005186:	4290      	cmp	r0, r2
10005188:	f04f 0100 	mov.w	r1, #0
1000518c:	d031      	beq.n	100051f2 <usbd_control_xfer_cb+0xf2>
1000518e:	4a1b      	ldr	r2, [pc, #108]	@ (100051fc <usbd_control_xfer_cb+0xfc>)
10005190:	4630      	mov	r0, r6
10005192:	f7ff feed 	bl	10004f70 <usbd_edpt_xfer>
10005196:	2800      	cmp	r0, #0
10005198:	d1d1      	bne.n	1000513e <usbd_control_xfer_cb+0x3e>
1000519a:	e7bc      	b.n	10005116 <usbd_control_xfer_cb+0x16>
1000519c:	6923      	ldr	r3, [r4, #16]
1000519e:	b123      	cbz	r3, 100051aa <usbd_control_xfer_cb+0xaa>
100051a0:	2102      	movs	r1, #2
100051a2:	4630      	mov	r0, r6
100051a4:	4a14      	ldr	r2, [pc, #80]	@ (100051f8 <usbd_control_xfer_cb+0xf8>)
100051a6:	4798      	blx	r3
100051a8:	b160      	cbz	r0, 100051c4 <usbd_control_xfer_cb+0xc4>
100051aa:	7821      	ldrb	r1, [r4, #0]
100051ac:	2300      	movs	r3, #0
100051ae:	43c9      	mvns	r1, r1
100051b0:	4630      	mov	r0, r6
100051b2:	461a      	mov	r2, r3
100051b4:	f001 0180 	and.w	r1, r1, #128	@ 0x80
100051b8:	f7ff feda 	bl	10004f70 <usbd_edpt_xfer>
100051bc:	2800      	cmp	r0, #0
100051be:	d0aa      	beq.n	10005116 <usbd_control_xfer_cb+0x16>
100051c0:	2001      	movs	r0, #1
100051c2:	e7bd      	b.n	10005140 <usbd_control_xfer_cb+0x40>
100051c4:	4601      	mov	r1, r0
100051c6:	4630      	mov	r0, r6
100051c8:	f7ff f932 	bl	10004430 <dcd_edpt_stall>
100051cc:	2180      	movs	r1, #128	@ 0x80
100051ce:	4630      	mov	r0, r6
100051d0:	f7ff f92e 	bl	10004430 <dcd_edpt_stall>
100051d4:	e7b3      	b.n	1000513e <usbd_control_xfer_cb+0x3e>
100051d6:	4290      	cmp	r0, r2
100051d8:	d008      	beq.n	100051ec <usbd_control_xfer_cb+0xec>
100051da:	461a      	mov	r2, r3
100051dc:	4807      	ldr	r0, [pc, #28]	@ (100051fc <usbd_control_xfer_cb+0xfc>)
100051de:	9301      	str	r3, [sp, #4]
100051e0:	f003 fbcc 	bl	1000897c <memcpy>
100051e4:	2180      	movs	r1, #128	@ 0x80
100051e6:	4a05      	ldr	r2, [pc, #20]	@ (100051fc <usbd_control_xfer_cb+0xfc>)
100051e8:	9b01      	ldr	r3, [sp, #4]
100051ea:	e7d1      	b.n	10005190 <usbd_control_xfer_cb+0x90>
100051ec:	2180      	movs	r1, #128	@ 0x80
100051ee:	2200      	movs	r2, #0
100051f0:	e7ce      	b.n	10005190 <usbd_control_xfer_cb+0x90>
100051f2:	460a      	mov	r2, r1
100051f4:	e7cc      	b.n	10005190 <usbd_control_xfer_cb+0x90>
100051f6:	bf00      	nop
100051f8:	20002084 	.word	0x20002084
100051fc:	20002044 	.word	0x20002044

10005200 <_prep_out_transaction.isra.0>:
10005200:	e92d 41f0 	stmdb	sp!, {r4, r5, r6, r7, r8, lr}
10005204:	4604      	mov	r4, r0
10005206:	f7ff f9d3 	bl	100045b0 <tud_mounted>
1000520a:	b908      	cbnz	r0, 10005210 <_prep_out_transaction.isra.0+0x10>
1000520c:	e8bd 81f0 	ldmia.w	sp!, {r4, r5, r6, r7, r8, pc}
10005210:	f7ff f9d6 	bl	100045c0 <tud_suspended>
10005214:	4605      	mov	r5, r0
10005216:	2800      	cmp	r0, #0
10005218:	d1f8      	bne.n	1000520c <_prep_out_transaction.isra.0+0xc>
1000521a:	23c8      	movs	r3, #200	@ 0xc8
1000521c:	fb04 f303 	mul.w	r3, r4, r3
10005220:	4e12      	ldr	r6, [pc, #72]	@ (1000526c <_prep_out_transaction.isra.0+0x6c>)
10005222:	18f7      	adds	r7, r6, r3
10005224:	78f9      	ldrb	r1, [r7, #3]
10005226:	2900      	cmp	r1, #0
10005228:	d0f0      	beq.n	1000520c <_prep_out_transaction.isra.0+0xc>
1000522a:	3310      	adds	r3, #16
1000522c:	441e      	add	r6, r3
1000522e:	4630      	mov	r0, r6
10005230:	f000 fdd2 	bl	10005dd8 <tu_fifo_remaining>
10005234:	283f      	cmp	r0, #63	@ 0x3f
10005236:	d9e9      	bls.n	1000520c <_prep_out_transaction.isra.0+0xc>
10005238:	4628      	mov	r0, r5
1000523a:	78f9      	ldrb	r1, [r7, #3]
1000523c:	f7ff fe74 	bl	10004f28 <usbd_edpt_claim>
10005240:	2800      	cmp	r0, #0
10005242:	d0e3      	beq.n	1000520c <_prep_out_transaction.isra.0+0xc>
10005244:	4630      	mov	r0, r6
10005246:	f000 fdc7 	bl	10005dd8 <tu_fifo_remaining>
1000524a:	283f      	cmp	r0, #63	@ 0x3f
1000524c:	78f9      	ldrb	r1, [r7, #3]
1000524e:	d908      	bls.n	10005262 <_prep_out_transaction.isra.0+0x62>
10005250:	4a07      	ldr	r2, [pc, #28]	@ (10005270 <_prep_out_transaction.isra.0+0x70>)
10005252:	4628      	mov	r0, r5
10005254:	eb02 12c4 	add.w	r2, r2, r4, lsl #7
10005258:	2340      	movs	r3, #64	@ 0x40
1000525a:	e8bd 41f0 	ldmia.w	sp!, {r4, r5, r6, r7, r8, lr}
1000525e:	f7ff be87 	b.w	10004f70 <usbd_edpt_xfer>
10005262:	4628      	mov	r0, r5
10005264:	e8bd 41f0 	ldmia.w	sp!, {r4, r5, r6, r7, r8, lr}
10005268:	f7ff be70 	b.w	10004f4c <usbd_edpt_release>
1000526c:	20001f7c 	.word	0x20001f7c
10005270:	20001ef8 	.word	0x20001ef8

10005274 <tud_cdc_n_connected>:
10005274:	b510      	push	{r4, lr}
10005276:	4604      	mov	r4, r0
10005278:	f7ff f99a 	bl	100045b0 <tud_mounted>
1000527c:	b908      	cbnz	r0, 10005282 <tud_cdc_n_connected+0xe>
1000527e:	2000      	movs	r0, #0
10005280:	bd10      	pop	{r4, pc}
10005282:	f7ff f99d 	bl	100045c0 <tud_suspended>
10005286:	2800      	cmp	r0, #0
10005288:	d1f9      	bne.n	1000527e <tud_cdc_n_connected+0xa>
1000528a:	22c8      	movs	r2, #200	@ 0xc8
1000528c:	4b03      	ldr	r3, [pc, #12]	@ (1000529c <tud_cdc_n_connected+0x28>)
1000528e:	fb02 3304 	mla	r3, r2, r4, r3
10005292:	7918      	ldrb	r0, [r3, #4]
10005294:	f000 0001 	and.w	r0, r0, #1
10005298:	bd10      	pop	{r4, pc}
1000529a:	bf00      	nop
1000529c:	20001f7c 	.word	0x20001f7c

100052a0 <tud_cdc_n_available>:
100052a0:	22c8      	movs	r2, #200	@ 0xc8
100052a2:	b508      	push	{r3, lr}
100052a4:	4b02      	ldr	r3, [pc, #8]	@ (100052b0 <tud_cdc_n_available+0x10>)
100052a6:	fb02 3000 	mla	r0, r2, r0, r3
100052aa:	f000 fd7b 	bl	10005da4 <tu_fifo_count>
100052ae:	bd08      	pop	{r3, pc}
100052b0:	20001f8c 	.word	0x20001f8c

100052b4 <tud_cdc_n_read>:
100052b4:	e92d 43f8 	stmdb	sp!, {r3, r4, r5, r6, r7, r8, r9, lr}
100052b8:	f64f 73ff 	movw	r3, #65535	@ 0xffff
100052bc:	24c8      	movs	r4, #200	@ 0xc8
100052be:	429a      	cmp	r2, r3
100052c0:	bf28      	it	cs
100052c2:	461a      	movcs	r2, r3
100052c4:	fb00 f404 	mul.w	r4, r0, r4
100052c8:	f8df 8074 	ldr.w	r8, [pc, #116]	@ 10005340 <tud_cdc_n_read+0x8c>
100052cc:	f104 0510 	add.w	r5, r4, #16
100052d0:	4445      	add	r5, r8
100052d2:	4606      	mov	r6, r0
100052d4:	b292      	uxth	r2, r2
100052d6:	4628      	mov	r0, r5
100052d8:	f000 fdda 	bl	10005e90 <tu_fifo_read_n>
100052dc:	4607      	mov	r7, r0
100052de:	f7ff f967 	bl	100045b0 <tud_mounted>
100052e2:	b910      	cbnz	r0, 100052ea <tud_cdc_n_read+0x36>
100052e4:	4638      	mov	r0, r7
100052e6:	e8bd 83f8 	ldmia.w	sp!, {r3, r4, r5, r6, r7, r8, r9, pc}
100052ea:	f7ff f969 	bl	100045c0 <tud_suspended>
100052ee:	4681      	mov	r9, r0
100052f0:	2800      	cmp	r0, #0
100052f2:	d1f7      	bne.n	100052e4 <tud_cdc_n_read+0x30>
100052f4:	44a0      	add	r8, r4
100052f6:	f898 3003 	ldrb.w	r3, [r8, #3]
100052fa:	2b00      	cmp	r3, #0
100052fc:	d0f2      	beq.n	100052e4 <tud_cdc_n_read+0x30>
100052fe:	4628      	mov	r0, r5
10005300:	f000 fd6a 	bl	10005dd8 <tu_fifo_remaining>
10005304:	283f      	cmp	r0, #63	@ 0x3f
10005306:	d9ed      	bls.n	100052e4 <tud_cdc_n_read+0x30>
10005308:	4648      	mov	r0, r9
1000530a:	f898 1003 	ldrb.w	r1, [r8, #3]
1000530e:	f7ff fe0b 	bl	10004f28 <usbd_edpt_claim>
10005312:	2800      	cmp	r0, #0
10005314:	d0e6      	beq.n	100052e4 <tud_cdc_n_read+0x30>
10005316:	4628      	mov	r0, r5
10005318:	f000 fd5e 	bl	10005dd8 <tu_fifo_remaining>
1000531c:	283f      	cmp	r0, #63	@ 0x3f
1000531e:	f898 1003 	ldrb.w	r1, [r8, #3]
10005322:	d907      	bls.n	10005334 <tud_cdc_n_read+0x80>
10005324:	4a05      	ldr	r2, [pc, #20]	@ (1000533c <tud_cdc_n_read+0x88>)
10005326:	4648      	mov	r0, r9
10005328:	2340      	movs	r3, #64	@ 0x40
1000532a:	eb02 12c6 	add.w	r2, r2, r6, lsl #7
1000532e:	f7ff fe1f 	bl	10004f70 <usbd_edpt_xfer>
10005332:	e7d7      	b.n	100052e4 <tud_cdc_n_read+0x30>
10005334:	4648      	mov	r0, r9
10005336:	f7ff fe09 	bl	10004f4c <usbd_edpt_release>
1000533a:	e7d3      	b.n	100052e4 <tud_cdc_n_read+0x30>
1000533c:	20001ef8 	.word	0x20001ef8
10005340:	20001f7c 	.word	0x20001f7c

10005344 <tud_cdc_n_write_flush>:
10005344:	e92d 41f0 	stmdb	sp!, {r4, r5, r6, r7, r8, lr}
10005348:	4604      	mov	r4, r0
1000534a:	f7ff f931 	bl	100045b0 <tud_mounted>
1000534e:	b910      	cbnz	r0, 10005356 <tud_cdc_n_write_flush+0x12>
10005350:	2000      	movs	r0, #0
10005352:	e8bd 81f0 	ldmia.w	sp!, {r4, r5, r6, r7, r8, pc}
10005356:	f7ff f933 	bl	100045c0 <tud_suspended>
1000535a:	4605      	mov	r5, r0
1000535c:	2800      	cmp	r0, #0
1000535e:	d1f7      	bne.n	10005350 <tud_cdc_n_write_flush+0xc>
10005360:	26c8      	movs	r6, #200	@ 0xc8
10005362:	fb04 f606 	mul.w	r6, r4, r6
10005366:	f8df 8064 	ldr.w	r8, [pc, #100]	@ 100053cc <tud_cdc_n_write_flush+0x88>
1000536a:	f106 0724 	add.w	r7, r6, #36	@ 0x24
1000536e:	4447      	add	r7, r8
10005370:	4638      	mov	r0, r7
10005372:	f000 fd17 	bl	10005da4 <tu_fifo_count>
10005376:	2800      	cmp	r0, #0
10005378:	d0ea      	beq.n	10005350 <tud_cdc_n_write_flush+0xc>
1000537a:	44b0      	add	r8, r6
1000537c:	4628      	mov	r0, r5
1000537e:	f898 1002 	ldrb.w	r1, [r8, #2]
10005382:	f7ff fdd1 	bl	10004f28 <usbd_edpt_claim>
10005386:	2800      	cmp	r0, #0
10005388:	d0e2      	beq.n	10005350 <tud_cdc_n_write_flush+0xc>
1000538a:	4e0f      	ldr	r6, [pc, #60]	@ (100053c8 <tud_cdc_n_write_flush+0x84>)
1000538c:	4638      	mov	r0, r7
1000538e:	eb06 16c4 	add.w	r6, r6, r4, lsl #7
10005392:	4631      	mov	r1, r6
10005394:	2240      	movs	r2, #64	@ 0x40
10005396:	f000 fd7b 	bl	10005e90 <tu_fifo_read_n>
1000539a:	f898 1002 	ldrb.w	r1, [r8, #2]
1000539e:	4604      	mov	r4, r0
100053a0:	b168      	cbz	r0, 100053be <tud_cdc_n_write_flush+0x7a>
100053a2:	4603      	mov	r3, r0
100053a4:	4632      	mov	r2, r6
100053a6:	4628      	mov	r0, r5
100053a8:	f7ff fde2 	bl	10004f70 <usbd_edpt_xfer>
100053ac:	b950      	cbnz	r0, 100053c4 <tud_cdc_n_write_flush+0x80>
100053ae:	f04f 23e0 	mov.w	r3, #3758153728	@ 0xe000e000
100053b2:	f8d3 3df0 	ldr.w	r3, [r3, #3568]	@ 0xdf0
100053b6:	07db      	lsls	r3, r3, #31
100053b8:	d5ca      	bpl.n	10005350 <tud_cdc_n_write_flush+0xc>
100053ba:	be00      	bkpt	0x0000
100053bc:	e7c8      	b.n	10005350 <tud_cdc_n_write_flush+0xc>
100053be:	f7ff fdc5 	bl	10004f4c <usbd_edpt_release>
100053c2:	e7c5      	b.n	10005350 <tud_cdc_n_write_flush+0xc>
100053c4:	4620      	mov	r0, r4
100053c6:	e7c4      	b.n	10005352 <tud_cdc_n_write_flush+0xe>
100053c8:	20001f38 	.word	0x20001f38
100053cc:	20001f7c 	.word	0x20001f7c

100053d0 <tud_cdc_n_write>:
100053d0:	b538      	push	{r3, r4, r5, lr}
100053d2:	f64f 75ff 	movw	r5, #65535	@ 0xffff
100053d6:	23c8      	movs	r3, #200	@ 0xc8
100053d8:	42aa      	cmp	r2, r5
100053da:	bf28      	it	cs
100053dc:	462a      	movcs	r2, r5
100053de:	4c0b      	ldr	r4, [pc, #44]	@ (1000540c <tud_cdc_n_write+0x3c>)
100053e0:	b292      	uxth	r2, r2
100053e2:	fb03 4400 	mla	r4, r3, r0, r4
100053e6:	4605      	mov	r5, r0
100053e8:	4620      	mov	r0, r4
100053ea:	f000 fe0f 	bl	1000600c <tu_fifo_write_n>
100053ee:	4603      	mov	r3, r0
100053f0:	4620      	mov	r0, r4
100053f2:	461c      	mov	r4, r3
100053f4:	f000 fcd6 	bl	10005da4 <tu_fifo_count>
100053f8:	283f      	cmp	r0, #63	@ 0x3f
100053fa:	d801      	bhi.n	10005400 <tud_cdc_n_write+0x30>
100053fc:	4620      	mov	r0, r4
100053fe:	bd38      	pop	{r3, r4, r5, pc}
10005400:	4628      	mov	r0, r5
10005402:	f7ff ff9f 	bl	10005344 <tud_cdc_n_write_flush>
10005406:	4620      	mov	r0, r4
10005408:	bd38      	pop	{r3, r4, r5, pc}
1000540a:	bf00      	nop
1000540c:	20001fa0 	.word	0x20001fa0

10005410 <tud_cdc_n_write_available>:
10005410:	22c8      	movs	r2, #200	@ 0xc8
10005412:	b508      	push	{r3, lr}
10005414:	4b02      	ldr	r3, [pc, #8]	@ (10005420 <tud_cdc_n_write_available+0x10>)
10005416:	fb02 3000 	mla	r0, r2, r0, r3
1000541a:	f000 fcdd 	bl	10005dd8 <tu_fifo_remaining>
1000541e:	bd08      	pop	{r3, pc}
10005420:	20001fa0 	.word	0x20001fa0

10005424 <cdcd_init>:
10005424:	b5f0      	push	{r4, r5, r6, r7, lr}
10005426:	2400      	movs	r4, #0
10005428:	b083      	sub	sp, #12
1000542a:	22c8      	movs	r2, #200	@ 0xc8
1000542c:	2100      	movs	r1, #0
1000542e:	4817      	ldr	r0, [pc, #92]	@ (1000548c <cdcd_init+0x68>)
10005430:	f003 f9c0 	bl	100087b4 <memset>
10005434:	23ff      	movs	r3, #255	@ 0xff
10005436:	f44f 31e1 	mov.w	r1, #115200	@ 0x1c200
1000543a:	2208      	movs	r2, #8
1000543c:	4814      	ldr	r0, [pc, #80]	@ (10005490 <cdcd_init+0x6c>)
1000543e:	7004      	strb	r4, [r0, #0]
10005440:	4812      	ldr	r0, [pc, #72]	@ (1000548c <cdcd_init+0x68>)
10005442:	9400      	str	r4, [sp, #0]
10005444:	4607      	mov	r7, r0
10005446:	7143      	strb	r3, [r0, #5]
10005448:	6081      	str	r1, [r0, #8]
1000544a:	7382      	strb	r2, [r0, #14]
1000544c:	f100 0138 	add.w	r1, r0, #56	@ 0x38
10005450:	2301      	movs	r3, #1
10005452:	2240      	movs	r2, #64	@ 0x40
10005454:	3010      	adds	r0, #16
10005456:	f000 fc75 	bl	10005d44 <tu_fifo_config>
1000545a:	2301      	movs	r3, #1
1000545c:	2240      	movs	r2, #64	@ 0x40
1000545e:	f107 0178 	add.w	r1, r7, #120	@ 0x78
10005462:	9300      	str	r3, [sp, #0]
10005464:	f107 06b8 	add.w	r6, r7, #184	@ 0xb8
10005468:	f107 0024 	add.w	r0, r7, #36	@ 0x24
1000546c:	f000 fc6a 	bl	10005d44 <tu_fifo_config>
10005470:	f107 05c0 	add.w	r5, r7, #192	@ 0xc0
10005474:	4630      	mov	r0, r6
10005476:	f7fb fd3b 	bl	10000ef0 <mutex_init>
1000547a:	4628      	mov	r0, r5
1000547c:	f7fb fd38 	bl	10000ef0 <mutex_init>
10005480:	e9c7 4607 	strd	r4, r6, [r7, #28]
10005484:	e9c7 540c 	strd	r5, r4, [r7, #48]	@ 0x30
10005488:	b003      	add	sp, #12
1000548a:	bdf0      	pop	{r4, r5, r6, r7, pc}
1000548c:	20001f7c 	.word	0x20001f7c
10005490:	20001f78 	.word	0x20001f78

10005494 <cdcd_deinit>:
10005494:	4a0a      	ldr	r2, [pc, #40]	@ (100054c0 <cdcd_deinit+0x2c>)
10005496:	6b11      	ldr	r1, [r2, #48]	@ 0x30
10005498:	6a13      	ldr	r3, [r2, #32]
1000549a:	b161      	cbz	r1, 100054b6 <cdcd_deinit+0x22>
1000549c:	b13b      	cbz	r3, 100054ae <cdcd_deinit+0x1a>
1000549e:	2300      	movs	r3, #0
100054a0:	e9c2 330c 	strd	r3, r3, [r2, #48]	@ 0x30
100054a4:	61d3      	str	r3, [r2, #28]
100054a6:	2300      	movs	r3, #0
100054a8:	6213      	str	r3, [r2, #32]
100054aa:	2001      	movs	r0, #1
100054ac:	4770      	bx	lr
100054ae:	2001      	movs	r0, #1
100054b0:	e9c2 330c 	strd	r3, r3, [r2, #48]	@ 0x30
100054b4:	4770      	bx	lr
100054b6:	2b00      	cmp	r3, #0
100054b8:	d0f7      	beq.n	100054aa <cdcd_deinit+0x16>
100054ba:	61d1      	str	r1, [r2, #28]
100054bc:	e7f3      	b.n	100054a6 <cdcd_deinit+0x12>
100054be:	bf00      	nop
100054c0:	20001f7c 	.word	0x20001f7c

100054c4 <cdcd_reset>:
100054c4:	2200      	movs	r2, #0
100054c6:	b510      	push	{r4, lr}
100054c8:	4c0e      	ldr	r4, [pc, #56]	@ (10005504 <cdcd_reset+0x40>)
100054ca:	480f      	ldr	r0, [pc, #60]	@ (10005508 <cdcd_reset+0x44>)
100054cc:	7823      	ldrb	r3, [r4, #0]
100054ce:	6002      	str	r2, [r0, #0]
100054d0:	7102      	strb	r2, [r0, #4]
100054d2:	07da      	lsls	r2, r3, #31
100054d4:	d507      	bpl.n	100054e6 <cdcd_reset+0x22>
100054d6:	079b      	lsls	r3, r3, #30
100054d8:	d50b      	bpl.n	100054f2 <cdcd_reset+0x2e>
100054da:	e8bd 4010 	ldmia.w	sp!, {r4, lr}
100054de:	2101      	movs	r1, #1
100054e0:	480a      	ldr	r0, [pc, #40]	@ (1000550c <cdcd_reset+0x48>)
100054e2:	f000 be5d 	b.w	100061a0 <tu_fifo_set_overwritable>
100054e6:	3010      	adds	r0, #16
100054e8:	f000 fe3e 	bl	10006168 <tu_fifo_clear>
100054ec:	7823      	ldrb	r3, [r4, #0]
100054ee:	079b      	lsls	r3, r3, #30
100054f0:	d4f3      	bmi.n	100054da <cdcd_reset+0x16>
100054f2:	4806      	ldr	r0, [pc, #24]	@ (1000550c <cdcd_reset+0x48>)
100054f4:	f000 fe38 	bl	10006168 <tu_fifo_clear>
100054f8:	e8bd 4010 	ldmia.w	sp!, {r4, lr}
100054fc:	2101      	movs	r1, #1
100054fe:	4803      	ldr	r0, [pc, #12]	@ (1000550c <cdcd_reset+0x48>)
10005500:	f000 be4e 	b.w	100061a0 <tu_fifo_set_overwritable>
10005504:	20001f78 	.word	0x20001f78
10005508:	20001f7c 	.word	0x20001f7c
1000550c:	20001fa0 	.word	0x20001fa0

10005510 <cdcd_open>:
10005510:	b5f0      	push	{r4, r5, r6, r7, lr}
10005512:	794b      	ldrb	r3, [r1, #5]
10005514:	b083      	sub	sp, #12
10005516:	2b02      	cmp	r3, #2
10005518:	d102      	bne.n	10005520 <cdcd_open+0x10>
1000551a:	798b      	ldrb	r3, [r1, #6]
1000551c:	2b02      	cmp	r3, #2
1000551e:	d003      	beq.n	10005528 <cdcd_open+0x18>
10005520:	2500      	movs	r5, #0
10005522:	4628      	mov	r0, r5
10005524:	b003      	add	sp, #12
10005526:	bdf0      	pop	{r4, r5, r6, r7, pc}
10005528:	4f27      	ldr	r7, [pc, #156]	@ (100055c8 <cdcd_open+0xb8>)
1000552a:	78bb      	ldrb	r3, [r7, #2]
1000552c:	b13b      	cbz	r3, 1000553e <cdcd_open+0x2e>
1000552e:	f04f 23e0 	mov.w	r3, #3758153728	@ 0xe000e000
10005532:	f8d3 3df0 	ldr.w	r3, [r3, #3568]	@ 0xdf0
10005536:	07db      	lsls	r3, r3, #31
10005538:	d5f2      	bpl.n	10005520 <cdcd_open+0x10>
1000553a:	be00      	bkpt	0x0000
1000553c:	e7f0      	b.n	10005520 <cdcd_open+0x10>
1000553e:	788b      	ldrb	r3, [r1, #2]
10005540:	4606      	mov	r6, r0
10005542:	703b      	strb	r3, [r7, #0]
10005544:	780b      	ldrb	r3, [r1, #0]
10005546:	18cc      	adds	r4, r1, r3
10005548:	7861      	ldrb	r1, [r4, #1]
1000554a:	2924      	cmp	r1, #36	@ 0x24
1000554c:	bf08      	it	eq
1000554e:	2509      	moveq	r5, #9
10005550:	d007      	beq.n	10005562 <cdcd_open+0x52>
10005552:	e036      	b.n	100055c2 <cdcd_open+0xb2>
10005554:	7823      	ldrb	r3, [r4, #0]
10005556:	441c      	add	r4, r3
10005558:	7861      	ldrb	r1, [r4, #1]
1000555a:	442b      	add	r3, r5
1000555c:	2924      	cmp	r1, #36	@ 0x24
1000555e:	b29d      	uxth	r5, r3
10005560:	d107      	bne.n	10005572 <cdcd_open+0x62>
10005562:	42aa      	cmp	r2, r5
10005564:	d2f6      	bcs.n	10005554 <cdcd_open+0x44>
10005566:	2000      	movs	r0, #0
10005568:	f7ff fe4a 	bl	10005200 <_prep_out_transaction.isra.0>
1000556c:	4628      	mov	r0, r5
1000556e:	b003      	add	sp, #12
10005570:	bdf0      	pop	{r4, r5, r6, r7, pc}
10005572:	460b      	mov	r3, r1
10005574:	2905      	cmp	r1, #5
10005576:	d016      	beq.n	100055a6 <cdcd_open+0x96>
10005578:	2b04      	cmp	r3, #4
1000557a:	d1f4      	bne.n	10005566 <cdcd_open+0x56>
1000557c:	7963      	ldrb	r3, [r4, #5]
1000557e:	2b0a      	cmp	r3, #10
10005580:	d1f1      	bne.n	10005566 <cdcd_open+0x56>
10005582:	4b12      	ldr	r3, [pc, #72]	@ (100055cc <cdcd_open+0xbc>)
10005584:	7827      	ldrb	r7, [r4, #0]
10005586:	9301      	str	r3, [sp, #4]
10005588:	3301      	adds	r3, #1
1000558a:	9300      	str	r3, [sp, #0]
1000558c:	2302      	movs	r3, #2
1000558e:	4630      	mov	r0, r6
10005590:	461a      	mov	r2, r3
10005592:	19e1      	adds	r1, r4, r7
10005594:	f7ff fc58 	bl	10004e48 <usbd_open_edpt_pair>
10005598:	2800      	cmp	r0, #0
1000559a:	d0c8      	beq.n	1000552e <cdcd_open+0x1e>
1000559c:	350e      	adds	r5, #14
1000559e:	fa17 f585 	uxtah	r5, r7, r5
100055a2:	b2ad      	uxth	r5, r5
100055a4:	e7df      	b.n	10005566 <cdcd_open+0x56>
100055a6:	4621      	mov	r1, r4
100055a8:	4630      	mov	r0, r6
100055aa:	f7ff fc9b 	bl	10004ee4 <usbd_edpt_open>
100055ae:	2800      	cmp	r0, #0
100055b0:	d0bd      	beq.n	1000552e <cdcd_open+0x1e>
100055b2:	78a3      	ldrb	r3, [r4, #2]
100055b4:	707b      	strb	r3, [r7, #1]
100055b6:	7823      	ldrb	r3, [r4, #0]
100055b8:	195a      	adds	r2, r3, r5
100055ba:	441c      	add	r4, r3
100055bc:	7863      	ldrb	r3, [r4, #1]
100055be:	b295      	uxth	r5, r2
100055c0:	e7da      	b.n	10005578 <cdcd_open+0x68>
100055c2:	460b      	mov	r3, r1
100055c4:	2509      	movs	r5, #9
100055c6:	e7d5      	b.n	10005574 <cdcd_open+0x64>
100055c8:	20001f7c 	.word	0x20001f7c
100055cc:	20001f7e 	.word	0x20001f7e

100055d0 <cdcd_control_xfer_cb>:
100055d0:	7813      	ldrb	r3, [r2, #0]
100055d2:	f003 0360 	and.w	r3, r3, #96	@ 0x60
100055d6:	2b20      	cmp	r3, #32
100055d8:	d108      	bne.n	100055ec <cdcd_control_xfer_cb+0x1c>
100055da:	b570      	push	{r4, r5, r6, lr}
100055dc:	4c26      	ldr	r4, [pc, #152]	@ (10005678 <cdcd_control_xfer_cb+0xa8>)
100055de:	8893      	ldrh	r3, [r2, #4]
100055e0:	f894 c000 	ldrb.w	ip, [r4]
100055e4:	459c      	cmp	ip, r3
100055e6:	d003      	beq.n	100055f0 <cdcd_control_xfer_cb+0x20>
100055e8:	2000      	movs	r0, #0
100055ea:	bd70      	pop	{r4, r5, r6, pc}
100055ec:	2000      	movs	r0, #0
100055ee:	4770      	bx	lr
100055f0:	7853      	ldrb	r3, [r2, #1]
100055f2:	3b20      	subs	r3, #32
100055f4:	2b03      	cmp	r3, #3
100055f6:	d8f7      	bhi.n	100055e8 <cdcd_control_xfer_cb+0x18>
100055f8:	e8df f003 	tbb	[pc, r3]
100055fc:	020d2327 	.word	0x020d2327
10005600:	2901      	cmp	r1, #1
10005602:	d02e      	beq.n	10005662 <cdcd_control_xfer_cb+0x92>
10005604:	2903      	cmp	r1, #3
10005606:	d11e      	bne.n	10005646 <cdcd_control_xfer_cb+0x76>
10005608:	4b1c      	ldr	r3, [pc, #112]	@ (1000567c <cdcd_control_xfer_cb+0xac>)
1000560a:	b1e3      	cbz	r3, 10005646 <cdcd_control_xfer_cb+0x76>
1000560c:	2000      	movs	r0, #0
1000560e:	8851      	ldrh	r1, [r2, #2]
10005610:	f3af 8000 	nop.w
10005614:	e017      	b.n	10005646 <cdcd_control_xfer_cb+0x76>
10005616:	2901      	cmp	r1, #1
10005618:	d023      	beq.n	10005662 <cdcd_control_xfer_cb+0x92>
1000561a:	2903      	cmp	r1, #3
1000561c:	d113      	bne.n	10005646 <cdcd_control_xfer_cb+0x76>
1000561e:	8855      	ldrh	r5, [r2, #2]
10005620:	4817      	ldr	r0, [pc, #92]	@ (10005680 <cdcd_control_xfer_cb+0xb0>)
10005622:	f005 0601 	and.w	r6, r5, #1
10005626:	f086 0101 	eor.w	r1, r6, #1
1000562a:	7125      	strb	r5, [r4, #4]
1000562c:	f000 fdb8 	bl	100061a0 <tu_fifo_set_overwritable>
10005630:	4b14      	ldr	r3, [pc, #80]	@ (10005684 <cdcd_control_xfer_cb+0xb4>)
10005632:	b143      	cbz	r3, 10005646 <cdcd_control_xfer_cb+0x76>
10005634:	4631      	mov	r1, r6
10005636:	2000      	movs	r0, #0
10005638:	f3c5 0240 	ubfx	r2, r5, #1, #1
1000563c:	f3af 8000 	nop.w
10005640:	e001      	b.n	10005646 <cdcd_control_xfer_cb+0x76>
10005642:	2901      	cmp	r1, #1
10005644:	d011      	beq.n	1000566a <cdcd_control_xfer_cb+0x9a>
10005646:	2001      	movs	r0, #1
10005648:	bd70      	pop	{r4, r5, r6, pc}
1000564a:	2901      	cmp	r1, #1
1000564c:	d00d      	beq.n	1000566a <cdcd_control_xfer_cb+0x9a>
1000564e:	2903      	cmp	r1, #3
10005650:	d1f9      	bne.n	10005646 <cdcd_control_xfer_cb+0x76>
10005652:	4b0d      	ldr	r3, [pc, #52]	@ (10005688 <cdcd_control_xfer_cb+0xb8>)
10005654:	2b00      	cmp	r3, #0
10005656:	d0f6      	beq.n	10005646 <cdcd_control_xfer_cb+0x76>
10005658:	2000      	movs	r0, #0
1000565a:	490c      	ldr	r1, [pc, #48]	@ (1000568c <cdcd_control_xfer_cb+0xbc>)
1000565c:	f7fe faac 	bl	10003bb8 <tud_cdc_line_coding_cb>
10005660:	e7f1      	b.n	10005646 <cdcd_control_xfer_cb+0x76>
10005662:	4611      	mov	r1, r2
10005664:	f7ff fcbc 	bl	10004fe0 <tud_control_status>
10005668:	e7ed      	b.n	10005646 <cdcd_control_xfer_cb+0x76>
1000566a:	4611      	mov	r1, r2
1000566c:	2307      	movs	r3, #7
1000566e:	4a07      	ldr	r2, [pc, #28]	@ (1000568c <cdcd_control_xfer_cb+0xbc>)
10005670:	f7ff fcd0 	bl	10005014 <tud_control_xfer>
10005674:	e7e7      	b.n	10005646 <cdcd_control_xfer_cb+0x76>
10005676:	bf00      	nop
10005678:	20001f7c 	.word	0x20001f7c
1000567c:	00000000 	.word	0x00000000
10005680:	20001fa0 	.word	0x20001fa0
10005684:	00000000 	.word	0x00000000
10005688:	10003bb9 	.word	0x10003bb9
1000568c:	20001f84 	.word	0x20001f84

10005690 <cdcd_xfer_cb>:
10005690:	e92d 43f8 	stmdb	sp!, {r3, r4, r5, r6, r7, r8, r9, lr}
10005694:	4e35      	ldr	r6, [pc, #212]	@ (1000576c <cdcd_xfer_cb+0xdc>)
10005696:	460c      	mov	r4, r1
10005698:	78f2      	ldrb	r2, [r6, #3]
1000569a:	4607      	mov	r7, r0
1000569c:	428a      	cmp	r2, r1
1000569e:	461d      	mov	r5, r3
100056a0:	d03d      	beq.n	1000571e <cdcd_xfer_cb+0x8e>
100056a2:	78b3      	ldrb	r3, [r6, #2]
100056a4:	428b      	cmp	r3, r1
100056a6:	d012      	beq.n	100056ce <cdcd_xfer_cb+0x3e>
100056a8:	f04f 23e0 	mov.w	r3, #3758153728	@ 0xe000e000
100056ac:	f8d3 3df0 	ldr.w	r3, [r3, #3568]	@ 0xdf0
100056b0:	07db      	lsls	r3, r3, #31
100056b2:	d432      	bmi.n	1000571a <cdcd_xfer_cb+0x8a>
100056b4:	2000      	movs	r0, #0
100056b6:	e8bd 83f8 	ldmia.w	sp!, {r3, r4, r5, r6, r7, r8, r9, pc}
100056ba:	4b2d      	ldr	r3, [pc, #180]	@ (10005770 <cdcd_xfer_cb+0xe0>)
100056bc:	b123      	cbz	r3, 100056c8 <cdcd_xfer_cb+0x38>
100056be:	482d      	ldr	r0, [pc, #180]	@ (10005774 <cdcd_xfer_cb+0xe4>)
100056c0:	f000 fb80 	bl	10005dc4 <tu_fifo_empty>
100056c4:	2800      	cmp	r0, #0
100056c6:	d04d      	beq.n	10005764 <cdcd_xfer_cb+0xd4>
100056c8:	2000      	movs	r0, #0
100056ca:	f7ff fd99 	bl	10005200 <_prep_out_transaction.isra.0>
100056ce:	78b3      	ldrb	r3, [r6, #2]
100056d0:	42a3      	cmp	r3, r4
100056d2:	d001      	beq.n	100056d8 <cdcd_xfer_cb+0x48>
100056d4:	2001      	movs	r0, #1
100056d6:	e7ee      	b.n	100056b6 <cdcd_xfer_cb+0x26>
100056d8:	4b27      	ldr	r3, [pc, #156]	@ (10005778 <cdcd_xfer_cb+0xe8>)
100056da:	b113      	cbz	r3, 100056e2 <cdcd_xfer_cb+0x52>
100056dc:	2000      	movs	r0, #0
100056de:	f3af 8000 	nop.w
100056e2:	2000      	movs	r0, #0
100056e4:	f7ff fe2e 	bl	10005344 <tud_cdc_n_write_flush>
100056e8:	2800      	cmp	r0, #0
100056ea:	d1f3      	bne.n	100056d4 <cdcd_xfer_cb+0x44>
100056ec:	4823      	ldr	r0, [pc, #140]	@ (1000577c <cdcd_xfer_cb+0xec>)
100056ee:	f000 fb59 	bl	10005da4 <tu_fifo_count>
100056f2:	2800      	cmp	r0, #0
100056f4:	d1ee      	bne.n	100056d4 <cdcd_xfer_cb+0x44>
100056f6:	2d00      	cmp	r5, #0
100056f8:	d0ec      	beq.n	100056d4 <cdcd_xfer_cb+0x44>
100056fa:	f015 053f 	ands.w	r5, r5, #63	@ 0x3f
100056fe:	d1e9      	bne.n	100056d4 <cdcd_xfer_cb+0x44>
10005700:	4638      	mov	r0, r7
10005702:	78b1      	ldrb	r1, [r6, #2]
10005704:	f7ff fc10 	bl	10004f28 <usbd_edpt_claim>
10005708:	2800      	cmp	r0, #0
1000570a:	d0e3      	beq.n	100056d4 <cdcd_xfer_cb+0x44>
1000570c:	462b      	mov	r3, r5
1000570e:	462a      	mov	r2, r5
10005710:	4638      	mov	r0, r7
10005712:	78b1      	ldrb	r1, [r6, #2]
10005714:	f7ff fc2c 	bl	10004f70 <usbd_edpt_xfer>
10005718:	e7dc      	b.n	100056d4 <cdcd_xfer_cb+0x44>
1000571a:	be00      	bkpt	0x0000
1000571c:	e7ca      	b.n	100056b4 <cdcd_xfer_cb+0x24>
1000571e:	b29a      	uxth	r2, r3
10005720:	4917      	ldr	r1, [pc, #92]	@ (10005780 <cdcd_xfer_cb+0xf0>)
10005722:	f106 0010 	add.w	r0, r6, #16
10005726:	f000 fc71 	bl	1000600c <tu_fifo_write_n>
1000572a:	4b16      	ldr	r3, [pc, #88]	@ (10005784 <cdcd_xfer_cb+0xf4>)
1000572c:	2b00      	cmp	r3, #0
1000572e:	d0c4      	beq.n	100056ba <cdcd_xfer_cb+0x2a>
10005730:	7973      	ldrb	r3, [r6, #5]
10005732:	2bff      	cmp	r3, #255	@ 0xff
10005734:	d0c1      	beq.n	100056ba <cdcd_xfer_cb+0x2a>
10005736:	2d00      	cmp	r5, #0
10005738:	d0bf      	beq.n	100056ba <cdcd_xfer_cb+0x2a>
1000573a:	f8df 8044 	ldr.w	r8, [pc, #68]	@ 10005780 <cdcd_xfer_cb+0xf0>
1000573e:	eb08 0905 	add.w	r9, r8, r5
10005742:	e002      	b.n	1000574a <cdcd_xfer_cb+0xba>
10005744:	45c8      	cmp	r8, r9
10005746:	d0b8      	beq.n	100056ba <cdcd_xfer_cb+0x2a>
10005748:	7973      	ldrb	r3, [r6, #5]
1000574a:	f818 2b01 	ldrb.w	r2, [r8], #1
1000574e:	429a      	cmp	r2, r3
10005750:	d1f8      	bne.n	10005744 <cdcd_xfer_cb+0xb4>
10005752:	4808      	ldr	r0, [pc, #32]	@ (10005774 <cdcd_xfer_cb+0xe4>)
10005754:	f000 fb36 	bl	10005dc4 <tu_fifo_empty>
10005758:	2800      	cmp	r0, #0
1000575a:	d1f3      	bne.n	10005744 <cdcd_xfer_cb+0xb4>
1000575c:	7971      	ldrb	r1, [r6, #5]
1000575e:	f3af 8000 	nop.w
10005762:	e7ef      	b.n	10005744 <cdcd_xfer_cb+0xb4>
10005764:	f3af 8000 	nop.w
10005768:	e7ae      	b.n	100056c8 <cdcd_xfer_cb+0x38>
1000576a:	bf00      	nop
1000576c:	20001f7c 	.word	0x20001f7c
10005770:	00000000 	.word	0x00000000
10005774:	20001f8c 	.word	0x20001f8c
10005778:	00000000 	.word	0x00000000
1000577c:	20001fa0 	.word	0x20001fa0
10005780:	20001ef8 	.word	0x20001ef8
10005784:	00000000 	.word	0x00000000

10005788 <vendord_init>:
10005788:	b5f0      	push	{r4, r5, r6, r7, lr}
1000578a:	f44f 7213 	mov.w	r2, #588	@ 0x24c
1000578e:	b085      	sub	sp, #20
10005790:	2100      	movs	r1, #0
10005792:	4812      	ldr	r0, [pc, #72]	@ (100057dc <vendord_init+0x54>)
10005794:	f003 f80e 	bl	100087b4 <memset>
10005798:	2640      	movs	r6, #64	@ 0x40
1000579a:	2300      	movs	r3, #0
1000579c:	f44f 7580 	mov.w	r5, #256	@ 0x100
100057a0:	4f0e      	ldr	r7, [pc, #56]	@ (100057dc <vendord_init+0x54>)
100057a2:	4c0f      	ldr	r4, [pc, #60]	@ (100057e0 <vendord_init+0x58>)
100057a4:	f507 72a6 	add.w	r2, r7, #332	@ 0x14c
100057a8:	4619      	mov	r1, r3
100057aa:	e9cd 4602 	strd	r4, r6, [sp, #8]
100057ae:	9200      	str	r2, [sp, #0]
100057b0:	9501      	str	r5, [sp, #4]
100057b2:	461a      	mov	r2, r3
100057b4:	f507 7094 	add.w	r0, r7, #296	@ 0x128
100057b8:	f000 f9c6 	bl	10005b48 <tu_edpt_stream_init>
100057bc:	2300      	movs	r3, #0
100057be:	4638      	mov	r0, r7
100057c0:	f107 0128 	add.w	r1, r7, #40	@ 0x28
100057c4:	4434      	add	r4, r6
100057c6:	9100      	str	r1, [sp, #0]
100057c8:	2201      	movs	r2, #1
100057ca:	4619      	mov	r1, r3
100057cc:	e9cd 4602 	strd	r4, r6, [sp, #8]
100057d0:	9501      	str	r5, [sp, #4]
100057d2:	3004      	adds	r0, #4
100057d4:	f000 f9b8 	bl	10005b48 <tu_edpt_stream_init>
100057d8:	b005      	add	sp, #20
100057da:	bdf0      	pop	{r4, r5, r6, r7, pc}
100057dc:	20002260 	.word	0x20002260
100057e0:	200021e0 	.word	0x200021e0

100057e4 <vendord_deinit>:
100057e4:	b508      	push	{r3, lr}
100057e6:	4805      	ldr	r0, [pc, #20]	@ (100057fc <vendord_deinit+0x18>)
100057e8:	f000 f9da 	bl	10005ba0 <tu_edpt_stream_deinit>
100057ec:	4b03      	ldr	r3, [pc, #12]	@ (100057fc <vendord_deinit+0x18>)
100057ee:	f5a3 7092 	sub.w	r0, r3, #292	@ 0x124
100057f2:	f000 f9d5 	bl	10005ba0 <tu_edpt_stream_deinit>
100057f6:	2001      	movs	r0, #1
100057f8:	bd08      	pop	{r3, pc}
100057fa:	bf00      	nop
100057fc:	20002388 	.word	0x20002388

10005800 <vendord_reset>:
10005800:	b538      	push	{r3, r4, r5, lr}
10005802:	2500      	movs	r5, #0
10005804:	4c06      	ldr	r4, [pc, #24]	@ (10005820 <vendord_reset+0x20>)
10005806:	f504 7098 	add.w	r0, r4, #304	@ 0x130
1000580a:	7025      	strb	r5, [r4, #0]
1000580c:	f000 fcac 	bl	10006168 <tu_fifo_clear>
10005810:	f104 000c 	add.w	r0, r4, #12
10005814:	f000 fca8 	bl	10006168 <tu_fifo_clear>
10005818:	f884 5129 	strb.w	r5, [r4, #297]	@ 0x129
1000581c:	7165      	strb	r5, [r4, #5]
1000581e:	bd38      	pop	{r3, r4, r5, pc}
10005820:	20002260 	.word	0x20002260

10005824 <vendord_open>:
10005824:	e92d 43f8 	stmdb	sp!, {r3, r4, r5, r6, r7, r8, r9, lr}
10005828:	794b      	ldrb	r3, [r1, #5]
1000582a:	2bff      	cmp	r3, #255	@ 0xff
1000582c:	d151      	bne.n	100058d2 <vendord_open+0xae>
1000582e:	4e35      	ldr	r6, [pc, #212]	@ (10005904 <vendord_open+0xe0>)
10005830:	f896 3129 	ldrb.w	r3, [r6, #297]	@ 0x129
10005834:	2b00      	cmp	r3, #0
10005836:	d14c      	bne.n	100058d2 <vendord_open+0xae>
10005838:	f896 8005 	ldrb.w	r8, [r6, #5]
1000583c:	f1b8 0f00 	cmp.w	r8, #0
10005840:	d147      	bne.n	100058d2 <vendord_open+0xae>
10005842:	788b      	ldrb	r3, [r1, #2]
10005844:	780c      	ldrb	r4, [r1, #0]
10005846:	7033      	strb	r3, [r6, #0]
10005848:	790b      	ldrb	r3, [r1, #4]
1000584a:	460f      	mov	r7, r1
1000584c:	440c      	add	r4, r1
1000584e:	b3ab      	cbz	r3, 100058bc <vendord_open+0x98>
10005850:	4681      	mov	r9, r0
10005852:	18a5      	adds	r5, r4, r2
10005854:	e003      	b.n	1000585e <vendord_open+0x3a>
10005856:	42a5      	cmp	r5, r4
10005858:	d930      	bls.n	100058bc <vendord_open+0x98>
1000585a:	7823      	ldrb	r3, [r4, #0]
1000585c:	441c      	add	r4, r3
1000585e:	7863      	ldrb	r3, [r4, #1]
10005860:	2b05      	cmp	r3, #5
10005862:	d1f8      	bne.n	10005856 <vendord_open+0x32>
10005864:	42ac      	cmp	r4, r5
10005866:	d229      	bcs.n	100058bc <vendord_open+0x98>
10005868:	4621      	mov	r1, r4
1000586a:	4648      	mov	r0, r9
1000586c:	f7ff fb3a 	bl	10004ee4 <usbd_edpt_open>
10005870:	b340      	cbz	r0, 100058c4 <vendord_open+0xa0>
10005872:	78a3      	ldrb	r3, [r4, #2]
10005874:	09db      	lsrs	r3, r3, #7
10005876:	d12f      	bne.n	100058d8 <vendord_open+0xb4>
10005878:	4823      	ldr	r0, [pc, #140]	@ (10005908 <vendord_open+0xe4>)
1000587a:	f000 fc75 	bl	10006168 <tu_fifo_clear>
1000587e:	78a3      	ldrb	r3, [r4, #2]
10005880:	f896 2128 	ldrb.w	r2, [r6, #296]	@ 0x128
10005884:	f886 3129 	strb.w	r3, [r6, #297]	@ 0x129
10005888:	88a3      	ldrh	r3, [r4, #4]
1000588a:	4648      	mov	r0, r9
1000588c:	f3c3 030a 	ubfx	r3, r3, #0, #11
10005890:	f5a3 7300 	sub.w	r3, r3, #512	@ 0x200
10005894:	fab3 f383 	clz	r3, r3
10005898:	095b      	lsrs	r3, r3, #5
1000589a:	f363 0241 	bfi	r2, r3, #1, #1
1000589e:	491b      	ldr	r1, [pc, #108]	@ (1000590c <vendord_open+0xe8>)
100058a0:	f886 2128 	strb.w	r2, [r6, #296]	@ 0x128
100058a4:	f000 f9ea 	bl	10005c7c <tu_edpt_stream_read_xfer>
100058a8:	b160      	cbz	r0, 100058c4 <vendord_open+0xa0>
100058aa:	7823      	ldrb	r3, [r4, #0]
100058ac:	793a      	ldrb	r2, [r7, #4]
100058ae:	f108 0801 	add.w	r8, r8, #1
100058b2:	441c      	add	r4, r3
100058b4:	fa5f f388 	uxtb.w	r3, r8
100058b8:	429a      	cmp	r2, r3
100058ba:	d8d0      	bhi.n	1000585e <vendord_open+0x3a>
100058bc:	1be1      	subs	r1, r4, r7
100058be:	b288      	uxth	r0, r1
100058c0:	e8bd 83f8 	ldmia.w	sp!, {r3, r4, r5, r6, r7, r8, r9, pc}
100058c4:	f04f 23e0 	mov.w	r3, #3758153728	@ 0xe000e000
100058c8:	f8d3 3df0 	ldr.w	r3, [r3, #3568]	@ 0xdf0
100058cc:	07db      	lsls	r3, r3, #31
100058ce:	d500      	bpl.n	100058d2 <vendord_open+0xae>
100058d0:	be00      	bkpt	0x0000
100058d2:	2000      	movs	r0, #0
100058d4:	e8bd 83f8 	ldmia.w	sp!, {r3, r4, r5, r6, r7, r8, r9, pc}
100058d8:	480d      	ldr	r0, [pc, #52]	@ (10005910 <vendord_open+0xec>)
100058da:	f000 fc45 	bl	10006168 <tu_fifo_clear>
100058de:	78a3      	ldrb	r3, [r4, #2]
100058e0:	7932      	ldrb	r2, [r6, #4]
100058e2:	7173      	strb	r3, [r6, #5]
100058e4:	88a3      	ldrh	r3, [r4, #4]
100058e6:	490b      	ldr	r1, [pc, #44]	@ (10005914 <vendord_open+0xf0>)
100058e8:	f3c3 030a 	ubfx	r3, r3, #0, #11
100058ec:	f5a3 7300 	sub.w	r3, r3, #512	@ 0x200
100058f0:	fab3 f383 	clz	r3, r3
100058f4:	095b      	lsrs	r3, r3, #5
100058f6:	f363 0241 	bfi	r2, r3, #1, #1
100058fa:	2000      	movs	r0, #0
100058fc:	7132      	strb	r2, [r6, #4]
100058fe:	f000 f985 	bl	10005c0c <tu_edpt_stream_write_xfer>
10005902:	e7d2      	b.n	100058aa <vendord_open+0x86>
10005904:	20002260 	.word	0x20002260
10005908:	20002390 	.word	0x20002390
1000590c:	20002388 	.word	0x20002388
10005910:	2000226c 	.word	0x2000226c
10005914:	20002264 	.word	0x20002264

10005918 <vendord_xfer_cb>:
10005918:	b570      	push	{r4, r5, r6, lr}
1000591a:	4c1b      	ldr	r4, [pc, #108]	@ (10005988 <vendord_xfer_cb+0x70>)
1000591c:	4606      	mov	r6, r0
1000591e:	f894 c129 	ldrb.w	ip, [r4, #297]	@ 0x129
10005922:	461d      	mov	r5, r3
10005924:	458c      	cmp	ip, r1
10005926:	d011      	beq.n	1000594c <vendord_xfer_cb+0x34>
10005928:	7963      	ldrb	r3, [r4, #5]
1000592a:	428b      	cmp	r3, r1
1000592c:	d001      	beq.n	10005932 <vendord_xfer_cb+0x1a>
1000592e:	2000      	movs	r0, #0
10005930:	bd70      	pop	{r4, r5, r6, pc}
10005932:	4b16      	ldr	r3, [pc, #88]	@ (1000598c <vendord_xfer_cb+0x74>)
10005934:	b11b      	cbz	r3, 1000593e <vendord_xfer_cb+0x26>
10005936:	2000      	movs	r0, #0
10005938:	b2a9      	uxth	r1, r5
1000593a:	f3af 8000 	nop.w
1000593e:	4630      	mov	r0, r6
10005940:	4913      	ldr	r1, [pc, #76]	@ (10005990 <vendord_xfer_cb+0x78>)
10005942:	f000 f963 	bl	10005c0c <tu_edpt_stream_write_xfer>
10005946:	b1c8      	cbz	r0, 1000597c <vendord_xfer_cb+0x64>
10005948:	2001      	movs	r0, #1
1000594a:	bd70      	pop	{r4, r5, r6, pc}
1000594c:	f8b4 3134 	ldrh.w	r3, [r4, #308]	@ 0x134
10005950:	b963      	cbnz	r3, 1000596c <vendord_xfer_cb+0x54>
10005952:	4b10      	ldr	r3, [pc, #64]	@ (10005994 <vendord_xfer_cb+0x7c>)
10005954:	b123      	cbz	r3, 10005960 <vendord_xfer_cb+0x48>
10005956:	2000      	movs	r0, #0
10005958:	490f      	ldr	r1, [pc, #60]	@ (10005998 <vendord_xfer_cb+0x80>)
1000595a:	b2aa      	uxth	r2, r5
1000595c:	f3af 8000 	nop.w
10005960:	4630      	mov	r0, r6
10005962:	490e      	ldr	r1, [pc, #56]	@ (1000599c <vendord_xfer_cb+0x84>)
10005964:	f000 f98a 	bl	10005c7c <tu_edpt_stream_read_xfer>
10005968:	2001      	movs	r0, #1
1000596a:	e7ee      	b.n	1000594a <vendord_xfer_cb+0x32>
1000596c:	f8d4 112c 	ldr.w	r1, [r4, #300]	@ 0x12c
10005970:	b2aa      	uxth	r2, r5
10005972:	f504 7098 	add.w	r0, r4, #304	@ 0x130
10005976:	f000 fb49 	bl	1000600c <tu_fifo_write_n>
1000597a:	e7ea      	b.n	10005952 <vendord_xfer_cb+0x3a>
1000597c:	462a      	mov	r2, r5
1000597e:	4630      	mov	r0, r6
10005980:	4903      	ldr	r1, [pc, #12]	@ (10005990 <vendord_xfer_cb+0x78>)
10005982:	f000 f90f 	bl	10005ba4 <tu_edpt_stream_write_zlp_if_needed>
10005986:	e7df      	b.n	10005948 <vendord_xfer_cb+0x30>
10005988:	20002260 	.word	0x20002260
1000598c:	00000000 	.word	0x00000000
10005990:	20002264 	.word	0x20002264
10005994:	00000000 	.word	0x00000000
10005998:	200021e0 	.word	0x200021e0
1000599c:	20002388 	.word	0x20002388

100059a0 <tusb_rhport_init>:
100059a0:	b510      	push	{r4, lr}
100059a2:	b082      	sub	sp, #8
100059a4:	b1c9      	cbz	r1, 100059da <tusb_rhport_init+0x3a>
100059a6:	2801      	cmp	r0, #1
100059a8:	d80c      	bhi.n	100059c4 <tusb_rhport_init+0x24>
100059aa:	780b      	ldrb	r3, [r1, #0]
100059ac:	b153      	cbz	r3, 100059c4 <tusb_rhport_init+0x24>
100059ae:	4c14      	ldr	r4, [pc, #80]	@ (10005a00 <tusb_rhport_init+0x60>)
100059b0:	2b01      	cmp	r3, #1
100059b2:	5423      	strb	r3, [r4, r0]
100059b4:	d002      	beq.n	100059bc <tusb_rhport_init+0x1c>
100059b6:	2001      	movs	r0, #1
100059b8:	b002      	add	sp, #8
100059ba:	bd10      	pop	{r4, pc}
100059bc:	f7fe fe08 	bl	100045d0 <tud_rhport_init>
100059c0:	2800      	cmp	r0, #0
100059c2:	d1f8      	bne.n	100059b6 <tusb_rhport_init+0x16>
100059c4:	f04f 23e0 	mov.w	r3, #3758153728	@ 0xe000e000
100059c8:	f8d3 3df0 	ldr.w	r3, [r3, #3568]	@ 0xdf0
100059cc:	07db      	lsls	r3, r3, #31
100059ce:	d402      	bmi.n	100059d6 <tusb_rhport_init+0x36>
100059d0:	2000      	movs	r0, #0
100059d2:	b002      	add	sp, #8
100059d4:	bd10      	pop	{r4, pc}
100059d6:	be00      	bkpt	0x0000
100059d8:	e7fa      	b.n	100059d0 <tusb_rhport_init+0x30>
100059da:	2401      	movs	r4, #1
100059dc:	4608      	mov	r0, r1
100059de:	a901      	add	r1, sp, #4
100059e0:	f8ad 4004 	strh.w	r4, [sp, #4]
100059e4:	f7fe fdf4 	bl	100045d0 <tud_rhport_init>
100059e8:	b938      	cbnz	r0, 100059fa <tusb_rhport_init+0x5a>
100059ea:	f04f 23e0 	mov.w	r3, #3758153728	@ 0xe000e000
100059ee:	f8d3 3df0 	ldr.w	r3, [r3, #3568]	@ 0xdf0
100059f2:	07da      	lsls	r2, r3, #31
100059f4:	d5ed      	bpl.n	100059d2 <tusb_rhport_init+0x32>
100059f6:	be00      	bkpt	0x0000
100059f8:	e7eb      	b.n	100059d2 <tusb_rhport_init+0x32>
100059fa:	4b01      	ldr	r3, [pc, #4]	@ (10005a00 <tusb_rhport_init+0x60>)
100059fc:	701c      	strb	r4, [r3, #0]
100059fe:	e7e8      	b.n	100059d2 <tusb_rhport_init+0x32>
10005a00:	200020b8 	.word	0x200020b8

10005a04 <tu_edpt_claim>:
10005a04:	b5f8      	push	{r3, r4, r5, r6, r7, lr}
10005a06:	7803      	ldrb	r3, [r0, #0]
10005a08:	f013 0401 	ands.w	r4, r3, #1
10005a0c:	d11a      	bne.n	10005a44 <tu_edpt_claim+0x40>
10005a0e:	7803      	ldrb	r3, [r0, #0]
10005a10:	4605      	mov	r5, r0
10005a12:	075a      	lsls	r2, r3, #29
10005a14:	f3c3 0780 	ubfx	r7, r3, #2, #1
10005a18:	d501      	bpl.n	10005a1e <tu_edpt_claim+0x1a>
10005a1a:	4620      	mov	r0, r4
10005a1c:	bdf8      	pop	{r3, r4, r5, r6, r7, pc}
10005a1e:	460e      	mov	r6, r1
10005a20:	f04f 31ff 	mov.w	r1, #4294967295
10005a24:	4630      	mov	r0, r6
10005a26:	f003 f99f 	bl	10008d68 <__mutex_enter_timeout_ms_veneer>
10005a2a:	782b      	ldrb	r3, [r5, #0]
10005a2c:	f013 0401 	ands.w	r4, r3, #1
10005a30:	d10b      	bne.n	10005a4a <tu_edpt_claim+0x46>
10005a32:	782b      	ldrb	r3, [r5, #0]
10005a34:	075b      	lsls	r3, r3, #29
10005a36:	d409      	bmi.n	10005a4c <tu_edpt_claim+0x48>
10005a38:	782b      	ldrb	r3, [r5, #0]
10005a3a:	2401      	movs	r4, #1
10005a3c:	f043 0304 	orr.w	r3, r3, #4
10005a40:	702b      	strb	r3, [r5, #0]
10005a42:	e003      	b.n	10005a4c <tu_edpt_claim+0x48>
10005a44:	2400      	movs	r4, #0
10005a46:	4620      	mov	r0, r4
10005a48:	bdf8      	pop	{r3, r4, r5, r6, r7, pc}
10005a4a:	463c      	mov	r4, r7
10005a4c:	4630      	mov	r0, r6
10005a4e:	f003 f99b 	bl	10008d88 <__mutex_exit_veneer>
10005a52:	4620      	mov	r0, r4
10005a54:	bdf8      	pop	{r3, r4, r5, r6, r7, pc}
10005a56:	bf00      	nop

10005a58 <tu_edpt_release>:
10005a58:	b570      	push	{r4, r5, r6, lr}
10005a5a:	460c      	mov	r4, r1
10005a5c:	4605      	mov	r5, r0
10005a5e:	f04f 31ff 	mov.w	r1, #4294967295
10005a62:	4620      	mov	r0, r4
10005a64:	f003 f980 	bl	10008d68 <__mutex_enter_timeout_ms_veneer>
10005a68:	782b      	ldrb	r3, [r5, #0]
10005a6a:	f3c3 0680 	ubfx	r6, r3, #2, #1
10005a6e:	075b      	lsls	r3, r3, #29
10005a70:	d508      	bpl.n	10005a84 <tu_edpt_release+0x2c>
10005a72:	782b      	ldrb	r3, [r5, #0]
10005a74:	f013 0301 	ands.w	r3, r3, #1
10005a78:	bf11      	iteee	ne
10005a7a:	2600      	movne	r6, #0
10005a7c:	782a      	ldrbeq	r2, [r5, #0]
10005a7e:	f363 0282 	bfieq	r2, r3, #2, #1
10005a82:	702a      	strbeq	r2, [r5, #0]
10005a84:	4620      	mov	r0, r4
10005a86:	f003 f97f 	bl	10008d88 <__mutex_exit_veneer>
10005a8a:	4630      	mov	r0, r6
10005a8c:	bd70      	pop	{r4, r5, r6, pc}
10005a8e:	bf00      	nop

10005a90 <tu_edpt_validate>:
10005a90:	78c3      	ldrb	r3, [r0, #3]
10005a92:	8882      	ldrh	r2, [r0, #4]
10005a94:	f003 0003 	and.w	r0, r3, #3
10005a98:	2802      	cmp	r0, #2
10005a9a:	f3c2 020a 	ubfx	r2, r2, #0, #11
10005a9e:	d015      	beq.n	10005acc <tu_edpt_validate+0x3c>
10005aa0:	2803      	cmp	r0, #3
10005aa2:	d00a      	beq.n	10005aba <tu_edpt_validate+0x2a>
10005aa4:	2801      	cmp	r0, #1
10005aa6:	d11c      	bne.n	10005ae2 <tu_edpt_validate+0x52>
10005aa8:	2902      	cmp	r1, #2
10005aaa:	f240 33ff 	movw	r3, #1023	@ 0x3ff
10005aae:	bf08      	it	eq
10005ab0:	f44f 6380 	moveq.w	r3, #1024	@ 0x400
10005ab4:	4293      	cmp	r3, r2
10005ab6:	d30d      	bcc.n	10005ad4 <tu_edpt_validate+0x44>
10005ab8:	4770      	bx	lr
10005aba:	2902      	cmp	r1, #2
10005abc:	bf14      	ite	ne
10005abe:	2340      	movne	r3, #64	@ 0x40
10005ac0:	f44f 6380 	moveq.w	r3, #1024	@ 0x400
10005ac4:	4293      	cmp	r3, r2
10005ac6:	d305      	bcc.n	10005ad4 <tu_edpt_validate+0x44>
10005ac8:	2001      	movs	r0, #1
10005aca:	4770      	bx	lr
10005acc:	2902      	cmp	r1, #2
10005ace:	d00a      	beq.n	10005ae6 <tu_edpt_validate+0x56>
10005ad0:	2a40      	cmp	r2, #64	@ 0x40
10005ad2:	d9f9      	bls.n	10005ac8 <tu_edpt_validate+0x38>
10005ad4:	f04f 23e0 	mov.w	r3, #3758153728	@ 0xe000e000
10005ad8:	f8d3 3df0 	ldr.w	r3, [r3, #3568]	@ 0xdf0
10005adc:	07db      	lsls	r3, r3, #31
10005ade:	d500      	bpl.n	10005ae2 <tu_edpt_validate+0x52>
10005ae0:	be00      	bkpt	0x0000
10005ae2:	2000      	movs	r0, #0
10005ae4:	4770      	bx	lr
10005ae6:	f5b2 7f00 	cmp.w	r2, #512	@ 0x200
10005aea:	d0ed      	beq.n	10005ac8 <tu_edpt_validate+0x38>
10005aec:	e7f2      	b.n	10005ad4 <tu_edpt_validate+0x44>
10005aee:	bf00      	nop

10005af0 <tu_edpt_bind_driver>:
10005af0:	440a      	add	r2, r1
10005af2:	4291      	cmp	r1, r2
10005af4:	d226      	bcs.n	10005b44 <tu_edpt_bind_driver+0x54>
10005af6:	f891 c001 	ldrb.w	ip, [r1, #1]
10005afa:	f1bc 0f05 	cmp.w	ip, #5
10005afe:	d005      	beq.n	10005b0c <tu_edpt_bind_driver+0x1c>
10005b00:	f891 c000 	ldrb.w	ip, [r1]
10005b04:	4461      	add	r1, ip
10005b06:	428a      	cmp	r2, r1
10005b08:	d8f5      	bhi.n	10005af6 <tu_edpt_bind_driver+0x6>
10005b0a:	4770      	bx	lr
10005b0c:	b500      	push	{lr}
10005b0e:	f891 c002 	ldrb.w	ip, [r1, #2]
10005b12:	f00c 0e7f 	and.w	lr, ip, #127	@ 0x7f
10005b16:	eb00 0e4e 	add.w	lr, r0, lr, lsl #1
10005b1a:	ea4f 1cdc 	mov.w	ip, ip, lsr #7
10005b1e:	f80e 300c 	strb.w	r3, [lr, ip]
10005b22:	f891 c000 	ldrb.w	ip, [r1]
10005b26:	4461      	add	r1, ip
10005b28:	428a      	cmp	r2, r1
10005b2a:	d909      	bls.n	10005b40 <tu_edpt_bind_driver+0x50>
10005b2c:	f891 c001 	ldrb.w	ip, [r1, #1]
10005b30:	f1bc 0f05 	cmp.w	ip, #5
10005b34:	d0eb      	beq.n	10005b0e <tu_edpt_bind_driver+0x1e>
10005b36:	f891 c000 	ldrb.w	ip, [r1]
10005b3a:	4461      	add	r1, ip
10005b3c:	428a      	cmp	r2, r1
10005b3e:	d8f5      	bhi.n	10005b2c <tu_edpt_bind_driver+0x3c>
10005b40:	f85d fb04 	ldr.w	pc, [sp], #4
10005b44:	4770      	bx	lr
10005b46:	bf00      	nop

10005b48 <tu_edpt_stream_init>:
10005b48:	e92d 41f0 	stmdb	sp!, {r4, r5, r6, r7, r8, lr}
10005b4c:	468e      	mov	lr, r1
10005b4e:	b082      	sub	sp, #8
10005b50:	9300      	str	r3, [sp, #0]
10005b52:	f890 c000 	ldrb.w	ip, [r0]
10005b56:	9e08      	ldr	r6, [sp, #32]
10005b58:	f8bd 7024 	ldrh.w	r7, [sp, #36]	@ 0x24
10005b5c:	f36e 0c00 	bfi	ip, lr, #0, #1
10005b60:	4604      	mov	r4, r0
10005b62:	4615      	mov	r5, r2
10005b64:	2301      	movs	r3, #1
10005b66:	4631      	mov	r1, r6
10005b68:	463a      	mov	r2, r7
10005b6a:	f800 cb08 	strb.w	ip, [r0], #8
10005b6e:	f8bd 802c 	ldrh.w	r8, [sp, #44]	@ 0x2c
10005b72:	f000 f8e7 	bl	10005d44 <tu_fifo_config>
10005b76:	b106      	cbz	r6, 10005b7a <tu_edpt_stream_init+0x32>
10005b78:	b93f      	cbnz	r7, 10005b8a <tu_edpt_stream_init+0x42>
10005b7a:	2001      	movs	r0, #1
10005b7c:	9b0a      	ldr	r3, [sp, #40]	@ 0x28
10005b7e:	f8a4 8002 	strh.w	r8, [r4, #2]
10005b82:	6063      	str	r3, [r4, #4]
10005b84:	b002      	add	sp, #8
10005b86:	e8bd 81f0 	ldmia.w	sp!, {r4, r5, r6, r7, r8, pc}
10005b8a:	f104 061c 	add.w	r6, r4, #28
10005b8e:	4630      	mov	r0, r6
10005b90:	f7fb f9ae 	bl	10000ef0 <mutex_init>
10005b94:	b10d      	cbz	r5, 10005b9a <tu_edpt_stream_init+0x52>
10005b96:	4635      	mov	r5, r6
10005b98:	2600      	movs	r6, #0
10005b9a:	e9c4 5605 	strd	r5, r6, [r4, #20]
10005b9e:	e7ec      	b.n	10005b7a <tu_edpt_stream_init+0x32>

10005ba0 <tu_edpt_stream_deinit>:
10005ba0:	2001      	movs	r0, #1
10005ba2:	4770      	bx	lr

10005ba4 <tu_edpt_stream_write_zlp_if_needed>:
10005ba4:	b5f8      	push	{r3, r4, r5, r6, r7, lr}
10005ba6:	4607      	mov	r7, r0
10005ba8:	4608      	mov	r0, r1
10005baa:	f240 13ff 	movw	r3, #511	@ 0x1ff
10005bae:	4615      	mov	r5, r2
10005bb0:	f810 2b08 	ldrb.w	r2, [r0], #8
10005bb4:	460c      	mov	r4, r1
10005bb6:	f012 0f02 	tst.w	r2, #2
10005bba:	bf0c      	ite	eq
10005bbc:	263f      	moveq	r6, #63	@ 0x3f
10005bbe:	461e      	movne	r6, r3
10005bc0:	f000 f8f0 	bl	10005da4 <tu_fifo_count>
10005bc4:	b928      	cbnz	r0, 10005bd2 <tu_edpt_stream_write_zlp_if_needed+0x2e>
10005bc6:	b125      	cbz	r5, 10005bd2 <tu_edpt_stream_write_zlp_if_needed+0x2e>
10005bc8:	422e      	tst	r6, r5
10005bca:	d102      	bne.n	10005bd2 <tu_edpt_stream_write_zlp_if_needed+0x2e>
10005bcc:	7823      	ldrb	r3, [r4, #0]
10005bce:	07da      	lsls	r2, r3, #31
10005bd0:	d501      	bpl.n	10005bd6 <tu_edpt_stream_write_zlp_if_needed+0x32>
10005bd2:	2000      	movs	r0, #0
10005bd4:	bdf8      	pop	{r3, r4, r5, r6, r7, pc}
10005bd6:	4638      	mov	r0, r7
10005bd8:	7861      	ldrb	r1, [r4, #1]
10005bda:	f7ff f9a5 	bl	10004f28 <usbd_edpt_claim>
10005bde:	2800      	cmp	r0, #0
10005be0:	d0f7      	beq.n	10005bd2 <tu_edpt_stream_write_zlp_if_needed+0x2e>
10005be2:	7823      	ldrb	r3, [r4, #0]
10005be4:	f013 0301 	ands.w	r3, r3, #1
10005be8:	d007      	beq.n	10005bfa <tu_edpt_stream_write_zlp_if_needed+0x56>
10005bea:	f04f 23e0 	mov.w	r3, #3758153728	@ 0xe000e000
10005bee:	f8d3 3df0 	ldr.w	r3, [r3, #3568]	@ 0xdf0
10005bf2:	07db      	lsls	r3, r3, #31
10005bf4:	d5ed      	bpl.n	10005bd2 <tu_edpt_stream_write_zlp_if_needed+0x2e>
10005bf6:	be00      	bkpt	0x0000
10005bf8:	e7eb      	b.n	10005bd2 <tu_edpt_stream_write_zlp_if_needed+0x2e>
10005bfa:	461a      	mov	r2, r3
10005bfc:	4638      	mov	r0, r7
10005bfe:	7861      	ldrb	r1, [r4, #1]
10005c00:	f7ff f9b6 	bl	10004f70 <usbd_edpt_xfer>
10005c04:	2800      	cmp	r0, #0
10005c06:	d0f0      	beq.n	10005bea <tu_edpt_stream_write_zlp_if_needed+0x46>
10005c08:	bdf8      	pop	{r3, r4, r5, r6, r7, pc}
10005c0a:	bf00      	nop

10005c0c <tu_edpt_stream_write_xfer>:
10005c0c:	b570      	push	{r4, r5, r6, lr}
10005c0e:	f101 0508 	add.w	r5, r1, #8
10005c12:	4606      	mov	r6, r0
10005c14:	4628      	mov	r0, r5
10005c16:	460c      	mov	r4, r1
10005c18:	f000 f8c4 	bl	10005da4 <tu_fifo_count>
10005c1c:	b110      	cbz	r0, 10005c24 <tu_edpt_stream_write_xfer+0x18>
10005c1e:	7823      	ldrb	r3, [r4, #0]
10005c20:	07da      	lsls	r2, r3, #31
10005c22:	d501      	bpl.n	10005c28 <tu_edpt_stream_write_xfer+0x1c>
10005c24:	2000      	movs	r0, #0
10005c26:	bd70      	pop	{r4, r5, r6, pc}
10005c28:	4630      	mov	r0, r6
10005c2a:	7861      	ldrb	r1, [r4, #1]
10005c2c:	f7ff f97c 	bl	10004f28 <usbd_edpt_claim>
10005c30:	2800      	cmp	r0, #0
10005c32:	d0f7      	beq.n	10005c24 <tu_edpt_stream_write_xfer+0x18>
10005c34:	4628      	mov	r0, r5
10005c36:	8862      	ldrh	r2, [r4, #2]
10005c38:	6861      	ldr	r1, [r4, #4]
10005c3a:	f000 f929 	bl	10005e90 <tu_fifo_read_n>
10005c3e:	7823      	ldrb	r3, [r4, #0]
10005c40:	4605      	mov	r5, r0
10005c42:	f003 0301 	and.w	r3, r3, #1
10005c46:	b140      	cbz	r0, 10005c5a <tu_edpt_stream_write_xfer+0x4e>
10005c48:	b173      	cbz	r3, 10005c68 <tu_edpt_stream_write_xfer+0x5c>
10005c4a:	f04f 23e0 	mov.w	r3, #3758153728	@ 0xe000e000
10005c4e:	f8d3 3df0 	ldr.w	r3, [r3, #3568]	@ 0xdf0
10005c52:	07db      	lsls	r3, r3, #31
10005c54:	d5e6      	bpl.n	10005c24 <tu_edpt_stream_write_xfer+0x18>
10005c56:	be00      	bkpt	0x0000
10005c58:	e7e4      	b.n	10005c24 <tu_edpt_stream_write_xfer+0x18>
10005c5a:	2b00      	cmp	r3, #0
10005c5c:	d1e2      	bne.n	10005c24 <tu_edpt_stream_write_xfer+0x18>
10005c5e:	4630      	mov	r0, r6
10005c60:	7861      	ldrb	r1, [r4, #1]
10005c62:	f7ff f973 	bl	10004f4c <usbd_edpt_release>
10005c66:	e7dd      	b.n	10005c24 <tu_edpt_stream_write_xfer+0x18>
10005c68:	4603      	mov	r3, r0
10005c6a:	6862      	ldr	r2, [r4, #4]
10005c6c:	4630      	mov	r0, r6
10005c6e:	7861      	ldrb	r1, [r4, #1]
10005c70:	f7ff f97e 	bl	10004f70 <usbd_edpt_xfer>
10005c74:	2800      	cmp	r0, #0
10005c76:	d0e8      	beq.n	10005c4a <tu_edpt_stream_write_xfer+0x3e>
10005c78:	4628      	mov	r0, r5
10005c7a:	bd70      	pop	{r4, r5, r6, pc}

10005c7c <tu_edpt_stream_read_xfer>:
10005c7c:	898a      	ldrh	r2, [r1, #12]
10005c7e:	e92d 41f0 	stmdb	sp!, {r4, r5, r6, r7, r8, lr}
10005c82:	780b      	ldrb	r3, [r1, #0]
10005c84:	460c      	mov	r4, r1
10005c86:	4606      	mov	r6, r0
10005c88:	b922      	cbnz	r2, 10005c94 <tu_edpt_stream_read_xfer+0x18>
10005c8a:	07dd      	lsls	r5, r3, #31
10005c8c:	d534      	bpl.n	10005cf8 <tu_edpt_stream_read_xfer+0x7c>
10005c8e:	2000      	movs	r0, #0
10005c90:	e8bd 81f0 	ldmia.w	sp!, {r4, r5, r6, r7, r8, pc}
10005c94:	f104 0708 	add.w	r7, r4, #8
10005c98:	0799      	lsls	r1, r3, #30
10005c9a:	4638      	mov	r0, r7
10005c9c:	bf47      	ittee	mi
10005c9e:	f44f 487e 	movmi.w	r8, #65024	@ 0xfe00
10005ca2:	f44f 7500 	movmi.w	r5, #512	@ 0x200
10005ca6:	f64f 78c0 	movwpl	r8, #65472	@ 0xffc0
10005caa:	2540      	movpl	r5, #64	@ 0x40
10005cac:	f000 f894 	bl	10005dd8 <tu_fifo_remaining>
10005cb0:	4285      	cmp	r5, r0
10005cb2:	d8ec      	bhi.n	10005c8e <tu_edpt_stream_read_xfer+0x12>
10005cb4:	7823      	ldrb	r3, [r4, #0]
10005cb6:	07da      	lsls	r2, r3, #31
10005cb8:	d4e9      	bmi.n	10005c8e <tu_edpt_stream_read_xfer+0x12>
10005cba:	4630      	mov	r0, r6
10005cbc:	7861      	ldrb	r1, [r4, #1]
10005cbe:	f7ff f933 	bl	10004f28 <usbd_edpt_claim>
10005cc2:	2800      	cmp	r0, #0
10005cc4:	d0e3      	beq.n	10005c8e <tu_edpt_stream_read_xfer+0x12>
10005cc6:	4638      	mov	r0, r7
10005cc8:	f000 f886 	bl	10005dd8 <tu_fifo_remaining>
10005ccc:	7823      	ldrb	r3, [r4, #0]
10005cce:	4285      	cmp	r5, r0
10005cd0:	f003 0301 	and.w	r3, r3, #1
10005cd4:	d82d      	bhi.n	10005d32 <tu_edpt_stream_read_xfer+0xb6>
10005cd6:	b9bb      	cbnz	r3, 10005d08 <tu_edpt_stream_read_xfer+0x8c>
10005cd8:	8865      	ldrh	r5, [r4, #2]
10005cda:	ea08 0800 	and.w	r8, r8, r0
10005cde:	4545      	cmp	r5, r8
10005ce0:	bf28      	it	cs
10005ce2:	4645      	movcs	r5, r8
10005ce4:	7861      	ldrb	r1, [r4, #1]
10005ce6:	b35d      	cbz	r5, 10005d40 <tu_edpt_stream_read_xfer+0xc4>
10005ce8:	6862      	ldr	r2, [r4, #4]
10005cea:	462b      	mov	r3, r5
10005cec:	4630      	mov	r0, r6
10005cee:	f7ff f93f 	bl	10004f70 <usbd_edpt_xfer>
10005cf2:	b148      	cbz	r0, 10005d08 <tu_edpt_stream_read_xfer+0x8c>
10005cf4:	4628      	mov	r0, r5
10005cf6:	e7cb      	b.n	10005c90 <tu_edpt_stream_read_xfer+0x14>
10005cf8:	7849      	ldrb	r1, [r1, #1]
10005cfa:	f7ff f915 	bl	10004f28 <usbd_edpt_claim>
10005cfe:	2800      	cmp	r0, #0
10005d00:	d0c5      	beq.n	10005c8e <tu_edpt_stream_read_xfer+0x12>
10005d02:	7823      	ldrb	r3, [r4, #0]
10005d04:	07d8      	lsls	r0, r3, #31
10005d06:	d507      	bpl.n	10005d18 <tu_edpt_stream_read_xfer+0x9c>
10005d08:	f04f 23e0 	mov.w	r3, #3758153728	@ 0xe000e000
10005d0c:	f8d3 3df0 	ldr.w	r3, [r3, #3568]	@ 0xdf0
10005d10:	07db      	lsls	r3, r3, #31
10005d12:	d5bc      	bpl.n	10005c8e <tu_edpt_stream_read_xfer+0x12>
10005d14:	be00      	bkpt	0x0000
10005d16:	e7ba      	b.n	10005c8e <tu_edpt_stream_read_xfer+0x12>
10005d18:	8863      	ldrh	r3, [r4, #2]
10005d1a:	7861      	ldrb	r1, [r4, #1]
10005d1c:	b13b      	cbz	r3, 10005d2e <tu_edpt_stream_read_xfer+0xb2>
10005d1e:	6862      	ldr	r2, [r4, #4]
10005d20:	4630      	mov	r0, r6
10005d22:	f7ff f925 	bl	10004f70 <usbd_edpt_xfer>
10005d26:	2800      	cmp	r0, #0
10005d28:	d0ee      	beq.n	10005d08 <tu_edpt_stream_read_xfer+0x8c>
10005d2a:	8860      	ldrh	r0, [r4, #2]
10005d2c:	e7b0      	b.n	10005c90 <tu_edpt_stream_read_xfer+0x14>
10005d2e:	461a      	mov	r2, r3
10005d30:	e7f6      	b.n	10005d20 <tu_edpt_stream_read_xfer+0xa4>
10005d32:	2b00      	cmp	r3, #0
10005d34:	d1ab      	bne.n	10005c8e <tu_edpt_stream_read_xfer+0x12>
10005d36:	4630      	mov	r0, r6
10005d38:	7861      	ldrb	r1, [r4, #1]
10005d3a:	f7ff f907 	bl	10004f4c <usbd_edpt_release>
10005d3e:	e7a6      	b.n	10005c8e <tu_edpt_stream_read_xfer+0x12>
10005d40:	462a      	mov	r2, r5
10005d42:	e7d2      	b.n	10005cea <tu_edpt_stream_read_xfer+0x6e>

10005d44 <tu_fifo_config>:
10005d44:	e92d 41f0 	stmdb	sp!, {r4, r5, r6, r7, r8, lr}
10005d48:	f5b2 4f00 	cmp.w	r2, #32768	@ 0x8000
10005d4c:	f89d 8018 	ldrb.w	r8, [sp, #24]
10005d50:	d824      	bhi.n	10005d9c <tu_fifo_config+0x58>
10005d52:	4604      	mov	r4, r0
10005d54:	68c0      	ldr	r0, [r0, #12]
10005d56:	4617      	mov	r7, r2
10005d58:	460e      	mov	r6, r1
10005d5a:	461d      	mov	r5, r3
10005d5c:	b118      	cbz	r0, 10005d66 <tu_fifo_config+0x22>
10005d5e:	f04f 31ff 	mov.w	r1, #4294967295
10005d62:	f003 f801 	bl	10008d68 <__mutex_enter_timeout_ms_veneer>
10005d66:	6920      	ldr	r0, [r4, #16]
10005d68:	b118      	cbz	r0, 10005d72 <tu_fifo_config+0x2e>
10005d6a:	f04f 31ff 	mov.w	r1, #4294967295
10005d6e:	f002 fffb 	bl	10008d68 <__mutex_enter_timeout_ms_veneer>
10005d72:	2200      	movs	r2, #0
10005d74:	f3c5 030e 	ubfx	r3, r5, #0, #15
10005d78:	68e0      	ldr	r0, [r4, #12]
10005d7a:	ea43 33c8 	orr.w	r3, r3, r8, lsl #15
10005d7e:	8162      	strh	r2, [r4, #10]
10005d80:	6026      	str	r6, [r4, #0]
10005d82:	80a7      	strh	r7, [r4, #4]
10005d84:	80e3      	strh	r3, [r4, #6]
10005d86:	8122      	strh	r2, [r4, #8]
10005d88:	b108      	cbz	r0, 10005d8e <tu_fifo_config+0x4a>
10005d8a:	f002 fffd 	bl	10008d88 <__mutex_exit_veneer>
10005d8e:	6920      	ldr	r0, [r4, #16]
10005d90:	b108      	cbz	r0, 10005d96 <tu_fifo_config+0x52>
10005d92:	f002 fff9 	bl	10008d88 <__mutex_exit_veneer>
10005d96:	2001      	movs	r0, #1
10005d98:	e8bd 81f0 	ldmia.w	sp!, {r4, r5, r6, r7, r8, pc}
10005d9c:	2000      	movs	r0, #0
10005d9e:	e8bd 81f0 	ldmia.w	sp!, {r4, r5, r6, r7, r8, pc}
10005da2:	bf00      	nop

10005da4 <tu_fifo_count>:
10005da4:	8903      	ldrh	r3, [r0, #8]
10005da6:	8942      	ldrh	r2, [r0, #10]
10005da8:	b29b      	uxth	r3, r3
10005daa:	b292      	uxth	r2, r2
10005dac:	8880      	ldrh	r0, [r0, #4]
10005dae:	4293      	cmp	r3, r2
10005db0:	bf36      	itet	cc
10005db2:	ebc2 0240 	rsbcc	r2, r2, r0, lsl #1
10005db6:	1a9b      	subcs	r3, r3, r2
10005db8:	189b      	addcc	r3, r3, r2
10005dba:	b29b      	uxth	r3, r3
10005dbc:	4298      	cmp	r0, r3
10005dbe:	bf28      	it	cs
10005dc0:	4618      	movcs	r0, r3
10005dc2:	4770      	bx	lr

10005dc4 <tu_fifo_empty>:
10005dc4:	8902      	ldrh	r2, [r0, #8]
10005dc6:	8943      	ldrh	r3, [r0, #10]
10005dc8:	b290      	uxth	r0, r2
10005dca:	b29b      	uxth	r3, r3
10005dcc:	1ac0      	subs	r0, r0, r3
10005dce:	fab0 f080 	clz	r0, r0
10005dd2:	0940      	lsrs	r0, r0, #5
10005dd4:	4770      	bx	lr
10005dd6:	bf00      	nop

10005dd8 <tu_fifo_remaining>:
10005dd8:	8903      	ldrh	r3, [r0, #8]
10005dda:	8942      	ldrh	r2, [r0, #10]
10005ddc:	b29b      	uxth	r3, r3
10005dde:	8880      	ldrh	r0, [r0, #4]
10005de0:	b292      	uxth	r2, r2
10005de2:	4293      	cmp	r3, r2
10005de4:	bf36      	itet	cc
10005de6:	ebc2 0240 	rsbcc	r2, r2, r0, lsl #1
10005dea:	1a9b      	subcs	r3, r3, r2
10005dec:	189b      	addcc	r3, r3, r2
10005dee:	b29b      	uxth	r3, r3
10005df0:	4298      	cmp	r0, r3
10005df2:	bf86      	itte	hi
10005df4:	1ac0      	subhi	r0, r0, r3
10005df6:	b280      	uxthhi	r0, r0
10005df8:	2000      	movls	r0, #0
10005dfa:	4770      	bx	lr

10005dfc <tu_fifo_read>:
10005dfc:	b538      	push	{r3, r4, r5, lr}
10005dfe:	4604      	mov	r4, r0
10005e00:	6900      	ldr	r0, [r0, #16]
10005e02:	460d      	mov	r5, r1
10005e04:	b118      	cbz	r0, 10005e0e <tu_fifo_read+0x12>
10005e06:	f04f 31ff 	mov.w	r1, #4294967295
10005e0a:	f002 ffad 	bl	10008d68 <__mutex_enter_timeout_ms_veneer>
10005e0e:	8921      	ldrh	r1, [r4, #8]
10005e10:	8963      	ldrh	r3, [r4, #10]
10005e12:	b289      	uxth	r1, r1
10005e14:	b29b      	uxth	r3, r3
10005e16:	88a2      	ldrh	r2, [r4, #4]
10005e18:	4299      	cmp	r1, r3
10005e1a:	bf36      	itet	cc
10005e1c:	ebc3 0042 	rsbcc	r0, r3, r2, lsl #1
10005e20:	1ac8      	subcs	r0, r1, r3
10005e22:	1840      	addcc	r0, r0, r1
10005e24:	b280      	uxth	r0, r0
10005e26:	b350      	cbz	r0, 10005e7e <tu_fifo_read+0x82>
10005e28:	4282      	cmp	r2, r0
10005e2a:	d209      	bcs.n	10005e40 <tu_fifo_read+0x44>
10005e2c:	4291      	cmp	r1, r2
10005e2e:	bf2c      	ite	cs
10005e30:	1a89      	subcs	r1, r1, r2
10005e32:	1889      	addcc	r1, r1, r2
10005e34:	b28b      	uxth	r3, r1
10005e36:	429a      	cmp	r2, r3
10005e38:	8163      	strh	r3, [r4, #10]
10005e3a:	d803      	bhi.n	10005e44 <tu_fifo_read+0x48>
10005e3c:	1a9b      	subs	r3, r3, r2
10005e3e:	b29b      	uxth	r3, r3
10005e40:	429a      	cmp	r2, r3
10005e42:	d9fb      	bls.n	10005e3c <tu_fifo_read+0x40>
10005e44:	88e2      	ldrh	r2, [r4, #6]
10005e46:	6821      	ldr	r1, [r4, #0]
10005e48:	f3c2 020e 	ubfx	r2, r2, #0, #15
10005e4c:	fb02 1103 	mla	r1, r2, r3, r1
10005e50:	4628      	mov	r0, r5
10005e52:	f002 fd93 	bl	1000897c <memcpy>
10005e56:	8961      	ldrh	r1, [r4, #10]
10005e58:	2501      	movs	r5, #1
10005e5a:	b289      	uxth	r1, r1
10005e5c:	1c4b      	adds	r3, r1, #1
10005e5e:	b29b      	uxth	r3, r3
10005e60:	4299      	cmp	r1, r3
10005e62:	88a2      	ldrh	r2, [r4, #4]
10005e64:	d90e      	bls.n	10005e84 <tu_fifo_read+0x88>
10005e66:	2300      	movs	r3, #0
10005e68:	fa02 f105 	lsl.w	r1, r2, r5
10005e6c:	1a5b      	subs	r3, r3, r1
10005e6e:	b29b      	uxth	r3, r3
10005e70:	6920      	ldr	r0, [r4, #16]
10005e72:	8163      	strh	r3, [r4, #10]
10005e74:	b108      	cbz	r0, 10005e7a <tu_fifo_read+0x7e>
10005e76:	f002 ff87 	bl	10008d88 <__mutex_exit_veneer>
10005e7a:	4628      	mov	r0, r5
10005e7c:	bd38      	pop	{r3, r4, r5, pc}
10005e7e:	4605      	mov	r5, r0
10005e80:	8963      	ldrh	r3, [r4, #10]
10005e82:	b29b      	uxth	r3, r3
10005e84:	ebb3 0f42 	cmp.w	r3, r2, lsl #1
10005e88:	ea4f 0142 	mov.w	r1, r2, lsl #1
10005e8c:	dbf0      	blt.n	10005e70 <tu_fifo_read+0x74>
10005e8e:	e7ed      	b.n	10005e6c <tu_fifo_read+0x70>

10005e90 <tu_fifo_read_n>:
10005e90:	e92d 47f0 	stmdb	sp!, {r4, r5, r6, r7, r8, r9, sl, lr}
10005e94:	4606      	mov	r6, r0
10005e96:	6900      	ldr	r0, [r0, #16]
10005e98:	4688      	mov	r8, r1
10005e9a:	4691      	mov	r9, r2
10005e9c:	b118      	cbz	r0, 10005ea6 <tu_fifo_read_n+0x16>
10005e9e:	f04f 31ff 	mov.w	r1, #4294967295
10005ea2:	f002 ff61 	bl	10008d68 <__mutex_enter_timeout_ms_veneer>
10005ea6:	8933      	ldrh	r3, [r6, #8]
10005ea8:	8974      	ldrh	r4, [r6, #10]
10005eaa:	b29b      	uxth	r3, r3
10005eac:	b2a4      	uxth	r4, r4
10005eae:	88b5      	ldrh	r5, [r6, #4]
10005eb0:	42a3      	cmp	r3, r4
10005eb2:	bf36      	itet	cc
10005eb4:	ebc4 0745 	rsbcc	r7, r4, r5, lsl #1
10005eb8:	1b1f      	subcs	r7, r3, r4
10005eba:	18ff      	addcc	r7, r7, r3
10005ebc:	b2bf      	uxth	r7, r7
10005ebe:	2f00      	cmp	r7, #0
10005ec0:	d04a      	beq.n	10005f58 <tu_fifo_read_n+0xc8>
10005ec2:	42bd      	cmp	r5, r7
10005ec4:	d340      	bcc.n	10005f48 <tu_fifo_read_n+0xb8>
10005ec6:	45b9      	cmp	r9, r7
10005ec8:	bf28      	it	cs
10005eca:	46b9      	movcs	r9, r7
10005ecc:	42a5      	cmp	r5, r4
10005ece:	fa1f f789 	uxth.w	r7, r9
10005ed2:	d803      	bhi.n	10005edc <tu_fifo_read_n+0x4c>
10005ed4:	1b64      	subs	r4, r4, r5
10005ed6:	b2a4      	uxth	r4, r4
10005ed8:	42a5      	cmp	r5, r4
10005eda:	d9fb      	bls.n	10005ed4 <tu_fifo_read_n+0x44>
10005edc:	f8b6 a006 	ldrh.w	sl, [r6, #6]
10005ee0:	1b2b      	subs	r3, r5, r4
10005ee2:	6831      	ldr	r1, [r6, #0]
10005ee4:	b29b      	uxth	r3, r3
10005ee6:	f3ca 020e 	ubfx	r2, sl, #0, #15
10005eea:	429f      	cmp	r7, r3
10005eec:	4692      	mov	sl, r2
10005eee:	fb02 1104 	mla	r1, r2, r4, r1
10005ef2:	d923      	bls.n	10005f3c <tu_fifo_read_n+0xac>
10005ef4:	fb13 f302 	smulbb	r3, r3, r2
10005ef8:	fa1f f983 	uxth.w	r9, r3
10005efc:	464a      	mov	r2, r9
10005efe:	4640      	mov	r0, r8
10005f00:	1b7d      	subs	r5, r7, r5
10005f02:	f002 fd3b 	bl	1000897c <memcpy>
10005f06:	1962      	adds	r2, r4, r5
10005f08:	fb12 f20a 	smulbb	r2, r2, sl
10005f0c:	6831      	ldr	r1, [r6, #0]
10005f0e:	eb08 0009 	add.w	r0, r8, r9
10005f12:	b292      	uxth	r2, r2
10005f14:	f002 fd32 	bl	1000897c <memcpy>
10005f18:	8972      	ldrh	r2, [r6, #10]
10005f1a:	88b5      	ldrh	r5, [r6, #4]
10005f1c:	b292      	uxth	r2, r2
10005f1e:	19d3      	adds	r3, r2, r7
10005f20:	b29b      	uxth	r3, r3
10005f22:	429a      	cmp	r2, r3
10005f24:	d91a      	bls.n	10005f5c <tu_fifo_read_n+0xcc>
10005f26:	006a      	lsls	r2, r5, #1
10005f28:	1a9b      	subs	r3, r3, r2
10005f2a:	b29b      	uxth	r3, r3
10005f2c:	6930      	ldr	r0, [r6, #16]
10005f2e:	8173      	strh	r3, [r6, #10]
10005f30:	b108      	cbz	r0, 10005f36 <tu_fifo_read_n+0xa6>
10005f32:	f002 ff29 	bl	10008d88 <__mutex_exit_veneer>
10005f36:	4638      	mov	r0, r7
10005f38:	e8bd 87f0 	ldmia.w	sp!, {r4, r5, r6, r7, r8, r9, sl, pc}
10005f3c:	4640      	mov	r0, r8
10005f3e:	fb07 f202 	mul.w	r2, r7, r2
10005f42:	f002 fd1b 	bl	1000897c <memcpy>
10005f46:	e7e7      	b.n	10005f18 <tu_fifo_read_n+0x88>
10005f48:	42ab      	cmp	r3, r5
10005f4a:	bf2c      	ite	cs
10005f4c:	1b5b      	subcs	r3, r3, r5
10005f4e:	195b      	addcc	r3, r3, r5
10005f50:	b29c      	uxth	r4, r3
10005f52:	462f      	mov	r7, r5
10005f54:	8174      	strh	r4, [r6, #10]
10005f56:	e7b6      	b.n	10005ec6 <tu_fifo_read_n+0x36>
10005f58:	8973      	ldrh	r3, [r6, #10]
10005f5a:	b29b      	uxth	r3, r3
10005f5c:	ebb3 0f45 	cmp.w	r3, r5, lsl #1
10005f60:	ea4f 0245 	mov.w	r2, r5, lsl #1
10005f64:	dbe2      	blt.n	10005f2c <tu_fifo_read_n+0x9c>
10005f66:	e7df      	b.n	10005f28 <tu_fifo_read_n+0x98>

10005f68 <tu_fifo_write>:
10005f68:	b5f8      	push	{r3, r4, r5, r6, r7, lr}
10005f6a:	4604      	mov	r4, r0
10005f6c:	68c0      	ldr	r0, [r0, #12]
10005f6e:	460e      	mov	r6, r1
10005f70:	b118      	cbz	r0, 10005f7a <tu_fifo_write+0x12>
10005f72:	f04f 31ff 	mov.w	r1, #4294967295
10005f76:	f002 fef7 	bl	10008d68 <__mutex_enter_timeout_ms_veneer>
10005f7a:	8925      	ldrh	r5, [r4, #8]
10005f7c:	8923      	ldrh	r3, [r4, #8]
10005f7e:	8961      	ldrh	r1, [r4, #10]
10005f80:	b29b      	uxth	r3, r3
10005f82:	b289      	uxth	r1, r1
10005f84:	88a2      	ldrh	r2, [r4, #4]
10005f86:	428b      	cmp	r3, r1
10005f88:	bf36      	itet	cc
10005f8a:	ebc1 0142 	rsbcc	r1, r1, r2, lsl #1
10005f8e:	1a5b      	subcs	r3, r3, r1
10005f90:	185b      	addcc	r3, r3, r1
10005f92:	b29b      	uxth	r3, r3
10005f94:	429a      	cmp	r2, r3
10005f96:	b2ad      	uxth	r5, r5
10005f98:	d808      	bhi.n	10005fac <tu_fifo_write+0x44>
10005f9a:	79e7      	ldrb	r7, [r4, #7]
10005f9c:	09ff      	lsrs	r7, r7, #7
10005f9e:	d105      	bne.n	10005fac <tu_fifo_write+0x44>
10005fa0:	68e0      	ldr	r0, [r4, #12]
10005fa2:	b108      	cbz	r0, 10005fa8 <tu_fifo_write+0x40>
10005fa4:	f002 fef0 	bl	10008d88 <__mutex_exit_veneer>
10005fa8:	4638      	mov	r0, r7
10005faa:	bdf8      	pop	{r3, r4, r5, r6, r7, pc}
10005fac:	4295      	cmp	r5, r2
10005fae:	bf28      	it	cs
10005fb0:	462b      	movcs	r3, r5
10005fb2:	d318      	bcc.n	10005fe6 <tu_fifo_write+0x7e>
10005fb4:	1a9b      	subs	r3, r3, r2
10005fb6:	b29b      	uxth	r3, r3
10005fb8:	4293      	cmp	r3, r2
10005fba:	d2fb      	bcs.n	10005fb4 <tu_fifo_write+0x4c>
10005fbc:	88e2      	ldrh	r2, [r4, #6]
10005fbe:	6820      	ldr	r0, [r4, #0]
10005fc0:	f3c2 020e 	ubfx	r2, r2, #0, #15
10005fc4:	fb02 0003 	mla	r0, r2, r3, r0
10005fc8:	4631      	mov	r1, r6
10005fca:	f002 fcd7 	bl	1000897c <memcpy>
10005fce:	1c6b      	adds	r3, r5, #1
10005fd0:	b29b      	uxth	r3, r3
10005fd2:	429d      	cmp	r5, r3
10005fd4:	88a2      	ldrh	r2, [r4, #4]
10005fd6:	d912      	bls.n	10005ffe <tu_fifo_write+0x96>
10005fd8:	2300      	movs	r3, #0
10005fda:	0051      	lsls	r1, r2, #1
10005fdc:	1a5b      	subs	r3, r3, r1
10005fde:	b29b      	uxth	r3, r3
10005fe0:	2701      	movs	r7, #1
10005fe2:	8123      	strh	r3, [r4, #8]
10005fe4:	e7dc      	b.n	10005fa0 <tu_fifo_write+0x38>
10005fe6:	88e2      	ldrh	r2, [r4, #6]
10005fe8:	6820      	ldr	r0, [r4, #0]
10005fea:	f3c2 020e 	ubfx	r2, r2, #0, #15
10005fee:	fb05 0002 	mla	r0, r5, r2, r0
10005ff2:	4631      	mov	r1, r6
10005ff4:	f002 fcc2 	bl	1000897c <memcpy>
10005ff8:	3501      	adds	r5, #1
10005ffa:	88a2      	ldrh	r2, [r4, #4]
10005ffc:	b2ab      	uxth	r3, r5
10005ffe:	ebb3 0f42 	cmp.w	r3, r2, lsl #1
10006002:	ea4f 0142 	mov.w	r1, r2, lsl #1
10006006:	dbeb      	blt.n	10005fe0 <tu_fifo_write+0x78>
10006008:	e7e8      	b.n	10005fdc <tu_fifo_write+0x74>
1000600a:	bf00      	nop

1000600c <tu_fifo_write_n>:
1000600c:	e92d 4ff0 	stmdb	sp!, {r4, r5, r6, r7, r8, r9, sl, fp, lr}
10006010:	4617      	mov	r7, r2
10006012:	b083      	sub	sp, #12
10006014:	2a00      	cmp	r2, #0
10006016:	d075      	beq.n	10006104 <tu_fifo_write_n+0xf8>
10006018:	4606      	mov	r6, r0
1000601a:	68c0      	ldr	r0, [r0, #12]
1000601c:	4689      	mov	r9, r1
1000601e:	b118      	cbz	r0, 10006028 <tu_fifo_write_n+0x1c>
10006020:	f04f 31ff 	mov.w	r1, #4294967295
10006024:	f002 fea0 	bl	10008d68 <__mutex_enter_timeout_ms_veneer>
10006028:	79f3      	ldrb	r3, [r6, #7]
1000602a:	f8b6 8008 	ldrh.w	r8, [r6, #8]
1000602e:	8972      	ldrh	r2, [r6, #10]
10006030:	09db      	lsrs	r3, r3, #7
10006032:	88b5      	ldrh	r5, [r6, #4]
10006034:	fa1f f888 	uxth.w	r8, r8
10006038:	b292      	uxth	r2, r2
1000603a:	d13c      	bne.n	100060b6 <tu_fifo_write_n+0xaa>
1000603c:	4590      	cmp	r8, r2
1000603e:	bf36      	itet	cc
10006040:	ebc2 0245 	rsbcc	r2, r2, r5, lsl #1
10006044:	eba8 0202 	subcs.w	r2, r8, r2
10006048:	4442      	addcc	r2, r8
1000604a:	b292      	uxth	r2, r2
1000604c:	42aa      	cmp	r2, r5
1000604e:	d25e      	bcs.n	1000610e <tu_fifo_write_n+0x102>
10006050:	1aaa      	subs	r2, r5, r2
10006052:	b292      	uxth	r2, r2
10006054:	42ba      	cmp	r2, r7
10006056:	bf28      	it	cs
10006058:	463a      	movcs	r2, r7
1000605a:	f8b6 b006 	ldrh.w	fp, [r6, #6]
1000605e:	b297      	uxth	r7, r2
10006060:	1b7b      	subs	r3, r7, r5
10006062:	eb08 0a07 	add.w	sl, r8, r7
10006066:	f3cb 0b0e 	ubfx	fp, fp, #0, #15
1000606a:	b29b      	uxth	r3, r3
1000606c:	fa1f fa8a 	uxth.w	sl, sl
10006070:	45a8      	cmp	r8, r5
10006072:	4644      	mov	r4, r8
10006074:	d303      	bcc.n	1000607e <tu_fifo_write_n+0x72>
10006076:	1b64      	subs	r4, r4, r5
10006078:	b2a4      	uxth	r4, r4
1000607a:	42ac      	cmp	r4, r5
1000607c:	d2fb      	bcs.n	10006076 <tu_fifo_write_n+0x6a>
1000607e:	1b2d      	subs	r5, r5, r4
10006080:	6830      	ldr	r0, [r6, #0]
10006082:	b2ad      	uxth	r5, r5
10006084:	42bd      	cmp	r5, r7
10006086:	fb0b 0004 	mla	r0, fp, r4, r0
1000608a:	d357      	bcc.n	1000613c <tu_fifo_write_n+0x130>
1000608c:	4649      	mov	r1, r9
1000608e:	fb0b f207 	mul.w	r2, fp, r7
10006092:	f002 fc73 	bl	1000897c <memcpy>
10006096:	88b2      	ldrh	r2, [r6, #4]
10006098:	45d0      	cmp	r8, sl
1000609a:	ea4f 0342 	mov.w	r3, r2, lsl #1
1000609e:	d802      	bhi.n	100060a6 <tu_fifo_write_n+0x9a>
100060a0:	ebba 0f42 	cmp.w	sl, r2, lsl #1
100060a4:	db03      	blt.n	100060ae <tu_fifo_write_n+0xa2>
100060a6:	ebaa 0303 	sub.w	r3, sl, r3
100060aa:	fa1f fa83 	uxth.w	sl, r3
100060ae:	463d      	mov	r5, r7
100060b0:	f8a6 a008 	strh.w	sl, [r6, #8]
100060b4:	e02c      	b.n	10006110 <tu_fifo_write_n+0x104>
100060b6:	f8b6 b006 	ldrh.w	fp, [r6, #6]
100060ba:	42af      	cmp	r7, r5
100060bc:	f3cb 0b0e 	ubfx	fp, fp, #0, #15
100060c0:	d22f      	bcs.n	10006122 <tu_fifo_write_n+0x116>
100060c2:	4590      	cmp	r8, r2
100060c4:	bf36      	itet	cc
100060c6:	ebc2 0145 	rsbcc	r1, r2, r5, lsl #1
100060ca:	eba8 0102 	subcs.w	r1, r8, r2
100060ce:	4441      	addcc	r1, r8
100060d0:	b289      	uxth	r1, r1
100060d2:	0068      	lsls	r0, r5, #1
100060d4:	4439      	add	r1, r7
100060d6:	1b7b      	subs	r3, r7, r5
100060d8:	4281      	cmp	r1, r0
100060da:	b29b      	uxth	r3, r3
100060dc:	db0d      	blt.n	100060fa <tu_fifo_write_n+0xee>
100060de:	eb02 0a05 	add.w	sl, r2, r5
100060e2:	fa1f fa8a 	uxth.w	sl, sl
100060e6:	ebaa 0807 	sub.w	r8, sl, r7
100060ea:	fa1f f888 	uxth.w	r8, r8
100060ee:	4542      	cmp	r2, r8
100060f0:	d937      	bls.n	10006162 <tu_fifo_write_n+0x156>
100060f2:	eba8 0000 	sub.w	r0, r8, r0
100060f6:	fa1f f880 	uxth.w	r8, r0
100060fa:	eb07 0a08 	add.w	sl, r7, r8
100060fe:	fa1f fa8a 	uxth.w	sl, sl
10006102:	e7b5      	b.n	10006070 <tu_fifo_write_n+0x64>
10006104:	4615      	mov	r5, r2
10006106:	4628      	mov	r0, r5
10006108:	b003      	add	sp, #12
1000610a:	e8bd 8ff0 	ldmia.w	sp!, {r4, r5, r6, r7, r8, r9, sl, fp, pc}
1000610e:	2500      	movs	r5, #0
10006110:	68f0      	ldr	r0, [r6, #12]
10006112:	2800      	cmp	r0, #0
10006114:	d0f7      	beq.n	10006106 <tu_fifo_write_n+0xfa>
10006116:	f002 fe37 	bl	10008d88 <__mutex_exit_veneer>
1000611a:	4628      	mov	r0, r5
1000611c:	b003      	add	sp, #12
1000611e:	e8bd 8ff0 	ldmia.w	sp!, {r4, r5, r6, r7, r8, r9, sl, fp, pc}
10006122:	2d00      	cmp	r5, #0
10006124:	d0f4      	beq.n	10006110 <tu_fifo_write_n+0x104>
10006126:	1b7f      	subs	r7, r7, r5
10006128:	eb02 0a05 	add.w	sl, r2, r5
1000612c:	fb0b 9907 	mla	r9, fp, r7, r9
10006130:	4690      	mov	r8, r2
10006132:	462f      	mov	r7, r5
10006134:	2300      	movs	r3, #0
10006136:	fa1f fa8a 	uxth.w	sl, sl
1000613a:	e799      	b.n	10006070 <tu_fifo_write_n+0x64>
1000613c:	fb15 f50b 	smulbb	r5, r5, fp
10006140:	b2ad      	uxth	r5, r5
10006142:	462a      	mov	r2, r5
10006144:	4649      	mov	r1, r9
10006146:	9301      	str	r3, [sp, #4]
10006148:	f002 fc18 	bl	1000897c <memcpy>
1000614c:	9b01      	ldr	r3, [sp, #4]
1000614e:	6830      	ldr	r0, [r6, #0]
10006150:	18e2      	adds	r2, r4, r3
10006152:	fb12 f20b 	smulbb	r2, r2, fp
10006156:	eb09 0105 	add.w	r1, r9, r5
1000615a:	b292      	uxth	r2, r2
1000615c:	f002 fc0e 	bl	1000897c <memcpy>
10006160:	e799      	b.n	10006096 <tu_fifo_write_n+0x8a>
10006162:	4540      	cmp	r0, r8
10006164:	dc84      	bgt.n	10006070 <tu_fifo_write_n+0x64>
10006166:	e7c4      	b.n	100060f2 <tu_fifo_write_n+0xe6>

10006168 <tu_fifo_clear>:
10006168:	b510      	push	{r4, lr}
1000616a:	4604      	mov	r4, r0
1000616c:	68c0      	ldr	r0, [r0, #12]
1000616e:	b118      	cbz	r0, 10006178 <tu_fifo_clear+0x10>
10006170:	f04f 31ff 	mov.w	r1, #4294967295
10006174:	f002 fdf8 	bl	10008d68 <__mutex_enter_timeout_ms_veneer>
10006178:	6920      	ldr	r0, [r4, #16]
1000617a:	b118      	cbz	r0, 10006184 <tu_fifo_clear+0x1c>
1000617c:	f04f 31ff 	mov.w	r1, #4294967295
10006180:	f002 fdf2 	bl	10008d68 <__mutex_enter_timeout_ms_veneer>
10006184:	2300      	movs	r3, #0
10006186:	68e0      	ldr	r0, [r4, #12]
10006188:	8163      	strh	r3, [r4, #10]
1000618a:	8123      	strh	r3, [r4, #8]
1000618c:	b108      	cbz	r0, 10006192 <tu_fifo_clear+0x2a>
1000618e:	f002 fdfb 	bl	10008d88 <__mutex_exit_veneer>
10006192:	6920      	ldr	r0, [r4, #16]
10006194:	b108      	cbz	r0, 1000619a <tu_fifo_clear+0x32>
10006196:	f002 fdf7 	bl	10008d88 <__mutex_exit_veneer>
1000619a:	2001      	movs	r0, #1
1000619c:	bd10      	pop	{r4, pc}
1000619e:	bf00      	nop

100061a0 <tu_fifo_set_overwritable>:
100061a0:	b538      	push	{r3, r4, r5, lr}
100061a2:	4604      	mov	r4, r0
100061a4:	68c0      	ldr	r0, [r0, #12]
100061a6:	460d      	mov	r5, r1
100061a8:	b118      	cbz	r0, 100061b2 <tu_fifo_set_overwritable+0x12>
100061aa:	f04f 31ff 	mov.w	r1, #4294967295
100061ae:	f002 fddb 	bl	10008d68 <__mutex_enter_timeout_ms_veneer>
100061b2:	6920      	ldr	r0, [r4, #16]
100061b4:	b118      	cbz	r0, 100061be <tu_fifo_set_overwritable+0x1e>
100061b6:	f04f 31ff 	mov.w	r1, #4294967295
100061ba:	f002 fdd5 	bl	10008d68 <__mutex_enter_timeout_ms_veneer>
100061be:	79e3      	ldrb	r3, [r4, #7]
100061c0:	68e0      	ldr	r0, [r4, #12]
100061c2:	f365 13c7 	bfi	r3, r5, #7, #1
100061c6:	71e3      	strb	r3, [r4, #7]
100061c8:	b108      	cbz	r0, 100061ce <tu_fifo_set_overwritable+0x2e>
100061ca:	f002 fddd 	bl	10008d88 <__mutex_exit_veneer>
100061ce:	6920      	ldr	r0, [r4, #16]
100061d0:	b108      	cbz	r0, 100061d6 <tu_fifo_set_overwritable+0x36>
100061d2:	f002 fdd9 	bl	10008d88 <__mutex_exit_veneer>
100061d6:	2001      	movs	r0, #1
100061d8:	bd38      	pop	{r3, r4, r5, pc}
100061da:	bf00      	nop

100061dc <exception_set_exclusive_handler>:
100061dc:	b5f8      	push	{r3, r4, r5, r6, r7, lr}
100061de:	4604      	mov	r4, r0
100061e0:	460d      	mov	r5, r1
100061e2:	f3ef 8710 	mrs	r7, PRIMASK
100061e6:	b672      	cpsid	i
100061e8:	4b0c      	ldr	r3, [pc, #48]	@ (1000621c <exception_set_exclusive_handler+0x40>)
100061ea:	689b      	ldr	r3, [r3, #8]
100061ec:	f853 6020 	ldr.w	r6, [r3, r0, lsl #2]
100061f0:	42b1      	cmp	r1, r6
100061f2:	d004      	beq.n	100061fe <exception_set_exclusive_handler+0x22>
100061f4:	4b0a      	ldr	r3, [pc, #40]	@ (10006220 <exception_set_exclusive_handler+0x44>)
100061f6:	429e      	cmp	r6, r3
100061f8:	d20b      	bcs.n	10006212 <exception_set_exclusive_handler+0x36>
100061fa:	f7fb fc7d 	bl	10001af8 <hard_assertion_failure>
100061fe:	4b07      	ldr	r3, [pc, #28]	@ (1000621c <exception_set_exclusive_handler+0x40>)
10006200:	689b      	ldr	r3, [r3, #8]
10006202:	f843 5024 	str.w	r5, [r3, r4, lsl #2]
10006206:	f3bf 8f5f 	dmb	sy
1000620a:	f387 8810 	msr	PRIMASK, r7
1000620e:	4630      	mov	r0, r6
10006210:	bdf8      	pop	{r3, r4, r5, r6, r7, pc}
10006212:	4b04      	ldr	r3, [pc, #16]	@ (10006224 <exception_set_exclusive_handler+0x48>)
10006214:	429e      	cmp	r6, r3
10006216:	d3f2      	bcc.n	100061fe <exception_set_exclusive_handler+0x22>
10006218:	e7ef      	b.n	100061fa <exception_set_exclusive_handler+0x1e>
1000621a:	bf00      	nop
1000621c:	e000ed00 	.word	0xe000ed00
10006220:	10000110 	.word	0x10000110
10006224:	1000011c 	.word	0x1000011c

10006228 <i2c_set_baudrate>:
10006228:	b5f8      	push	{r3, r4, r5, r6, r7, lr}
1000622a:	4604      	mov	r4, r0
1000622c:	2005      	movs	r0, #5
1000622e:	460f      	mov	r7, r1
10006230:	f7fb fb58 	bl	100018e4 <clock_get_hz>
10006234:	eb00 0c57 	add.w	ip, r0, r7, lsr #1
10006238:	fbbc fcf7 	udiv	ip, ip, r7
1000623c:	4d20      	ldr	r5, [pc, #128]	@ (100062c0 <i2c_set_baudrate+0x98>)
1000623e:	eb0c 024c 	add.w	r2, ip, ip, lsl #1
10006242:	fba5 6502 	umull	r6, r5, r5, r2
10006246:	491f      	ldr	r1, [pc, #124]	@ (100062c4 <i2c_set_baudrate+0x9c>)
10006248:	08ae      	lsrs	r6, r5, #2
1000624a:	428f      	cmp	r7, r1
1000624c:	eb00 0340 	add.w	r3, r0, r0, lsl #1
10006250:	ebac 0595 	sub.w	r5, ip, r5, lsr #2
10006254:	d82e      	bhi.n	100062b4 <i2c_set_baudrate+0x8c>
10006256:	f101 41d6 	add.w	r1, r1, #1795162112	@ 0x6b000000
1000625a:	f501 01a1 	add.w	r1, r1, #5275648	@ 0x508000
1000625e:	f601 012c 	addw	r1, r1, #2092	@ 0x82c
10006262:	fba1 1303 	umull	r1, r3, r1, r3
10006266:	0d9b      	lsrs	r3, r3, #22
10006268:	3301      	adds	r3, #1
1000626a:	2100      	movs	r1, #0
1000626c:	2a4f      	cmp	r2, #79	@ 0x4f
1000626e:	bf98      	it	ls
10006270:	2201      	movls	r2, #1
10006272:	6824      	ldr	r4, [r4, #0]
10006274:	fbb0 f0fc 	udiv	r0, r0, ip
10006278:	66e1      	str	r1, [r4, #108]	@ 0x6c
1000627a:	6821      	ldr	r1, [r4, #0]
1000627c:	f504 5780 	add.w	r7, r4, #4096	@ 0x1000
10006280:	f081 0104 	eor.w	r1, r1, #4
10006284:	f001 0106 	and.w	r1, r1, #6
10006288:	6039      	str	r1, [r7, #0]
1000628a:	bf88      	it	hi
1000628c:	490c      	ldrhi	r1, [pc, #48]	@ (100062c0 <i2c_set_baudrate+0x98>)
1000628e:	61e5      	str	r5, [r4, #28]
10006290:	bf84      	itt	hi
10006292:	fba1 1202 	umullhi	r1, r2, r1, r2
10006296:	0992      	lsrhi	r2, r2, #6
10006298:	6226      	str	r6, [r4, #32]
1000629a:	f8c4 20a0 	str.w	r2, [r4, #160]	@ 0xa0
1000629e:	4622      	mov	r2, r4
100062a0:	2101      	movs	r1, #1
100062a2:	f852 5f7c 	ldr.w	r5, [r2, #124]!
100062a6:	406b      	eors	r3, r5
100062a8:	b29b      	uxth	r3, r3
100062aa:	f502 5280 	add.w	r2, r2, #4096	@ 0x1000
100062ae:	6013      	str	r3, [r2, #0]
100062b0:	66e1      	str	r1, [r4, #108]	@ 0x6c
100062b2:	bdf8      	pop	{r3, r4, r5, r6, r7, pc}
100062b4:	4904      	ldr	r1, [pc, #16]	@ (100062c8 <i2c_set_baudrate+0xa0>)
100062b6:	fba1 1303 	umull	r1, r3, r1, r3
100062ba:	0ddb      	lsrs	r3, r3, #23
100062bc:	3301      	adds	r3, #1
100062be:	e7d4      	b.n	1000626a <i2c_set_baudrate+0x42>
100062c0:	cccccccd 	.word	0xcccccccd
100062c4:	000f423f 	.word	0x000f423f
100062c8:	55e63b89 	.word	0x55e63b89

100062cc <i2c_init>:
100062cc:	4a0e      	ldr	r2, [pc, #56]	@ (10006308 <i2c_init+0x3c>)
100062ce:	b430      	push	{r4, r5}
100062d0:	4290      	cmp	r0, r2
100062d2:	bf14      	ite	ne
100062d4:	2220      	movne	r2, #32
100062d6:	2210      	moveq	r2, #16
100062d8:	4d0c      	ldr	r5, [pc, #48]	@ (1000630c <i2c_init+0x40>)
100062da:	4b0d      	ldr	r3, [pc, #52]	@ (10006310 <i2c_init+0x44>)
100062dc:	4c0d      	ldr	r4, [pc, #52]	@ (10006314 <i2c_init+0x48>)
100062de:	602a      	str	r2, [r5, #0]
100062e0:	601a      	str	r2, [r3, #0]
100062e2:	68a3      	ldr	r3, [r4, #8]
100062e4:	ea32 0303 	bics.w	r3, r2, r3
100062e8:	d1fb      	bne.n	100062e2 <i2c_init+0x16>
100062ea:	f240 1565 	movw	r5, #357	@ 0x165
100062ee:	2403      	movs	r4, #3
100062f0:	6802      	ldr	r2, [r0, #0]
100062f2:	7103      	strb	r3, [r0, #4]
100062f4:	66d3      	str	r3, [r2, #108]	@ 0x6c
100062f6:	6015      	str	r5, [r2, #0]
100062f8:	63d3      	str	r3, [r2, #60]	@ 0x3c
100062fa:	6393      	str	r3, [r2, #56]	@ 0x38
100062fc:	f8c2 4088 	str.w	r4, [r2, #136]	@ 0x88
10006300:	bc30      	pop	{r4, r5}
10006302:	f7ff bf91 	b.w	10006228 <i2c_set_baudrate>
10006306:	bf00      	nop
10006308:	20001620 	.word	0x20001620
1000630c:	40022000 	.word	0x40022000
10006310:	40023000 	.word	0x40023000
10006314:	40020000 	.word	0x40020000

10006318 <adc_init>:
10006318:	2301      	movs	r3, #1
1000631a:	4807      	ldr	r0, [pc, #28]	@ (10006338 <adc_init+0x20>)
1000631c:	4907      	ldr	r1, [pc, #28]	@ (1000633c <adc_init+0x24>)
1000631e:	4a08      	ldr	r2, [pc, #32]	@ (10006340 <adc_init+0x28>)
10006320:	6003      	str	r3, [r0, #0]
10006322:	600b      	str	r3, [r1, #0]
10006324:	6893      	ldr	r3, [r2, #8]
10006326:	07d9      	lsls	r1, r3, #31
10006328:	d5fc      	bpl.n	10006324 <adc_init+0xc>
1000632a:	2301      	movs	r3, #1
1000632c:	4a05      	ldr	r2, [pc, #20]	@ (10006344 <adc_init+0x2c>)
1000632e:	6013      	str	r3, [r2, #0]
10006330:	6813      	ldr	r3, [r2, #0]
10006332:	05db      	lsls	r3, r3, #23
10006334:	d5fc      	bpl.n	10006330 <adc_init+0x18>
10006336:	4770      	bx	lr
10006338:	40022000 	.word	0x40022000
1000633c:	40023000 	.word	0x40023000
10006340:	40020000 	.word	0x40020000
10006344:	400a0000 	.word	0x400a0000

10006348 <SystemInit>:
10006348:	b508      	push	{r3, lr}
1000634a:	2005      	movs	r0, #5
1000634c:	f7fb faca 	bl	100018e4 <clock_get_hz>
10006350:	4b01      	ldr	r3, [pc, #4]	@ (10006358 <SystemInit+0x10>)
10006352:	6018      	str	r0, [r3, #0]
10006354:	bd08      	pop	{r3, pc}
10006356:	bf00      	nop
10006358:	20001d80 	.word	0x20001d80

1000635c <prvCopyDataToQueue>:
1000635c:	b570      	push	{r4, r5, r6, lr}
1000635e:	4616      	mov	r6, r2
10006360:	6c02      	ldr	r2, [r0, #64]	@ 0x40
10006362:	4604      	mov	r4, r0
10006364:	6b85      	ldr	r5, [r0, #56]	@ 0x38
10006366:	b92a      	cbnz	r2, 10006374 <prvCopyDataToQueue+0x18>
10006368:	6806      	ldr	r6, [r0, #0]
1000636a:	3501      	adds	r5, #1
1000636c:	b34e      	cbz	r6, 100063c2 <prvCopyDataToQueue+0x66>
1000636e:	4610      	mov	r0, r2
10006370:	63a5      	str	r5, [r4, #56]	@ 0x38
10006372:	bd70      	pop	{r4, r5, r6, pc}
10006374:	b98e      	cbnz	r6, 1000639a <prvCopyDataToQueue+0x3e>
10006376:	6840      	ldr	r0, [r0, #4]
10006378:	f002 fb00 	bl	1000897c <memcpy>
1000637c:	6863      	ldr	r3, [r4, #4]
1000637e:	6c21      	ldr	r1, [r4, #64]	@ 0x40
10006380:	68a2      	ldr	r2, [r4, #8]
10006382:	440b      	add	r3, r1
10006384:	4293      	cmp	r3, r2
10006386:	6063      	str	r3, [r4, #4]
10006388:	bf28      	it	cs
1000638a:	6823      	ldrcs	r3, [r4, #0]
1000638c:	f105 0501 	add.w	r5, r5, #1
10006390:	bf28      	it	cs
10006392:	6063      	strcs	r3, [r4, #4]
10006394:	2000      	movs	r0, #0
10006396:	63a5      	str	r5, [r4, #56]	@ 0x38
10006398:	bd70      	pop	{r4, r5, r6, pc}
1000639a:	68c0      	ldr	r0, [r0, #12]
1000639c:	f002 faee 	bl	1000897c <memcpy>
100063a0:	6c22      	ldr	r2, [r4, #64]	@ 0x40
100063a2:	68e3      	ldr	r3, [r4, #12]
100063a4:	4251      	negs	r1, r2
100063a6:	1a9b      	subs	r3, r3, r2
100063a8:	6822      	ldr	r2, [r4, #0]
100063aa:	60e3      	str	r3, [r4, #12]
100063ac:	4293      	cmp	r3, r2
100063ae:	d202      	bcs.n	100063b6 <prvCopyDataToQueue+0x5a>
100063b0:	68a3      	ldr	r3, [r4, #8]
100063b2:	440b      	add	r3, r1
100063b4:	60e3      	str	r3, [r4, #12]
100063b6:	2e02      	cmp	r6, #2
100063b8:	d008      	beq.n	100063cc <prvCopyDataToQueue+0x70>
100063ba:	3501      	adds	r5, #1
100063bc:	2000      	movs	r0, #0
100063be:	63a5      	str	r5, [r4, #56]	@ 0x38
100063c0:	bd70      	pop	{r4, r5, r6, pc}
100063c2:	6880      	ldr	r0, [r0, #8]
100063c4:	f001 f936 	bl	10007634 <xTaskPriorityDisinherit>
100063c8:	60a6      	str	r6, [r4, #8]
100063ca:	e7d1      	b.n	10006370 <prvCopyDataToQueue+0x14>
100063cc:	2d01      	cmp	r5, #1
100063ce:	bf38      	it	cc
100063d0:	2501      	movcc	r5, #1
100063d2:	e7df      	b.n	10006394 <prvCopyDataToQueue+0x38>

100063d4 <xQueueGenericCreate>:
100063d4:	b570      	push	{r4, r5, r6, lr}
100063d6:	b3a0      	cbz	r0, 10006442 <xQueueGenericCreate+0x6e>
100063d8:	fba1 2300 	umull	r2, r3, r1, r0
100063dc:	4605      	mov	r5, r0
100063de:	460e      	mov	r6, r1
100063e0:	bb7b      	cbnz	r3, 10006442 <xQueueGenericCreate+0x6e>
100063e2:	fb01 f000 	mul.w	r0, r1, r0
100063e6:	f110 0f49 	cmn.w	r0, #73	@ 0x49
100063ea:	d82a      	bhi.n	10006442 <xQueueGenericCreate+0x6e>
100063ec:	3048      	adds	r0, #72	@ 0x48
100063ee:	f001 fb41 	bl	10007a74 <pvPortMalloc>
100063f2:	4604      	mov	r4, r0
100063f4:	b328      	cbz	r0, 10006442 <xQueueGenericCreate+0x6e>
100063f6:	b33e      	cbz	r6, 10006448 <xQueueGenericCreate+0x74>
100063f8:	f100 0348 	add.w	r3, r0, #72	@ 0x48
100063fc:	6023      	str	r3, [r4, #0]
100063fe:	e9c4 560f 	strd	r5, r6, [r4, #60]	@ 0x3c
10006402:	f001 fb91 	bl	10007b28 <vPortEnterCritical>
10006406:	2300      	movs	r3, #0
10006408:	20ff      	movs	r0, #255	@ 0xff
1000640a:	63a3      	str	r3, [r4, #56]	@ 0x38
1000640c:	6c21      	ldr	r1, [r4, #64]	@ 0x40
1000640e:	6be3      	ldr	r3, [r4, #60]	@ 0x3c
10006410:	6822      	ldr	r2, [r4, #0]
10006412:	fb01 f303 	mul.w	r3, r1, r3
10006416:	1a59      	subs	r1, r3, r1
10006418:	6062      	str	r2, [r4, #4]
1000641a:	4413      	add	r3, r2
1000641c:	440a      	add	r2, r1
1000641e:	e9c4 3202 	strd	r3, r2, [r4, #8]
10006422:	f884 0044 	strb.w	r0, [r4, #68]	@ 0x44
10006426:	f884 0045 	strb.w	r0, [r4, #69]	@ 0x45
1000642a:	f104 0010 	add.w	r0, r4, #16
1000642e:	f001 fcf3 	bl	10007e18 <vListInitialise>
10006432:	f104 0024 	add.w	r0, r4, #36	@ 0x24
10006436:	f001 fcef 	bl	10007e18 <vListInitialise>
1000643a:	f001 fb83 	bl	10007b44 <vPortExitCritical>
1000643e:	4620      	mov	r0, r4
10006440:	bd70      	pop	{r4, r5, r6, pc}
10006442:	2400      	movs	r4, #0
10006444:	4620      	mov	r0, r4
10006446:	bd70      	pop	{r4, r5, r6, pc}
10006448:	4603      	mov	r3, r0
1000644a:	e7d7      	b.n	100063fc <xQueueGenericCreate+0x28>

1000644c <xQueueGenericSend>:
1000644c:	e92d 43f0 	stmdb	sp!, {r4, r5, r6, r7, r8, r9, lr}
10006450:	4604      	mov	r4, r0
10006452:	b085      	sub	sp, #20
10006454:	461f      	mov	r7, r3
10006456:	9201      	str	r2, [sp, #4]
10006458:	4688      	mov	r8, r1
1000645a:	f001 fb65 	bl	10007b28 <vPortEnterCritical>
1000645e:	6ba2      	ldr	r2, [r4, #56]	@ 0x38
10006460:	6be3      	ldr	r3, [r4, #60]	@ 0x3c
10006462:	429a      	cmp	r2, r3
10006464:	d379      	bcc.n	1000655a <xQueueGenericSend+0x10e>
10006466:	2f02      	cmp	r7, #2
10006468:	d077      	beq.n	1000655a <xQueueGenericSend+0x10e>
1000646a:	2200      	movs	r2, #0
1000646c:	f104 0624 	add.w	r6, r4, #36	@ 0x24
10006470:	9b01      	ldr	r3, [sp, #4]
10006472:	2b00      	cmp	r3, #0
10006474:	f000 80d4 	beq.w	10006620 <xQueueGenericSend+0x1d4>
10006478:	2a00      	cmp	r2, #0
1000647a:	f000 80cd 	beq.w	10006618 <xQueueGenericSend+0x1cc>
1000647e:	f001 fb61 	bl	10007b44 <vPortExitCritical>
10006482:	f000 fe09 	bl	10007098 <vTaskSuspendAll>
10006486:	f001 fb4f 	bl	10007b28 <vPortEnterCritical>
1000648a:	f894 3044 	ldrb.w	r3, [r4, #68]	@ 0x44
1000648e:	2bff      	cmp	r3, #255	@ 0xff
10006490:	bf04      	itt	eq
10006492:	2300      	moveq	r3, #0
10006494:	f884 3044 	strbeq.w	r3, [r4, #68]	@ 0x44
10006498:	f894 3045 	ldrb.w	r3, [r4, #69]	@ 0x45
1000649c:	2bff      	cmp	r3, #255	@ 0xff
1000649e:	bf04      	itt	eq
100064a0:	2300      	moveq	r3, #0
100064a2:	f884 3045 	strbeq.w	r3, [r4, #69]	@ 0x45
100064a6:	f001 fb4d 	bl	10007b44 <vPortExitCritical>
100064aa:	a802      	add	r0, sp, #8
100064ac:	a901      	add	r1, sp, #4
100064ae:	f001 f88b 	bl	100075c8 <xTaskCheckForTimeOut>
100064b2:	2800      	cmp	r0, #0
100064b4:	f040 80ba 	bne.w	1000662c <xQueueGenericSend+0x1e0>
100064b8:	f001 fb36 	bl	10007b28 <vPortEnterCritical>
100064bc:	6ba2      	ldr	r2, [r4, #56]	@ 0x38
100064be:	6be3      	ldr	r3, [r4, #60]	@ 0x3c
100064c0:	429a      	cmp	r2, r3
100064c2:	d05c      	beq.n	1000657e <xQueueGenericSend+0x132>
100064c4:	f001 fb3e 	bl	10007b44 <vPortExitCritical>
100064c8:	f001 fb2e 	bl	10007b28 <vPortEnterCritical>
100064cc:	f894 2045 	ldrb.w	r2, [r4, #69]	@ 0x45
100064d0:	b255      	sxtb	r5, r2
100064d2:	2d00      	cmp	r5, #0
100064d4:	dc04      	bgt.n	100064e0 <xQueueGenericSend+0x94>
100064d6:	e011      	b.n	100064fc <xQueueGenericSend+0xb0>
100064d8:	1e6a      	subs	r2, r5, #1
100064da:	b2d3      	uxtb	r3, r2
100064dc:	b255      	sxtb	r5, r2
100064de:	b16b      	cbz	r3, 100064fc <xQueueGenericSend+0xb0>
100064e0:	6a63      	ldr	r3, [r4, #36]	@ 0x24
100064e2:	b15b      	cbz	r3, 100064fc <xQueueGenericSend+0xb0>
100064e4:	4630      	mov	r0, r6
100064e6:	f000 fffb 	bl	100074e0 <xTaskRemoveFromEventList>
100064ea:	2800      	cmp	r0, #0
100064ec:	d0f4      	beq.n	100064d8 <xQueueGenericSend+0x8c>
100064ee:	f001 f89b 	bl	10007628 <vTaskMissedYield>
100064f2:	1e6a      	subs	r2, r5, #1
100064f4:	b2d3      	uxtb	r3, r2
100064f6:	b255      	sxtb	r5, r2
100064f8:	2b00      	cmp	r3, #0
100064fa:	d1f1      	bne.n	100064e0 <xQueueGenericSend+0x94>
100064fc:	23ff      	movs	r3, #255	@ 0xff
100064fe:	f884 3045 	strb.w	r3, [r4, #69]	@ 0x45
10006502:	f001 fb1f 	bl	10007b44 <vPortExitCritical>
10006506:	f001 fb0f 	bl	10007b28 <vPortEnterCritical>
1000650a:	f894 2044 	ldrb.w	r2, [r4, #68]	@ 0x44
1000650e:	b255      	sxtb	r5, r2
10006510:	2d00      	cmp	r5, #0
10006512:	dd14      	ble.n	1000653e <xQueueGenericSend+0xf2>
10006514:	f104 0910 	add.w	r9, r4, #16
10006518:	e003      	b.n	10006522 <xQueueGenericSend+0xd6>
1000651a:	1e6a      	subs	r2, r5, #1
1000651c:	b2d3      	uxtb	r3, r2
1000651e:	b255      	sxtb	r5, r2
10006520:	b16b      	cbz	r3, 1000653e <xQueueGenericSend+0xf2>
10006522:	6923      	ldr	r3, [r4, #16]
10006524:	b15b      	cbz	r3, 1000653e <xQueueGenericSend+0xf2>
10006526:	4648      	mov	r0, r9
10006528:	f000 ffda 	bl	100074e0 <xTaskRemoveFromEventList>
1000652c:	2800      	cmp	r0, #0
1000652e:	d0f4      	beq.n	1000651a <xQueueGenericSend+0xce>
10006530:	f001 f87a 	bl	10007628 <vTaskMissedYield>
10006534:	1e6a      	subs	r2, r5, #1
10006536:	b2d3      	uxtb	r3, r2
10006538:	b255      	sxtb	r5, r2
1000653a:	2b00      	cmp	r3, #0
1000653c:	d1f1      	bne.n	10006522 <xQueueGenericSend+0xd6>
1000653e:	23ff      	movs	r3, #255	@ 0xff
10006540:	f884 3044 	strb.w	r3, [r4, #68]	@ 0x44
10006544:	f001 fafe 	bl	10007b44 <vPortExitCritical>
10006548:	f000 fdae 	bl	100070a8 <xTaskResumeAll>
1000654c:	f001 faec 	bl	10007b28 <vPortEnterCritical>
10006550:	6ba1      	ldr	r1, [r4, #56]	@ 0x38
10006552:	6be3      	ldr	r3, [r4, #60]	@ 0x3c
10006554:	2201      	movs	r2, #1
10006556:	4299      	cmp	r1, r3
10006558:	d28a      	bcs.n	10006470 <xQueueGenericSend+0x24>
1000655a:	463a      	mov	r2, r7
1000655c:	4641      	mov	r1, r8
1000655e:	4620      	mov	r0, r4
10006560:	f7ff fefc 	bl	1000635c <prvCopyDataToQueue>
10006564:	6a63      	ldr	r3, [r4, #36]	@ 0x24
10006566:	2b00      	cmp	r3, #0
10006568:	f040 80a8 	bne.w	100066bc <xQueueGenericSend+0x270>
1000656c:	2800      	cmp	r0, #0
1000656e:	f040 80a2 	bne.w	100066b6 <xQueueGenericSend+0x26a>
10006572:	f001 fae7 	bl	10007b44 <vPortExitCritical>
10006576:	2001      	movs	r0, #1
10006578:	b005      	add	sp, #20
1000657a:	e8bd 83f0 	ldmia.w	sp!, {r4, r5, r6, r7, r8, r9, pc}
1000657e:	f104 0910 	add.w	r9, r4, #16
10006582:	f001 fadf 	bl	10007b44 <vPortExitCritical>
10006586:	4648      	mov	r0, r9
10006588:	9901      	ldr	r1, [sp, #4]
1000658a:	f000 fef7 	bl	1000737c <vTaskPlaceOnEventList>
1000658e:	f001 facb 	bl	10007b28 <vPortEnterCritical>
10006592:	f894 3045 	ldrb.w	r3, [r4, #69]	@ 0x45
10006596:	b25d      	sxtb	r5, r3
10006598:	2d00      	cmp	r5, #0
1000659a:	dc04      	bgt.n	100065a6 <xQueueGenericSend+0x15a>
1000659c:	e011      	b.n	100065c2 <xQueueGenericSend+0x176>
1000659e:	1e6b      	subs	r3, r5, #1
100065a0:	b2da      	uxtb	r2, r3
100065a2:	b25d      	sxtb	r5, r3
100065a4:	b16a      	cbz	r2, 100065c2 <xQueueGenericSend+0x176>
100065a6:	6a63      	ldr	r3, [r4, #36]	@ 0x24
100065a8:	b15b      	cbz	r3, 100065c2 <xQueueGenericSend+0x176>
100065aa:	4630      	mov	r0, r6
100065ac:	f000 ff98 	bl	100074e0 <xTaskRemoveFromEventList>
100065b0:	2800      	cmp	r0, #0
100065b2:	d0f4      	beq.n	1000659e <xQueueGenericSend+0x152>
100065b4:	f001 f838 	bl	10007628 <vTaskMissedYield>
100065b8:	1e6b      	subs	r3, r5, #1
100065ba:	b2da      	uxtb	r2, r3
100065bc:	b25d      	sxtb	r5, r3
100065be:	2a00      	cmp	r2, #0
100065c0:	d1f1      	bne.n	100065a6 <xQueueGenericSend+0x15a>
100065c2:	23ff      	movs	r3, #255	@ 0xff
100065c4:	f884 3045 	strb.w	r3, [r4, #69]	@ 0x45
100065c8:	f001 fabc 	bl	10007b44 <vPortExitCritical>
100065cc:	f001 faac 	bl	10007b28 <vPortEnterCritical>
100065d0:	f894 3044 	ldrb.w	r3, [r4, #68]	@ 0x44
100065d4:	b25d      	sxtb	r5, r3
100065d6:	2d00      	cmp	r5, #0
100065d8:	dc04      	bgt.n	100065e4 <xQueueGenericSend+0x198>
100065da:	e011      	b.n	10006600 <xQueueGenericSend+0x1b4>
100065dc:	1e6b      	subs	r3, r5, #1
100065de:	b2da      	uxtb	r2, r3
100065e0:	b25d      	sxtb	r5, r3
100065e2:	b16a      	cbz	r2, 10006600 <xQueueGenericSend+0x1b4>
100065e4:	6923      	ldr	r3, [r4, #16]
100065e6:	b15b      	cbz	r3, 10006600 <xQueueGenericSend+0x1b4>
100065e8:	4648      	mov	r0, r9
100065ea:	f000 ff79 	bl	100074e0 <xTaskRemoveFromEventList>
100065ee:	2800      	cmp	r0, #0
100065f0:	d0f4      	beq.n	100065dc <xQueueGenericSend+0x190>
100065f2:	f001 f819 	bl	10007628 <vTaskMissedYield>
100065f6:	1e6b      	subs	r3, r5, #1
100065f8:	b2da      	uxtb	r2, r3
100065fa:	b25d      	sxtb	r5, r3
100065fc:	2a00      	cmp	r2, #0
100065fe:	d1f1      	bne.n	100065e4 <xQueueGenericSend+0x198>
10006600:	23ff      	movs	r3, #255	@ 0xff
10006602:	f884 3044 	strb.w	r3, [r4, #68]	@ 0x44
10006606:	f001 fa9d 	bl	10007b44 <vPortExitCritical>
1000660a:	f000 fd4d 	bl	100070a8 <xTaskResumeAll>
1000660e:	2800      	cmp	r0, #0
10006610:	d19c      	bne.n	1000654c <xQueueGenericSend+0x100>
10006612:	f001 fa7d 	bl	10007b10 <vPortYield>
10006616:	e799      	b.n	1000654c <xQueueGenericSend+0x100>
10006618:	a802      	add	r0, sp, #8
1000661a:	f000 ffc9 	bl	100075b0 <vTaskInternalSetTimeOutState>
1000661e:	e72e      	b.n	1000647e <xQueueGenericSend+0x32>
10006620:	f001 fa90 	bl	10007b44 <vPortExitCritical>
10006624:	2000      	movs	r0, #0
10006626:	b005      	add	sp, #20
10006628:	e8bd 83f0 	ldmia.w	sp!, {r4, r5, r6, r7, r8, r9, pc}
1000662c:	f001 fa7c 	bl	10007b28 <vPortEnterCritical>
10006630:	f894 3045 	ldrb.w	r3, [r4, #69]	@ 0x45
10006634:	b25d      	sxtb	r5, r3
10006636:	2d00      	cmp	r5, #0
10006638:	dd14      	ble.n	10006664 <xQueueGenericSend+0x218>
1000663a:	f104 0624 	add.w	r6, r4, #36	@ 0x24
1000663e:	e003      	b.n	10006648 <xQueueGenericSend+0x1fc>
10006640:	1e6b      	subs	r3, r5, #1
10006642:	b2da      	uxtb	r2, r3
10006644:	b25d      	sxtb	r5, r3
10006646:	b16a      	cbz	r2, 10006664 <xQueueGenericSend+0x218>
10006648:	6a63      	ldr	r3, [r4, #36]	@ 0x24
1000664a:	b15b      	cbz	r3, 10006664 <xQueueGenericSend+0x218>
1000664c:	4630      	mov	r0, r6
1000664e:	f000 ff47 	bl	100074e0 <xTaskRemoveFromEventList>
10006652:	2800      	cmp	r0, #0
10006654:	d0f4      	beq.n	10006640 <xQueueGenericSend+0x1f4>
10006656:	f000 ffe7 	bl	10007628 <vTaskMissedYield>
1000665a:	1e6b      	subs	r3, r5, #1
1000665c:	b2da      	uxtb	r2, r3
1000665e:	b25d      	sxtb	r5, r3
10006660:	2a00      	cmp	r2, #0
10006662:	d1f1      	bne.n	10006648 <xQueueGenericSend+0x1fc>
10006664:	23ff      	movs	r3, #255	@ 0xff
10006666:	f884 3045 	strb.w	r3, [r4, #69]	@ 0x45
1000666a:	f001 fa6b 	bl	10007b44 <vPortExitCritical>
1000666e:	f001 fa5b 	bl	10007b28 <vPortEnterCritical>
10006672:	f894 3044 	ldrb.w	r3, [r4, #68]	@ 0x44
10006676:	b25d      	sxtb	r5, r3
10006678:	2d00      	cmp	r5, #0
1000667a:	dd14      	ble.n	100066a6 <xQueueGenericSend+0x25a>
1000667c:	f104 0610 	add.w	r6, r4, #16
10006680:	e003      	b.n	1000668a <xQueueGenericSend+0x23e>
10006682:	1e6b      	subs	r3, r5, #1
10006684:	b2da      	uxtb	r2, r3
10006686:	b25d      	sxtb	r5, r3
10006688:	b16a      	cbz	r2, 100066a6 <xQueueGenericSend+0x25a>
1000668a:	6923      	ldr	r3, [r4, #16]
1000668c:	b15b      	cbz	r3, 100066a6 <xQueueGenericSend+0x25a>
1000668e:	4630      	mov	r0, r6
10006690:	f000 ff26 	bl	100074e0 <xTaskRemoveFromEventList>
10006694:	2800      	cmp	r0, #0
10006696:	d0f4      	beq.n	10006682 <xQueueGenericSend+0x236>
10006698:	f000 ffc6 	bl	10007628 <vTaskMissedYield>
1000669c:	1e6b      	subs	r3, r5, #1
1000669e:	b2da      	uxtb	r2, r3
100066a0:	b25d      	sxtb	r5, r3
100066a2:	2a00      	cmp	r2, #0
100066a4:	d1f1      	bne.n	1000668a <xQueueGenericSend+0x23e>
100066a6:	23ff      	movs	r3, #255	@ 0xff
100066a8:	f884 3044 	strb.w	r3, [r4, #68]	@ 0x44
100066ac:	f001 fa4a 	bl	10007b44 <vPortExitCritical>
100066b0:	f000 fcfa 	bl	100070a8 <xTaskResumeAll>
100066b4:	e7b6      	b.n	10006624 <xQueueGenericSend+0x1d8>
100066b6:	f001 fa2b 	bl	10007b10 <vPortYield>
100066ba:	e75a      	b.n	10006572 <xQueueGenericSend+0x126>
100066bc:	f104 0024 	add.w	r0, r4, #36	@ 0x24
100066c0:	f000 ff0e 	bl	100074e0 <xTaskRemoveFromEventList>
100066c4:	2800      	cmp	r0, #0
100066c6:	f43f af54 	beq.w	10006572 <xQueueGenericSend+0x126>
100066ca:	e7f4      	b.n	100066b6 <xQueueGenericSend+0x26a>

100066cc <xQueueCreateMutex>:
100066cc:	b538      	push	{r3, r4, r5, lr}
100066ce:	2048      	movs	r0, #72	@ 0x48
100066d0:	f001 f9d0 	bl	10007a74 <pvPortMalloc>
100066d4:	4604      	mov	r4, r0
100066d6:	b350      	cbz	r0, 1000672e <xQueueCreateMutex+0x62>
100066d8:	2500      	movs	r5, #0
100066da:	2301      	movs	r3, #1
100066dc:	6020      	str	r0, [r4, #0]
100066de:	e9c0 350f 	strd	r3, r5, [r0, #60]	@ 0x3c
100066e2:	f001 fa21 	bl	10007b28 <vPortEnterCritical>
100066e6:	e9d4 310f 	ldrd	r3, r1, [r4, #60]	@ 0x3c
100066ea:	20ff      	movs	r0, #255	@ 0xff
100066ec:	fb01 f303 	mul.w	r3, r1, r3
100066f0:	6822      	ldr	r2, [r4, #0]
100066f2:	1a59      	subs	r1, r3, r1
100066f4:	6062      	str	r2, [r4, #4]
100066f6:	4413      	add	r3, r2
100066f8:	440a      	add	r2, r1
100066fa:	e9c4 3202 	strd	r3, r2, [r4, #8]
100066fe:	63a5      	str	r5, [r4, #56]	@ 0x38
10006700:	f884 0044 	strb.w	r0, [r4, #68]	@ 0x44
10006704:	f884 0045 	strb.w	r0, [r4, #69]	@ 0x45
10006708:	f104 0010 	add.w	r0, r4, #16
1000670c:	f001 fb84 	bl	10007e18 <vListInitialise>
10006710:	f104 0024 	add.w	r0, r4, #36	@ 0x24
10006714:	f001 fb80 	bl	10007e18 <vListInitialise>
10006718:	f001 fa14 	bl	10007b44 <vPortExitCritical>
1000671c:	462b      	mov	r3, r5
1000671e:	462a      	mov	r2, r5
10006720:	4629      	mov	r1, r5
10006722:	4620      	mov	r0, r4
10006724:	60a5      	str	r5, [r4, #8]
10006726:	6025      	str	r5, [r4, #0]
10006728:	60e5      	str	r5, [r4, #12]
1000672a:	f7ff fe8f 	bl	1000644c <xQueueGenericSend>
1000672e:	4620      	mov	r0, r4
10006730:	bd38      	pop	{r3, r4, r5, pc}
10006732:	bf00      	nop

10006734 <xQueueReceive>:
10006734:	e92d 43f0 	stmdb	sp!, {r4, r5, r6, r7, r8, r9, lr}
10006738:	4604      	mov	r4, r0
1000673a:	b085      	sub	sp, #20
1000673c:	4688      	mov	r8, r1
1000673e:	9201      	str	r2, [sp, #4]
10006740:	f001 f9f2 	bl	10007b28 <vPortEnterCritical>
10006744:	6ba5      	ldr	r5, [r4, #56]	@ 0x38
10006746:	2d00      	cmp	r5, #0
10006748:	f040 8117 	bne.w	1000697a <xQueueReceive+0x246>
1000674c:	9b01      	ldr	r3, [sp, #4]
1000674e:	2b00      	cmp	r3, #0
10006750:	f000 80c6 	beq.w	100068e0 <xQueueReceive+0x1ac>
10006754:	a802      	add	r0, sp, #8
10006756:	f000 ff2b 	bl	100075b0 <vTaskInternalSetTimeOutState>
1000675a:	462f      	mov	r7, r5
1000675c:	f104 0624 	add.w	r6, r4, #36	@ 0x24
10006760:	f001 f9f0 	bl	10007b44 <vPortExitCritical>
10006764:	f000 fc98 	bl	10007098 <vTaskSuspendAll>
10006768:	f001 f9de 	bl	10007b28 <vPortEnterCritical>
1000676c:	f894 3044 	ldrb.w	r3, [r4, #68]	@ 0x44
10006770:	2bff      	cmp	r3, #255	@ 0xff
10006772:	bf08      	it	eq
10006774:	f884 7044 	strbeq.w	r7, [r4, #68]	@ 0x44
10006778:	f894 3045 	ldrb.w	r3, [r4, #69]	@ 0x45
1000677c:	2bff      	cmp	r3, #255	@ 0xff
1000677e:	bf08      	it	eq
10006780:	f884 7045 	strbeq.w	r7, [r4, #69]	@ 0x45
10006784:	f001 f9de 	bl	10007b44 <vPortExitCritical>
10006788:	a901      	add	r1, sp, #4
1000678a:	a802      	add	r0, sp, #8
1000678c:	f000 ff1c 	bl	100075c8 <xTaskCheckForTimeOut>
10006790:	2800      	cmp	r0, #0
10006792:	d154      	bne.n	1000683e <xQueueReceive+0x10a>
10006794:	f001 f9c8 	bl	10007b28 <vPortEnterCritical>
10006798:	6ba3      	ldr	r3, [r4, #56]	@ 0x38
1000679a:	2b00      	cmp	r3, #0
1000679c:	f040 80a6 	bne.w	100068ec <xQueueReceive+0x1b8>
100067a0:	f104 0924 	add.w	r9, r4, #36	@ 0x24
100067a4:	f001 f9ce 	bl	10007b44 <vPortExitCritical>
100067a8:	4648      	mov	r0, r9
100067aa:	9901      	ldr	r1, [sp, #4]
100067ac:	f000 fde6 	bl	1000737c <vTaskPlaceOnEventList>
100067b0:	f001 f9ba 	bl	10007b28 <vPortEnterCritical>
100067b4:	f894 3045 	ldrb.w	r3, [r4, #69]	@ 0x45
100067b8:	b25d      	sxtb	r5, r3
100067ba:	2d00      	cmp	r5, #0
100067bc:	dc04      	bgt.n	100067c8 <xQueueReceive+0x94>
100067be:	e011      	b.n	100067e4 <xQueueReceive+0xb0>
100067c0:	1e6b      	subs	r3, r5, #1
100067c2:	b2da      	uxtb	r2, r3
100067c4:	b25d      	sxtb	r5, r3
100067c6:	b16a      	cbz	r2, 100067e4 <xQueueReceive+0xb0>
100067c8:	6a63      	ldr	r3, [r4, #36]	@ 0x24
100067ca:	b15b      	cbz	r3, 100067e4 <xQueueReceive+0xb0>
100067cc:	4648      	mov	r0, r9
100067ce:	f000 fe87 	bl	100074e0 <xTaskRemoveFromEventList>
100067d2:	2800      	cmp	r0, #0
100067d4:	d0f4      	beq.n	100067c0 <xQueueReceive+0x8c>
100067d6:	f000 ff27 	bl	10007628 <vTaskMissedYield>
100067da:	1e6b      	subs	r3, r5, #1
100067dc:	b2da      	uxtb	r2, r3
100067de:	b25d      	sxtb	r5, r3
100067e0:	2a00      	cmp	r2, #0
100067e2:	d1f1      	bne.n	100067c8 <xQueueReceive+0x94>
100067e4:	23ff      	movs	r3, #255	@ 0xff
100067e6:	f884 3045 	strb.w	r3, [r4, #69]	@ 0x45
100067ea:	f001 f9ab 	bl	10007b44 <vPortExitCritical>
100067ee:	f001 f99b 	bl	10007b28 <vPortEnterCritical>
100067f2:	f894 3044 	ldrb.w	r3, [r4, #68]	@ 0x44
100067f6:	b25d      	sxtb	r5, r3
100067f8:	2d00      	cmp	r5, #0
100067fa:	dd14      	ble.n	10006826 <xQueueReceive+0xf2>
100067fc:	f104 0910 	add.w	r9, r4, #16
10006800:	e003      	b.n	1000680a <xQueueReceive+0xd6>
10006802:	1e6b      	subs	r3, r5, #1
10006804:	b2da      	uxtb	r2, r3
10006806:	b25d      	sxtb	r5, r3
10006808:	b16a      	cbz	r2, 10006826 <xQueueReceive+0xf2>
1000680a:	6923      	ldr	r3, [r4, #16]
1000680c:	b15b      	cbz	r3, 10006826 <xQueueReceive+0xf2>
1000680e:	4648      	mov	r0, r9
10006810:	f000 fe66 	bl	100074e0 <xTaskRemoveFromEventList>
10006814:	2800      	cmp	r0, #0
10006816:	d0f4      	beq.n	10006802 <xQueueReceive+0xce>
10006818:	f000 ff06 	bl	10007628 <vTaskMissedYield>
1000681c:	1e6b      	subs	r3, r5, #1
1000681e:	b2da      	uxtb	r2, r3
10006820:	b25d      	sxtb	r5, r3
10006822:	2a00      	cmp	r2, #0
10006824:	d1f1      	bne.n	1000680a <xQueueReceive+0xd6>
10006826:	23ff      	movs	r3, #255	@ 0xff
10006828:	f884 3044 	strb.w	r3, [r4, #68]	@ 0x44
1000682c:	f001 f98a 	bl	10007b44 <vPortExitCritical>
10006830:	f000 fc3a 	bl	100070a8 <xTaskResumeAll>
10006834:	2800      	cmp	r0, #0
10006836:	d14a      	bne.n	100068ce <xQueueReceive+0x19a>
10006838:	f001 f96a 	bl	10007b10 <vPortYield>
1000683c:	e047      	b.n	100068ce <xQueueReceive+0x19a>
1000683e:	f001 f973 	bl	10007b28 <vPortEnterCritical>
10006842:	f894 3045 	ldrb.w	r3, [r4, #69]	@ 0x45
10006846:	b25d      	sxtb	r5, r3
10006848:	2d00      	cmp	r5, #0
1000684a:	dc04      	bgt.n	10006856 <xQueueReceive+0x122>
1000684c:	e011      	b.n	10006872 <xQueueReceive+0x13e>
1000684e:	1e6b      	subs	r3, r5, #1
10006850:	b2da      	uxtb	r2, r3
10006852:	b25d      	sxtb	r5, r3
10006854:	b16a      	cbz	r2, 10006872 <xQueueReceive+0x13e>
10006856:	6a63      	ldr	r3, [r4, #36]	@ 0x24
10006858:	b15b      	cbz	r3, 10006872 <xQueueReceive+0x13e>
1000685a:	4630      	mov	r0, r6
1000685c:	f000 fe40 	bl	100074e0 <xTaskRemoveFromEventList>
10006860:	2800      	cmp	r0, #0
10006862:	d0f4      	beq.n	1000684e <xQueueReceive+0x11a>
10006864:	f000 fee0 	bl	10007628 <vTaskMissedYield>
10006868:	1e6b      	subs	r3, r5, #1
1000686a:	b2da      	uxtb	r2, r3
1000686c:	b25d      	sxtb	r5, r3
1000686e:	2a00      	cmp	r2, #0
10006870:	d1f1      	bne.n	10006856 <xQueueReceive+0x122>
10006872:	23ff      	movs	r3, #255	@ 0xff
10006874:	f884 3045 	strb.w	r3, [r4, #69]	@ 0x45
10006878:	f001 f964 	bl	10007b44 <vPortExitCritical>
1000687c:	f001 f954 	bl	10007b28 <vPortEnterCritical>
10006880:	f894 3044 	ldrb.w	r3, [r4, #68]	@ 0x44
10006884:	b25d      	sxtb	r5, r3
10006886:	2d00      	cmp	r5, #0
10006888:	dd14      	ble.n	100068b4 <xQueueReceive+0x180>
1000688a:	f104 0910 	add.w	r9, r4, #16
1000688e:	e003      	b.n	10006898 <xQueueReceive+0x164>
10006890:	1e6b      	subs	r3, r5, #1
10006892:	b2da      	uxtb	r2, r3
10006894:	b25d      	sxtb	r5, r3
10006896:	b16a      	cbz	r2, 100068b4 <xQueueReceive+0x180>
10006898:	6923      	ldr	r3, [r4, #16]
1000689a:	b15b      	cbz	r3, 100068b4 <xQueueReceive+0x180>
1000689c:	4648      	mov	r0, r9
1000689e:	f000 fe1f 	bl	100074e0 <xTaskRemoveFromEventList>
100068a2:	2800      	cmp	r0, #0
100068a4:	d0f4      	beq.n	10006890 <xQueueReceive+0x15c>
100068a6:	f000 febf 	bl	10007628 <vTaskMissedYield>
100068aa:	1e6b      	subs	r3, r5, #1
100068ac:	b2da      	uxtb	r2, r3
100068ae:	b25d      	sxtb	r5, r3
100068b0:	2a00      	cmp	r2, #0
100068b2:	d1f1      	bne.n	10006898 <xQueueReceive+0x164>
100068b4:	23ff      	movs	r3, #255	@ 0xff
100068b6:	f884 3044 	strb.w	r3, [r4, #68]	@ 0x44
100068ba:	f001 f943 	bl	10007b44 <vPortExitCritical>
100068be:	f000 fbf3 	bl	100070a8 <xTaskResumeAll>
100068c2:	f001 f931 	bl	10007b28 <vPortEnterCritical>
100068c6:	6ba3      	ldr	r3, [r4, #56]	@ 0x38
100068c8:	b153      	cbz	r3, 100068e0 <xQueueReceive+0x1ac>
100068ca:	f001 f93b 	bl	10007b44 <vPortExitCritical>
100068ce:	f001 f92b 	bl	10007b28 <vPortEnterCritical>
100068d2:	6ba5      	ldr	r5, [r4, #56]	@ 0x38
100068d4:	2d00      	cmp	r5, #0
100068d6:	d150      	bne.n	1000697a <xQueueReceive+0x246>
100068d8:	9b01      	ldr	r3, [sp, #4]
100068da:	2b00      	cmp	r3, #0
100068dc:	f47f af40 	bne.w	10006760 <xQueueReceive+0x2c>
100068e0:	f001 f930 	bl	10007b44 <vPortExitCritical>
100068e4:	2000      	movs	r0, #0
100068e6:	b005      	add	sp, #20
100068e8:	e8bd 83f0 	ldmia.w	sp!, {r4, r5, r6, r7, r8, r9, pc}
100068ec:	f001 f92a 	bl	10007b44 <vPortExitCritical>
100068f0:	f001 f91a 	bl	10007b28 <vPortEnterCritical>
100068f4:	f894 3045 	ldrb.w	r3, [r4, #69]	@ 0x45
100068f8:	b25d      	sxtb	r5, r3
100068fa:	2d00      	cmp	r5, #0
100068fc:	dd14      	ble.n	10006928 <xQueueReceive+0x1f4>
100068fe:	f104 0924 	add.w	r9, r4, #36	@ 0x24
10006902:	e003      	b.n	1000690c <xQueueReceive+0x1d8>
10006904:	1e6b      	subs	r3, r5, #1
10006906:	b2da      	uxtb	r2, r3
10006908:	b25d      	sxtb	r5, r3
1000690a:	b16a      	cbz	r2, 10006928 <xQueueReceive+0x1f4>
1000690c:	6a63      	ldr	r3, [r4, #36]	@ 0x24
1000690e:	b15b      	cbz	r3, 10006928 <xQueueReceive+0x1f4>
10006910:	4648      	mov	r0, r9
10006912:	f000 fde5 	bl	100074e0 <xTaskRemoveFromEventList>
10006916:	2800      	cmp	r0, #0
10006918:	d0f4      	beq.n	10006904 <xQueueReceive+0x1d0>
1000691a:	f000 fe85 	bl	10007628 <vTaskMissedYield>
1000691e:	1e6b      	subs	r3, r5, #1
10006920:	b2da      	uxtb	r2, r3
10006922:	b25d      	sxtb	r5, r3
10006924:	2a00      	cmp	r2, #0
10006926:	d1f1      	bne.n	1000690c <xQueueReceive+0x1d8>
10006928:	23ff      	movs	r3, #255	@ 0xff
1000692a:	f884 3045 	strb.w	r3, [r4, #69]	@ 0x45
1000692e:	f001 f909 	bl	10007b44 <vPortExitCritical>
10006932:	f001 f8f9 	bl	10007b28 <vPortEnterCritical>
10006936:	f894 3044 	ldrb.w	r3, [r4, #68]	@ 0x44
1000693a:	b25d      	sxtb	r5, r3
1000693c:	2d00      	cmp	r5, #0
1000693e:	dd14      	ble.n	1000696a <xQueueReceive+0x236>
10006940:	f104 0910 	add.w	r9, r4, #16
10006944:	e003      	b.n	1000694e <xQueueReceive+0x21a>
10006946:	1e6b      	subs	r3, r5, #1
10006948:	b2da      	uxtb	r2, r3
1000694a:	b25d      	sxtb	r5, r3
1000694c:	b16a      	cbz	r2, 1000696a <xQueueReceive+0x236>
1000694e:	6923      	ldr	r3, [r4, #16]
10006950:	b15b      	cbz	r3, 1000696a <xQueueReceive+0x236>
10006952:	4648      	mov	r0, r9
10006954:	f000 fdc4 	bl	100074e0 <xTaskRemoveFromEventList>
10006958:	2800      	cmp	r0, #0
1000695a:	d0f4      	beq.n	10006946 <xQueueReceive+0x212>
1000695c:	f000 fe64 	bl	10007628 <vTaskMissedYield>
10006960:	1e6b      	subs	r3, r5, #1
10006962:	b2da      	uxtb	r2, r3
10006964:	b25d      	sxtb	r5, r3
10006966:	2a00      	cmp	r2, #0
10006968:	d1f1      	bne.n	1000694e <xQueueReceive+0x21a>
1000696a:	23ff      	movs	r3, #255	@ 0xff
1000696c:	f884 3044 	strb.w	r3, [r4, #68]	@ 0x44
10006970:	f001 f8e8 	bl	10007b44 <vPortExitCritical>
10006974:	f000 fb98 	bl	100070a8 <xTaskResumeAll>
10006978:	e7a9      	b.n	100068ce <xQueueReceive+0x19a>
1000697a:	6c22      	ldr	r2, [r4, #64]	@ 0x40
1000697c:	b15a      	cbz	r2, 10006996 <xQueueReceive+0x262>
1000697e:	68e1      	ldr	r1, [r4, #12]
10006980:	68a3      	ldr	r3, [r4, #8]
10006982:	4411      	add	r1, r2
10006984:	4299      	cmp	r1, r3
10006986:	60e1      	str	r1, [r4, #12]
10006988:	bf28      	it	cs
1000698a:	6821      	ldrcs	r1, [r4, #0]
1000698c:	4640      	mov	r0, r8
1000698e:	bf28      	it	cs
10006990:	60e1      	strcs	r1, [r4, #12]
10006992:	f001 fff3 	bl	1000897c <memcpy>
10006996:	6923      	ldr	r3, [r4, #16]
10006998:	3d01      	subs	r5, #1
1000699a:	63a5      	str	r5, [r4, #56]	@ 0x38
1000699c:	b92b      	cbnz	r3, 100069aa <xQueueReceive+0x276>
1000699e:	f001 f8d1 	bl	10007b44 <vPortExitCritical>
100069a2:	2001      	movs	r0, #1
100069a4:	b005      	add	sp, #20
100069a6:	e8bd 83f0 	ldmia.w	sp!, {r4, r5, r6, r7, r8, r9, pc}
100069aa:	f104 0010 	add.w	r0, r4, #16
100069ae:	f000 fd97 	bl	100074e0 <xTaskRemoveFromEventList>
100069b2:	2800      	cmp	r0, #0
100069b4:	d0f3      	beq.n	1000699e <xQueueReceive+0x26a>
100069b6:	f001 f8ab 	bl	10007b10 <vPortYield>
100069ba:	e7f0      	b.n	1000699e <xQueueReceive+0x26a>

100069bc <vQueueAddToRegistry>:
100069bc:	2900      	cmp	r1, #0
100069be:	d06b      	beq.n	10006a98 <vQueueAddToRegistry+0xdc>
100069c0:	4b56      	ldr	r3, [pc, #344]	@ (10006b1c <vQueueAddToRegistry+0x160>)
100069c2:	685a      	ldr	r2, [r3, #4]
100069c4:	4290      	cmp	r0, r2
100069c6:	f000 808b 	beq.w	10006ae0 <vQueueAddToRegistry+0x124>
100069ca:	681a      	ldr	r2, [r3, #0]
100069cc:	b410      	push	{r4}
100069ce:	2a00      	cmp	r2, #0
100069d0:	d03b      	beq.n	10006a4a <vQueueAddToRegistry+0x8e>
100069d2:	68da      	ldr	r2, [r3, #12]
100069d4:	4290      	cmp	r0, r2
100069d6:	f000 809e 	beq.w	10006b16 <vQueueAddToRegistry+0x15a>
100069da:	689a      	ldr	r2, [r3, #8]
100069dc:	2a00      	cmp	r2, #0
100069de:	d055      	beq.n	10006a8c <vQueueAddToRegistry+0xd0>
100069e0:	695a      	ldr	r2, [r3, #20]
100069e2:	4290      	cmp	r0, r2
100069e4:	f000 8095 	beq.w	10006b12 <vQueueAddToRegistry+0x156>
100069e8:	691a      	ldr	r2, [r3, #16]
100069ea:	2a00      	cmp	r2, #0
100069ec:	d055      	beq.n	10006a9a <vQueueAddToRegistry+0xde>
100069ee:	69da      	ldr	r2, [r3, #28]
100069f0:	4290      	cmp	r0, r2
100069f2:	f000 8082 	beq.w	10006afa <vQueueAddToRegistry+0x13e>
100069f6:	699a      	ldr	r2, [r3, #24]
100069f8:	2a00      	cmp	r2, #0
100069fa:	d054      	beq.n	10006aa6 <vQueueAddToRegistry+0xea>
100069fc:	6a5a      	ldr	r2, [r3, #36]	@ 0x24
100069fe:	4290      	cmp	r0, r2
10006a00:	d056      	beq.n	10006ab0 <vQueueAddToRegistry+0xf4>
10006a02:	6a1a      	ldr	r2, [r3, #32]
10006a04:	2a00      	cmp	r2, #0
10006a06:	d057      	beq.n	10006ab8 <vQueueAddToRegistry+0xfc>
10006a08:	6ada      	ldr	r2, [r3, #44]	@ 0x2c
10006a0a:	4290      	cmp	r0, r2
10006a0c:	d077      	beq.n	10006afe <vQueueAddToRegistry+0x142>
10006a0e:	6a9a      	ldr	r2, [r3, #40]	@ 0x28
10006a10:	2a00      	cmp	r2, #0
10006a12:	d056      	beq.n	10006ac2 <vQueueAddToRegistry+0x106>
10006a14:	6b5a      	ldr	r2, [r3, #52]	@ 0x34
10006a16:	4290      	cmp	r0, r2
10006a18:	d073      	beq.n	10006b02 <vQueueAddToRegistry+0x146>
10006a1a:	6b1a      	ldr	r2, [r3, #48]	@ 0x30
10006a1c:	2a00      	cmp	r2, #0
10006a1e:	d055      	beq.n	10006acc <vQueueAddToRegistry+0x110>
10006a20:	6bda      	ldr	r2, [r3, #60]	@ 0x3c
10006a22:	4290      	cmp	r0, r2
10006a24:	d06f      	beq.n	10006b06 <vQueueAddToRegistry+0x14a>
10006a26:	6b9a      	ldr	r2, [r3, #56]	@ 0x38
10006a28:	2a00      	cmp	r2, #0
10006a2a:	d054      	beq.n	10006ad6 <vQueueAddToRegistry+0x11a>
10006a2c:	6c5a      	ldr	r2, [r3, #68]	@ 0x44
10006a2e:	4290      	cmp	r0, r2
10006a30:	d06b      	beq.n	10006b0a <vQueueAddToRegistry+0x14e>
10006a32:	6c1a      	ldr	r2, [r3, #64]	@ 0x40
10006a34:	2a00      	cmp	r2, #0
10006a36:	d059      	beq.n	10006aec <vQueueAddToRegistry+0x130>
10006a38:	6cda      	ldr	r2, [r3, #76]	@ 0x4c
10006a3a:	4290      	cmp	r0, r2
10006a3c:	d067      	beq.n	10006b0e <vQueueAddToRegistry+0x152>
10006a3e:	6c9b      	ldr	r3, [r3, #72]	@ 0x48
10006a40:	2b00      	cmp	r3, #0
10006a42:	d058      	beq.n	10006af6 <vQueueAddToRegistry+0x13a>
10006a44:	f85d 4b04 	ldr.w	r4, [sp], #4
10006a48:	4770      	bx	lr
10006a4a:	68da      	ldr	r2, [r3, #12]
10006a4c:	4290      	cmp	r0, r2
10006a4e:	d062      	beq.n	10006b16 <vQueueAddToRegistry+0x15a>
10006a50:	695a      	ldr	r2, [r3, #20]
10006a52:	4290      	cmp	r0, r2
10006a54:	d05d      	beq.n	10006b12 <vQueueAddToRegistry+0x156>
10006a56:	461a      	mov	r2, r3
10006a58:	69dc      	ldr	r4, [r3, #28]
10006a5a:	42a0      	cmp	r0, r4
10006a5c:	d04d      	beq.n	10006afa <vQueueAddToRegistry+0x13e>
10006a5e:	6a5c      	ldr	r4, [r3, #36]	@ 0x24
10006a60:	42a0      	cmp	r0, r4
10006a62:	d025      	beq.n	10006ab0 <vQueueAddToRegistry+0xf4>
10006a64:	6adc      	ldr	r4, [r3, #44]	@ 0x2c
10006a66:	42a0      	cmp	r0, r4
10006a68:	d049      	beq.n	10006afe <vQueueAddToRegistry+0x142>
10006a6a:	6b5c      	ldr	r4, [r3, #52]	@ 0x34
10006a6c:	42a0      	cmp	r0, r4
10006a6e:	d048      	beq.n	10006b02 <vQueueAddToRegistry+0x146>
10006a70:	6bdc      	ldr	r4, [r3, #60]	@ 0x3c
10006a72:	42a0      	cmp	r0, r4
10006a74:	d047      	beq.n	10006b06 <vQueueAddToRegistry+0x14a>
10006a76:	6c5c      	ldr	r4, [r3, #68]	@ 0x44
10006a78:	42a0      	cmp	r0, r4
10006a7a:	d046      	beq.n	10006b0a <vQueueAddToRegistry+0x14e>
10006a7c:	6cdc      	ldr	r4, [r3, #76]	@ 0x4c
10006a7e:	42a0      	cmp	r0, r4
10006a80:	d045      	beq.n	10006b0e <vQueueAddToRegistry+0x152>
10006a82:	e9c2 1000 	strd	r1, r0, [r2]
10006a86:	f85d 4b04 	ldr.w	r4, [sp], #4
10006a8a:	4770      	bx	lr
10006a8c:	695a      	ldr	r2, [r3, #20]
10006a8e:	4290      	cmp	r0, r2
10006a90:	d03f      	beq.n	10006b12 <vQueueAddToRegistry+0x156>
10006a92:	f103 0208 	add.w	r2, r3, #8
10006a96:	e7df      	b.n	10006a58 <vQueueAddToRegistry+0x9c>
10006a98:	4770      	bx	lr
10006a9a:	69da      	ldr	r2, [r3, #28]
10006a9c:	4290      	cmp	r0, r2
10006a9e:	d02c      	beq.n	10006afa <vQueueAddToRegistry+0x13e>
10006aa0:	f103 0210 	add.w	r2, r3, #16
10006aa4:	e7db      	b.n	10006a5e <vQueueAddToRegistry+0xa2>
10006aa6:	6a5a      	ldr	r2, [r3, #36]	@ 0x24
10006aa8:	4290      	cmp	r0, r2
10006aaa:	d001      	beq.n	10006ab0 <vQueueAddToRegistry+0xf4>
10006aac:	4a1c      	ldr	r2, [pc, #112]	@ (10006b20 <vQueueAddToRegistry+0x164>)
10006aae:	e7d9      	b.n	10006a64 <vQueueAddToRegistry+0xa8>
10006ab0:	2204      	movs	r2, #4
10006ab2:	eb03 02c2 	add.w	r2, r3, r2, lsl #3
10006ab6:	e7e4      	b.n	10006a82 <vQueueAddToRegistry+0xc6>
10006ab8:	6ada      	ldr	r2, [r3, #44]	@ 0x2c
10006aba:	4290      	cmp	r0, r2
10006abc:	d01f      	beq.n	10006afe <vQueueAddToRegistry+0x142>
10006abe:	4a19      	ldr	r2, [pc, #100]	@ (10006b24 <vQueueAddToRegistry+0x168>)
10006ac0:	e7d3      	b.n	10006a6a <vQueueAddToRegistry+0xae>
10006ac2:	6b5a      	ldr	r2, [r3, #52]	@ 0x34
10006ac4:	4290      	cmp	r0, r2
10006ac6:	d01c      	beq.n	10006b02 <vQueueAddToRegistry+0x146>
10006ac8:	4a17      	ldr	r2, [pc, #92]	@ (10006b28 <vQueueAddToRegistry+0x16c>)
10006aca:	e7d1      	b.n	10006a70 <vQueueAddToRegistry+0xb4>
10006acc:	6bda      	ldr	r2, [r3, #60]	@ 0x3c
10006ace:	4290      	cmp	r0, r2
10006ad0:	d019      	beq.n	10006b06 <vQueueAddToRegistry+0x14a>
10006ad2:	4a16      	ldr	r2, [pc, #88]	@ (10006b2c <vQueueAddToRegistry+0x170>)
10006ad4:	e7cf      	b.n	10006a76 <vQueueAddToRegistry+0xba>
10006ad6:	6c5a      	ldr	r2, [r3, #68]	@ 0x44
10006ad8:	4290      	cmp	r0, r2
10006ada:	d016      	beq.n	10006b0a <vQueueAddToRegistry+0x14e>
10006adc:	4a14      	ldr	r2, [pc, #80]	@ (10006b30 <vQueueAddToRegistry+0x174>)
10006ade:	e7cd      	b.n	10006a7c <vQueueAddToRegistry+0xc0>
10006ae0:	2200      	movs	r2, #0
10006ae2:	eb03 02c2 	add.w	r2, r3, r2, lsl #3
10006ae6:	e9c2 1000 	strd	r1, r0, [r2]
10006aea:	4770      	bx	lr
10006aec:	6cda      	ldr	r2, [r3, #76]	@ 0x4c
10006aee:	4290      	cmp	r0, r2
10006af0:	d00d      	beq.n	10006b0e <vQueueAddToRegistry+0x152>
10006af2:	4a10      	ldr	r2, [pc, #64]	@ (10006b34 <vQueueAddToRegistry+0x178>)
10006af4:	e7c5      	b.n	10006a82 <vQueueAddToRegistry+0xc6>
10006af6:	4a10      	ldr	r2, [pc, #64]	@ (10006b38 <vQueueAddToRegistry+0x17c>)
10006af8:	e7c3      	b.n	10006a82 <vQueueAddToRegistry+0xc6>
10006afa:	2203      	movs	r2, #3
10006afc:	e7d9      	b.n	10006ab2 <vQueueAddToRegistry+0xf6>
10006afe:	2205      	movs	r2, #5
10006b00:	e7d7      	b.n	10006ab2 <vQueueAddToRegistry+0xf6>
10006b02:	2206      	movs	r2, #6
10006b04:	e7d5      	b.n	10006ab2 <vQueueAddToRegistry+0xf6>
10006b06:	2207      	movs	r2, #7
10006b08:	e7d3      	b.n	10006ab2 <vQueueAddToRegistry+0xf6>
10006b0a:	2208      	movs	r2, #8
10006b0c:	e7d1      	b.n	10006ab2 <vQueueAddToRegistry+0xf6>
10006b0e:	2209      	movs	r2, #9
10006b10:	e7cf      	b.n	10006ab2 <vQueueAddToRegistry+0xf6>
10006b12:	2202      	movs	r2, #2
10006b14:	e7cd      	b.n	10006ab2 <vQueueAddToRegistry+0xf6>
10006b16:	2201      	movs	r2, #1
10006b18:	e7cb      	b.n	10006ab2 <vQueueAddToRegistry+0xf6>
10006b1a:	bf00      	nop
10006b1c:	20001d30 	.word	0x20001d30
10006b20:	20001d48 	.word	0x20001d48
10006b24:	20001d50 	.word	0x20001d50
10006b28:	20001d58 	.word	0x20001d58
10006b2c:	20001d60 	.word	0x20001d60
10006b30:	20001d68 	.word	0x20001d68
10006b34:	20001d70 	.word	0x20001d70
10006b38:	20001d78 	.word	0x20001d78

10006b3c <vQueueWaitForMessageRestricted>:
10006b3c:	b570      	push	{r4, r5, r6, lr}
10006b3e:	4605      	mov	r5, r0
10006b40:	460e      	mov	r6, r1
10006b42:	4614      	mov	r4, r2
10006b44:	f000 fff0 	bl	10007b28 <vPortEnterCritical>
10006b48:	f895 3044 	ldrb.w	r3, [r5, #68]	@ 0x44
10006b4c:	2bff      	cmp	r3, #255	@ 0xff
10006b4e:	bf04      	itt	eq
10006b50:	2300      	moveq	r3, #0
10006b52:	f885 3044 	strbeq.w	r3, [r5, #68]	@ 0x44
10006b56:	f895 3045 	ldrb.w	r3, [r5, #69]	@ 0x45
10006b5a:	2bff      	cmp	r3, #255	@ 0xff
10006b5c:	bf04      	itt	eq
10006b5e:	2300      	moveq	r3, #0
10006b60:	f885 3045 	strbeq.w	r3, [r5, #69]	@ 0x45
10006b64:	f000 ffee 	bl	10007b44 <vPortExitCritical>
10006b68:	6bab      	ldr	r3, [r5, #56]	@ 0x38
10006b6a:	2b00      	cmp	r3, #0
10006b6c:	d043      	beq.n	10006bf6 <vQueueWaitForMessageRestricted+0xba>
10006b6e:	f000 ffdb 	bl	10007b28 <vPortEnterCritical>
10006b72:	f895 3045 	ldrb.w	r3, [r5, #69]	@ 0x45
10006b76:	b25c      	sxtb	r4, r3
10006b78:	2c00      	cmp	r4, #0
10006b7a:	dd14      	ble.n	10006ba6 <vQueueWaitForMessageRestricted+0x6a>
10006b7c:	f105 0624 	add.w	r6, r5, #36	@ 0x24
10006b80:	e003      	b.n	10006b8a <vQueueWaitForMessageRestricted+0x4e>
10006b82:	1e63      	subs	r3, r4, #1
10006b84:	b2da      	uxtb	r2, r3
10006b86:	b25c      	sxtb	r4, r3
10006b88:	b16a      	cbz	r2, 10006ba6 <vQueueWaitForMessageRestricted+0x6a>
10006b8a:	6a6b      	ldr	r3, [r5, #36]	@ 0x24
10006b8c:	b15b      	cbz	r3, 10006ba6 <vQueueWaitForMessageRestricted+0x6a>
10006b8e:	4630      	mov	r0, r6
10006b90:	f000 fca6 	bl	100074e0 <xTaskRemoveFromEventList>
10006b94:	2800      	cmp	r0, #0
10006b96:	d0f4      	beq.n	10006b82 <vQueueWaitForMessageRestricted+0x46>
10006b98:	f000 fd46 	bl	10007628 <vTaskMissedYield>
10006b9c:	1e63      	subs	r3, r4, #1
10006b9e:	b2da      	uxtb	r2, r3
10006ba0:	b25c      	sxtb	r4, r3
10006ba2:	2a00      	cmp	r2, #0
10006ba4:	d1f1      	bne.n	10006b8a <vQueueWaitForMessageRestricted+0x4e>
10006ba6:	23ff      	movs	r3, #255	@ 0xff
10006ba8:	f885 3045 	strb.w	r3, [r5, #69]	@ 0x45
10006bac:	f000 ffca 	bl	10007b44 <vPortExitCritical>
10006bb0:	f000 ffba 	bl	10007b28 <vPortEnterCritical>
10006bb4:	f895 3044 	ldrb.w	r3, [r5, #68]	@ 0x44
10006bb8:	b25c      	sxtb	r4, r3
10006bba:	2c00      	cmp	r4, #0
10006bbc:	dd14      	ble.n	10006be8 <vQueueWaitForMessageRestricted+0xac>
10006bbe:	f105 0610 	add.w	r6, r5, #16
10006bc2:	e003      	b.n	10006bcc <vQueueWaitForMessageRestricted+0x90>
10006bc4:	1e63      	subs	r3, r4, #1
10006bc6:	b2da      	uxtb	r2, r3
10006bc8:	b25c      	sxtb	r4, r3
10006bca:	b16a      	cbz	r2, 10006be8 <vQueueWaitForMessageRestricted+0xac>
10006bcc:	692b      	ldr	r3, [r5, #16]
10006bce:	b15b      	cbz	r3, 10006be8 <vQueueWaitForMessageRestricted+0xac>
10006bd0:	4630      	mov	r0, r6
10006bd2:	f000 fc85 	bl	100074e0 <xTaskRemoveFromEventList>
10006bd6:	2800      	cmp	r0, #0
10006bd8:	d0f4      	beq.n	10006bc4 <vQueueWaitForMessageRestricted+0x88>
10006bda:	f000 fd25 	bl	10007628 <vTaskMissedYield>
10006bde:	1e63      	subs	r3, r4, #1
10006be0:	b2da      	uxtb	r2, r3
10006be2:	b25c      	sxtb	r4, r3
10006be4:	2a00      	cmp	r2, #0
10006be6:	d1f1      	bne.n	10006bcc <vQueueWaitForMessageRestricted+0x90>
10006be8:	23ff      	movs	r3, #255	@ 0xff
10006bea:	f885 3044 	strb.w	r3, [r5, #68]	@ 0x44
10006bee:	e8bd 4070 	ldmia.w	sp!, {r4, r5, r6, lr}
10006bf2:	f000 bfa7 	b.w	10007b44 <vPortExitCritical>
10006bf6:	4622      	mov	r2, r4
10006bf8:	4631      	mov	r1, r6
10006bfa:	f105 0024 	add.w	r0, r5, #36	@ 0x24
10006bfe:	f000 fc09 	bl	10007414 <vTaskPlaceOnEventListRestricted>
10006c02:	e7b4      	b.n	10006b6e <vQueueWaitForMessageRestricted+0x32>

10006c04 <prvAddNewTaskToReadyList>:
10006c04:	e92d 41f0 	stmdb	sp!, {r4, r5, r6, r7, r8, lr}
10006c08:	4604      	mov	r4, r0
10006c0a:	f000 ff8d 	bl	10007b28 <vPortEnterCritical>
10006c0e:	4a36      	ldr	r2, [pc, #216]	@ (10006ce8 <prvAddNewTaskToReadyList+0xe4>)
10006c10:	4e36      	ldr	r6, [pc, #216]	@ (10006cec <prvAddNewTaskToReadyList+0xe8>)
10006c12:	6813      	ldr	r3, [r2, #0]
10006c14:	3301      	adds	r3, #1
10006c16:	6013      	str	r3, [r2, #0]
10006c18:	6833      	ldr	r3, [r6, #0]
10006c1a:	2b00      	cmp	r3, #0
10006c1c:	d034      	beq.n	10006c88 <prvAddNewTaskToReadyList+0x84>
10006c1e:	4f34      	ldr	r7, [pc, #208]	@ (10006cf0 <prvAddNewTaskToReadyList+0xec>)
10006c20:	6ae3      	ldr	r3, [r4, #44]	@ 0x2c
10006c22:	683a      	ldr	r2, [r7, #0]
10006c24:	b34a      	cbz	r2, 10006c7a <prvAddNewTaskToReadyList+0x76>
10006c26:	4d33      	ldr	r5, [pc, #204]	@ (10006cf4 <prvAddNewTaskToReadyList+0xf0>)
10006c28:	4933      	ldr	r1, [pc, #204]	@ (10006cf8 <prvAddNewTaskToReadyList+0xf4>)
10006c2a:	4834      	ldr	r0, [pc, #208]	@ (10006cfc <prvAddNewTaskToReadyList+0xf8>)
10006c2c:	680a      	ldr	r2, [r1, #0]
10006c2e:	f104 0c04 	add.w	ip, r4, #4
10006c32:	3201      	adds	r2, #1
10006c34:	600a      	str	r2, [r1, #0]
10006c36:	6802      	ldr	r2, [r0, #0]
10006c38:	429a      	cmp	r2, r3
10006c3a:	bf38      	it	cc
10006c3c:	6003      	strcc	r3, [r0, #0]
10006c3e:	eb03 0383 	add.w	r3, r3, r3, lsl #2
10006c42:	eb05 0083 	add.w	r0, r5, r3, lsl #2
10006c46:	6841      	ldr	r1, [r0, #4]
10006c48:	009b      	lsls	r3, r3, #2
10006c4a:	58ea      	ldr	r2, [r5, r3]
10006c4c:	f8d1 e008 	ldr.w	lr, [r1, #8]
10006c50:	60a1      	str	r1, [r4, #8]
10006c52:	f8c4 e00c 	str.w	lr, [r4, #12]
10006c56:	3201      	adds	r2, #1
10006c58:	f8ce c004 	str.w	ip, [lr, #4]
10006c5c:	f8c1 c008 	str.w	ip, [r1, #8]
10006c60:	6160      	str	r0, [r4, #20]
10006c62:	50ea      	str	r2, [r5, r3]
10006c64:	f000 ff6e 	bl	10007b44 <vPortExitCritical>
10006c68:	683b      	ldr	r3, [r7, #0]
10006c6a:	b123      	cbz	r3, 10006c76 <prvAddNewTaskToReadyList+0x72>
10006c6c:	6832      	ldr	r2, [r6, #0]
10006c6e:	6ae3      	ldr	r3, [r4, #44]	@ 0x2c
10006c70:	6ad2      	ldr	r2, [r2, #44]	@ 0x2c
10006c72:	429a      	cmp	r2, r3
10006c74:	d310      	bcc.n	10006c98 <prvAddNewTaskToReadyList+0x94>
10006c76:	e8bd 81f0 	ldmia.w	sp!, {r4, r5, r6, r7, r8, pc}
10006c7a:	6832      	ldr	r2, [r6, #0]
10006c7c:	4d1d      	ldr	r5, [pc, #116]	@ (10006cf4 <prvAddNewTaskToReadyList+0xf0>)
10006c7e:	6ad2      	ldr	r2, [r2, #44]	@ 0x2c
10006c80:	429a      	cmp	r2, r3
10006c82:	bf98      	it	ls
10006c84:	6034      	strls	r4, [r6, #0]
10006c86:	e7cf      	b.n	10006c28 <prvAddNewTaskToReadyList+0x24>
10006c88:	6034      	str	r4, [r6, #0]
10006c8a:	6813      	ldr	r3, [r2, #0]
10006c8c:	2b01      	cmp	r3, #1
10006c8e:	d007      	beq.n	10006ca0 <prvAddNewTaskToReadyList+0x9c>
10006c90:	6ae3      	ldr	r3, [r4, #44]	@ 0x2c
10006c92:	4d18      	ldr	r5, [pc, #96]	@ (10006cf4 <prvAddNewTaskToReadyList+0xf0>)
10006c94:	4f16      	ldr	r7, [pc, #88]	@ (10006cf0 <prvAddNewTaskToReadyList+0xec>)
10006c96:	e7c7      	b.n	10006c28 <prvAddNewTaskToReadyList+0x24>
10006c98:	e8bd 41f0 	ldmia.w	sp!, {r4, r5, r6, r7, r8, lr}
10006c9c:	f000 bf38 	b.w	10007b10 <vPortYield>
10006ca0:	4d14      	ldr	r5, [pc, #80]	@ (10006cf4 <prvAddNewTaskToReadyList+0xf0>)
10006ca2:	462f      	mov	r7, r5
10006ca4:	f105 0878 	add.w	r8, r5, #120	@ 0x78
10006ca8:	4638      	mov	r0, r7
10006caa:	3714      	adds	r7, #20
10006cac:	f001 f8b4 	bl	10007e18 <vListInitialise>
10006cb0:	4547      	cmp	r7, r8
10006cb2:	d1f9      	bne.n	10006ca8 <prvAddNewTaskToReadyList+0xa4>
10006cb4:	f8df 8060 	ldr.w	r8, [pc, #96]	@ 10006d18 <prvAddNewTaskToReadyList+0x114>
10006cb8:	4f11      	ldr	r7, [pc, #68]	@ (10006d00 <prvAddNewTaskToReadyList+0xfc>)
10006cba:	4640      	mov	r0, r8
10006cbc:	f001 f8ac 	bl	10007e18 <vListInitialise>
10006cc0:	4638      	mov	r0, r7
10006cc2:	f001 f8a9 	bl	10007e18 <vListInitialise>
10006cc6:	480f      	ldr	r0, [pc, #60]	@ (10006d04 <prvAddNewTaskToReadyList+0x100>)
10006cc8:	f001 f8a6 	bl	10007e18 <vListInitialise>
10006ccc:	480e      	ldr	r0, [pc, #56]	@ (10006d08 <prvAddNewTaskToReadyList+0x104>)
10006cce:	f001 f8a3 	bl	10007e18 <vListInitialise>
10006cd2:	480e      	ldr	r0, [pc, #56]	@ (10006d0c <prvAddNewTaskToReadyList+0x108>)
10006cd4:	f001 f8a0 	bl	10007e18 <vListInitialise>
10006cd8:	4b0d      	ldr	r3, [pc, #52]	@ (10006d10 <prvAddNewTaskToReadyList+0x10c>)
10006cda:	f8c3 8000 	str.w	r8, [r3]
10006cde:	4b0d      	ldr	r3, [pc, #52]	@ (10006d14 <prvAddNewTaskToReadyList+0x110>)
10006ce0:	601f      	str	r7, [r3, #0]
10006ce2:	6ae3      	ldr	r3, [r4, #44]	@ 0x2c
10006ce4:	4f02      	ldr	r7, [pc, #8]	@ (10006cf0 <prvAddNewTaskToReadyList+0xec>)
10006ce6:	e79f      	b.n	10006c28 <prvAddNewTaskToReadyList+0x24>
10006ce8:	20002ae4 	.word	0x20002ae4
10006cec:	2000297c 	.word	0x2000297c
10006cf0:	20002b74 	.word	0x20002b74
10006cf4:	20002990 	.word	0x20002990
10006cf8:	20002af0 	.word	0x20002af0
10006cfc:	20002af4 	.word	0x20002af4
10006d00:	20002b34 	.word	0x20002b34
10006d04:	20002b60 	.word	0x20002b60
10006d08:	20002b8c 	.word	0x20002b8c
10006d0c:	20002b78 	.word	0x20002b78
10006d10:	20002984 	.word	0x20002984
10006d14:	20002988 	.word	0x20002988
10006d18:	20002b20 	.word	0x20002b20

10006d1c <prvIdleTask>:
10006d1c:	b580      	push	{r7, lr}
10006d1e:	4d12      	ldr	r5, [pc, #72]	@ (10006d68 <prvIdleTask+0x4c>)
10006d20:	4f12      	ldr	r7, [pc, #72]	@ (10006d6c <prvIdleTask+0x50>)
10006d22:	4e13      	ldr	r6, [pc, #76]	@ (10006d70 <prvIdleTask+0x54>)
10006d24:	f8df 804c 	ldr.w	r8, [pc, #76]	@ 10006d74 <prvIdleTask+0x58>
10006d28:	e014      	b.n	10006d54 <prvIdleTask+0x38>
10006d2a:	f000 fefd 	bl	10007b28 <vPortEnterCritical>
10006d2e:	68fb      	ldr	r3, [r7, #12]
10006d30:	68dc      	ldr	r4, [r3, #12]
10006d32:	1d20      	adds	r0, r4, #4
10006d34:	f001 f898 	bl	10007e68 <uxListRemove>
10006d38:	6833      	ldr	r3, [r6, #0]
10006d3a:	3b01      	subs	r3, #1
10006d3c:	6033      	str	r3, [r6, #0]
10006d3e:	682b      	ldr	r3, [r5, #0]
10006d40:	3b01      	subs	r3, #1
10006d42:	602b      	str	r3, [r5, #0]
10006d44:	f000 fefe 	bl	10007b44 <vPortExitCritical>
10006d48:	6b20      	ldr	r0, [r4, #48]	@ 0x30
10006d4a:	f000 fe9f 	bl	10007a8c <vPortFree>
10006d4e:	4620      	mov	r0, r4
10006d50:	f000 fe9c 	bl	10007a8c <vPortFree>
10006d54:	682b      	ldr	r3, [r5, #0]
10006d56:	2b00      	cmp	r3, #0
10006d58:	d1e7      	bne.n	10006d2a <prvIdleTask+0xe>
10006d5a:	f8d8 3000 	ldr.w	r3, [r8]
10006d5e:	2b01      	cmp	r3, #1
10006d60:	d9f8      	bls.n	10006d54 <prvIdleTask+0x38>
10006d62:	f000 fed5 	bl	10007b10 <vPortYield>
10006d66:	e7f5      	b.n	10006d54 <prvIdleTask+0x38>
10006d68:	20002ae8 	.word	0x20002ae8
10006d6c:	20002b8c 	.word	0x20002b8c
10006d70:	20002ae4 	.word	0x20002ae4
10006d74:	20002990 	.word	0x20002990

10006d78 <xTaskIncrementTick.part.0>:
10006d78:	e92d 4ff0 	stmdb	sp!, {r4, r5, r6, r7, r8, r9, sl, fp, lr}
10006d7c:	4b4c      	ldr	r3, [pc, #304]	@ (10006eb0 <xTaskIncrementTick.part.0+0x138>)
10006d7e:	b083      	sub	sp, #12
10006d80:	681d      	ldr	r5, [r3, #0]
10006d82:	3501      	adds	r5, #1
10006d84:	601d      	str	r5, [r3, #0]
10006d86:	2d00      	cmp	r5, #0
10006d88:	d067      	beq.n	10006e5a <xTaskIncrementTick.part.0+0xe2>
10006d8a:	494a      	ldr	r1, [pc, #296]	@ (10006eb4 <xTaskIncrementTick.part.0+0x13c>)
10006d8c:	680b      	ldr	r3, [r1, #0]
10006d8e:	429d      	cmp	r5, r3
10006d90:	d377      	bcc.n	10006e82 <xTaskIncrementTick.part.0+0x10a>
10006d92:	4e49      	ldr	r6, [pc, #292]	@ (10006eb8 <xTaskIncrementTick.part.0+0x140>)
10006d94:	6833      	ldr	r3, [r6, #0]
10006d96:	6818      	ldr	r0, [r3, #0]
10006d98:	2800      	cmp	r0, #0
10006d9a:	f000 8084 	beq.w	10006ea6 <xTaskIncrementTick.part.0+0x12e>
10006d9e:	2000      	movs	r0, #0
10006da0:	46aa      	mov	sl, r5
10006da2:	4607      	mov	r7, r0
10006da4:	4681      	mov	r9, r0
10006da6:	f8df e128 	ldr.w	lr, [pc, #296]	@ 10006ed0 <xTaskIncrementTick.part.0+0x158>
10006daa:	4c44      	ldr	r4, [pc, #272]	@ (10006ebc <xTaskIncrementTick.part.0+0x144>)
10006dac:	9101      	str	r1, [sp, #4]
10006dae:	e047      	b.n	10006e40 <xTaskIncrementTick.part.0+0xc8>
10006db0:	6958      	ldr	r0, [r3, #20]
10006db2:	e9d3 2c02 	ldrd	r2, ip, [r3, #8]
10006db6:	f8c2 c008 	str.w	ip, [r2, #8]
10006dba:	f8cc 2004 	str.w	r2, [ip, #4]
10006dbe:	6842      	ldr	r2, [r0, #4]
10006dc0:	428a      	cmp	r2, r1
10006dc2:	6802      	ldr	r2, [r0, #0]
10006dc4:	bf08      	it	eq
10006dc6:	f8c0 c004 	streq.w	ip, [r0, #4]
10006dca:	3a01      	subs	r2, #1
10006dcc:	615f      	str	r7, [r3, #20]
10006dce:	6002      	str	r2, [r0, #0]
10006dd0:	6a98      	ldr	r0, [r3, #40]	@ 0x28
10006dd2:	b170      	cbz	r0, 10006df2 <xTaskIncrementTick.part.0+0x7a>
10006dd4:	e9d3 2c07 	ldrd	r2, ip, [r3, #28]
10006dd8:	f8c2 c008 	str.w	ip, [r2, #8]
10006ddc:	f8cc 2004 	str.w	r2, [ip, #4]
10006de0:	6842      	ldr	r2, [r0, #4]
10006de2:	42aa      	cmp	r2, r5
10006de4:	6802      	ldr	r2, [r0, #0]
10006de6:	bf08      	it	eq
10006de8:	f8c0 c004 	streq.w	ip, [r0, #4]
10006dec:	3a01      	subs	r2, #1
10006dee:	629f      	str	r7, [r3, #40]	@ 0x28
10006df0:	6002      	str	r2, [r0, #0]
10006df2:	6ada      	ldr	r2, [r3, #44]	@ 0x2c
10006df4:	f8de 0000 	ldr.w	r0, [lr]
10006df8:	eb02 0c82 	add.w	ip, r2, r2, lsl #2
10006dfc:	eb04 088c 	add.w	r8, r4, ip, lsl #2
10006e00:	4282      	cmp	r2, r0
10006e02:	f8d8 0004 	ldr.w	r0, [r8, #4]
10006e06:	f854 502c 	ldr.w	r5, [r4, ip, lsl #2]
10006e0a:	f8d0 b008 	ldr.w	fp, [r0, #8]
10006e0e:	6098      	str	r0, [r3, #8]
10006e10:	f8c3 b00c 	str.w	fp, [r3, #12]
10006e14:	f8cb 1004 	str.w	r1, [fp, #4]
10006e18:	6081      	str	r1, [r0, #8]
10006e1a:	f8c3 8014 	str.w	r8, [r3, #20]
10006e1e:	4b28      	ldr	r3, [pc, #160]	@ (10006ec0 <xTaskIncrementTick.part.0+0x148>)
10006e20:	bf88      	it	hi
10006e22:	f8ce 2000 	strhi.w	r2, [lr]
10006e26:	6819      	ldr	r1, [r3, #0]
10006e28:	3501      	adds	r5, #1
10006e2a:	6833      	ldr	r3, [r6, #0]
10006e2c:	f844 502c 	str.w	r5, [r4, ip, lsl #2]
10006e30:	6ac9      	ldr	r1, [r1, #44]	@ 0x2c
10006e32:	681b      	ldr	r3, [r3, #0]
10006e34:	428a      	cmp	r2, r1
10006e36:	bf88      	it	hi
10006e38:	f049 0901 	orrhi.w	r9, r9, #1
10006e3c:	2b00      	cmp	r3, #0
10006e3e:	d030      	beq.n	10006ea2 <xTaskIncrementTick.part.0+0x12a>
10006e40:	6833      	ldr	r3, [r6, #0]
10006e42:	68db      	ldr	r3, [r3, #12]
10006e44:	68db      	ldr	r3, [r3, #12]
10006e46:	685a      	ldr	r2, [r3, #4]
10006e48:	1d19      	adds	r1, r3, #4
10006e4a:	4592      	cmp	sl, r2
10006e4c:	f103 0518 	add.w	r5, r3, #24
10006e50:	d2ae      	bcs.n	10006db0 <xTaskIncrementTick.part.0+0x38>
10006e52:	9901      	ldr	r1, [sp, #4]
10006e54:	4648      	mov	r0, r9
10006e56:	600a      	str	r2, [r1, #0]
10006e58:	e014      	b.n	10006e84 <xTaskIncrementTick.part.0+0x10c>
10006e5a:	4b17      	ldr	r3, [pc, #92]	@ (10006eb8 <xTaskIncrementTick.part.0+0x140>)
10006e5c:	4a19      	ldr	r2, [pc, #100]	@ (10006ec4 <xTaskIncrementTick.part.0+0x14c>)
10006e5e:	6818      	ldr	r0, [r3, #0]
10006e60:	6811      	ldr	r1, [r2, #0]
10006e62:	6019      	str	r1, [r3, #0]
10006e64:	4918      	ldr	r1, [pc, #96]	@ (10006ec8 <xTaskIncrementTick.part.0+0x150>)
10006e66:	6010      	str	r0, [r2, #0]
10006e68:	680a      	ldr	r2, [r1, #0]
10006e6a:	3201      	adds	r2, #1
10006e6c:	600a      	str	r2, [r1, #0]
10006e6e:	681a      	ldr	r2, [r3, #0]
10006e70:	6812      	ldr	r2, [r2, #0]
10006e72:	b982      	cbnz	r2, 10006e96 <xTaskIncrementTick.part.0+0x11e>
10006e74:	f04f 33ff 	mov.w	r3, #4294967295
10006e78:	490e      	ldr	r1, [pc, #56]	@ (10006eb4 <xTaskIncrementTick.part.0+0x13c>)
10006e7a:	600b      	str	r3, [r1, #0]
10006e7c:	680b      	ldr	r3, [r1, #0]
10006e7e:	429d      	cmp	r5, r3
10006e80:	d287      	bcs.n	10006d92 <xTaskIncrementTick.part.0+0x1a>
10006e82:	2000      	movs	r0, #0
10006e84:	4b11      	ldr	r3, [pc, #68]	@ (10006ecc <xTaskIncrementTick.part.0+0x154>)
10006e86:	681b      	ldr	r3, [r3, #0]
10006e88:	2b00      	cmp	r3, #0
10006e8a:	bf18      	it	ne
10006e8c:	f040 0001 	orrne.w	r0, r0, #1
10006e90:	b003      	add	sp, #12
10006e92:	e8bd 8ff0 	ldmia.w	sp!, {r4, r5, r6, r7, r8, r9, sl, fp, pc}
10006e96:	681b      	ldr	r3, [r3, #0]
10006e98:	4906      	ldr	r1, [pc, #24]	@ (10006eb4 <xTaskIncrementTick.part.0+0x13c>)
10006e9a:	68db      	ldr	r3, [r3, #12]
10006e9c:	681b      	ldr	r3, [r3, #0]
10006e9e:	600b      	str	r3, [r1, #0]
10006ea0:	e774      	b.n	10006d8c <xTaskIncrementTick.part.0+0x14>
10006ea2:	4648      	mov	r0, r9
10006ea4:	9901      	ldr	r1, [sp, #4]
10006ea6:	f04f 33ff 	mov.w	r3, #4294967295
10006eaa:	600b      	str	r3, [r1, #0]
10006eac:	e7ea      	b.n	10006e84 <xTaskIncrementTick.part.0+0x10c>
10006eae:	bf00      	nop
10006eb0:	20002ba0 	.word	0x20002ba0
10006eb4:	20002b54 	.word	0x20002b54
10006eb8:	20002984 	.word	0x20002984
10006ebc:	20002990 	.word	0x20002990
10006ec0:	2000297c 	.word	0x2000297c
10006ec4:	20002988 	.word	0x20002988
10006ec8:	20002b58 	.word	0x20002b58
10006ecc:	20002bac 	.word	0x20002bac
10006ed0:	20002af4 	.word	0x20002af4

10006ed4 <xTaskCreate>:
10006ed4:	e92d 43f8 	stmdb	sp!, {r3, r4, r5, r6, r7, r8, r9, lr}
10006ed8:	0095      	lsls	r5, r2, #2
10006eda:	4680      	mov	r8, r0
10006edc:	4628      	mov	r0, r5
10006ede:	460f      	mov	r7, r1
10006ee0:	4699      	mov	r9, r3
10006ee2:	f000 fdc7 	bl	10007a74 <pvPortMalloc>
10006ee6:	2800      	cmp	r0, #0
10006ee8:	d072      	beq.n	10006fd0 <xTaskCreate+0xfc>
10006eea:	4606      	mov	r6, r0
10006eec:	2070      	movs	r0, #112	@ 0x70
10006eee:	f000 fdc1 	bl	10007a74 <pvPortMalloc>
10006ef2:	4604      	mov	r4, r0
10006ef4:	2800      	cmp	r0, #0
10006ef6:	d068      	beq.n	10006fca <xTaskCreate+0xf6>
10006ef8:	3d04      	subs	r5, #4
10006efa:	2270      	movs	r2, #112	@ 0x70
10006efc:	2100      	movs	r1, #0
10006efe:	4435      	add	r5, r6
10006f00:	f001 fc58 	bl	100087b4 <memset>
10006f04:	f025 0507 	bic.w	r5, r5, #7
10006f08:	6326      	str	r6, [r4, #48]	@ 0x30
10006f0a:	2f00      	cmp	r7, #0
10006f0c:	d03b      	beq.n	10006f86 <xTaskCreate+0xb2>
10006f0e:	783b      	ldrb	r3, [r7, #0]
10006f10:	f884 3034 	strb.w	r3, [r4, #52]	@ 0x34
10006f14:	2b00      	cmp	r3, #0
10006f16:	d036      	beq.n	10006f86 <xTaskCreate+0xb2>
10006f18:	787b      	ldrb	r3, [r7, #1]
10006f1a:	f884 3035 	strb.w	r3, [r4, #53]	@ 0x35
10006f1e:	b393      	cbz	r3, 10006f86 <xTaskCreate+0xb2>
10006f20:	78bb      	ldrb	r3, [r7, #2]
10006f22:	f884 3036 	strb.w	r3, [r4, #54]	@ 0x36
10006f26:	b373      	cbz	r3, 10006f86 <xTaskCreate+0xb2>
10006f28:	78fb      	ldrb	r3, [r7, #3]
10006f2a:	f884 3037 	strb.w	r3, [r4, #55]	@ 0x37
10006f2e:	b353      	cbz	r3, 10006f86 <xTaskCreate+0xb2>
10006f30:	793b      	ldrb	r3, [r7, #4]
10006f32:	f884 3038 	strb.w	r3, [r4, #56]	@ 0x38
10006f36:	b333      	cbz	r3, 10006f86 <xTaskCreate+0xb2>
10006f38:	797b      	ldrb	r3, [r7, #5]
10006f3a:	f884 3039 	strb.w	r3, [r4, #57]	@ 0x39
10006f3e:	b313      	cbz	r3, 10006f86 <xTaskCreate+0xb2>
10006f40:	79bb      	ldrb	r3, [r7, #6]
10006f42:	f884 303a 	strb.w	r3, [r4, #58]	@ 0x3a
10006f46:	b1f3      	cbz	r3, 10006f86 <xTaskCreate+0xb2>
10006f48:	79fb      	ldrb	r3, [r7, #7]
10006f4a:	f884 303b 	strb.w	r3, [r4, #59]	@ 0x3b
10006f4e:	b1d3      	cbz	r3, 10006f86 <xTaskCreate+0xb2>
10006f50:	7a3b      	ldrb	r3, [r7, #8]
10006f52:	f884 303c 	strb.w	r3, [r4, #60]	@ 0x3c
10006f56:	b1b3      	cbz	r3, 10006f86 <xTaskCreate+0xb2>
10006f58:	7a7b      	ldrb	r3, [r7, #9]
10006f5a:	f884 303d 	strb.w	r3, [r4, #61]	@ 0x3d
10006f5e:	b193      	cbz	r3, 10006f86 <xTaskCreate+0xb2>
10006f60:	7abb      	ldrb	r3, [r7, #10]
10006f62:	f884 303e 	strb.w	r3, [r4, #62]	@ 0x3e
10006f66:	b173      	cbz	r3, 10006f86 <xTaskCreate+0xb2>
10006f68:	7afb      	ldrb	r3, [r7, #11]
10006f6a:	f884 303f 	strb.w	r3, [r4, #63]	@ 0x3f
10006f6e:	b153      	cbz	r3, 10006f86 <xTaskCreate+0xb2>
10006f70:	7b3b      	ldrb	r3, [r7, #12]
10006f72:	f884 3040 	strb.w	r3, [r4, #64]	@ 0x40
10006f76:	b133      	cbz	r3, 10006f86 <xTaskCreate+0xb2>
10006f78:	7b7b      	ldrb	r3, [r7, #13]
10006f7a:	f884 3041 	strb.w	r3, [r4, #65]	@ 0x41
10006f7e:	b113      	cbz	r3, 10006f86 <xTaskCreate+0xb2>
10006f80:	7bbb      	ldrb	r3, [r7, #14]
10006f82:	f884 3042 	strb.w	r3, [r4, #66]	@ 0x42
10006f86:	9f08      	ldr	r7, [sp, #32]
10006f88:	1d20      	adds	r0, r4, #4
10006f8a:	2f05      	cmp	r7, #5
10006f8c:	bf28      	it	cs
10006f8e:	2705      	movcs	r7, #5
10006f90:	62e7      	str	r7, [r4, #44]	@ 0x2c
10006f92:	6467      	str	r7, [r4, #68]	@ 0x44
10006f94:	f000 ff4c 	bl	10007e30 <vListInitialiseItem>
10006f98:	f1c7 0706 	rsb	r7, r7, #6
10006f9c:	f104 0018 	add.w	r0, r4, #24
10006fa0:	f000 ff46 	bl	10007e30 <vListInitialiseItem>
10006fa4:	464b      	mov	r3, r9
10006fa6:	4642      	mov	r2, r8
10006fa8:	4628      	mov	r0, r5
10006faa:	6b21      	ldr	r1, [r4, #48]	@ 0x30
10006fac:	61a7      	str	r7, [r4, #24]
10006fae:	6124      	str	r4, [r4, #16]
10006fb0:	6264      	str	r4, [r4, #36]	@ 0x24
10006fb2:	f000 fde9 	bl	10007b88 <pxPortInitialiseStack>
10006fb6:	9b09      	ldr	r3, [sp, #36]	@ 0x24
10006fb8:	6020      	str	r0, [r4, #0]
10006fba:	b103      	cbz	r3, 10006fbe <xTaskCreate+0xea>
10006fbc:	601c      	str	r4, [r3, #0]
10006fbe:	4620      	mov	r0, r4
10006fc0:	f7ff fe20 	bl	10006c04 <prvAddNewTaskToReadyList>
10006fc4:	2001      	movs	r0, #1
10006fc6:	e8bd 83f8 	ldmia.w	sp!, {r3, r4, r5, r6, r7, r8, r9, pc}
10006fca:	4630      	mov	r0, r6
10006fcc:	f000 fd5e 	bl	10007a8c <vPortFree>
10006fd0:	f04f 30ff 	mov.w	r0, #4294967295
10006fd4:	e8bd 83f8 	ldmia.w	sp!, {r3, r4, r5, r6, r7, r8, r9, pc}

10006fd8 <vTaskStartScheduler>:
10006fd8:	e92d 43f8 	stmdb	sp!, {r3, r4, r5, r6, r7, r8, r9, lr}
10006fdc:	f44f 7000 	mov.w	r0, #512	@ 0x200
10006fe0:	f000 fd48 	bl	10007a74 <pvPortMalloc>
10006fe4:	b388      	cbz	r0, 1000704a <vTaskStartScheduler+0x72>
10006fe6:	4606      	mov	r6, r0
10006fe8:	2070      	movs	r0, #112	@ 0x70
10006fea:	f000 fd43 	bl	10007a74 <pvPortMalloc>
10006fee:	4604      	mov	r4, r0
10006ff0:	b378      	cbz	r0, 10007052 <vTaskStartScheduler+0x7a>
10006ff2:	2700      	movs	r7, #0
10006ff4:	f8df 9098 	ldr.w	r9, [pc, #152]	@ 10007090 <vTaskStartScheduler+0xb8>
10006ff8:	4639      	mov	r1, r7
10006ffa:	2270      	movs	r2, #112	@ 0x70
10006ffc:	f001 fbda 	bl	100087b4 <memset>
10007000:	f506 75fe 	add.w	r5, r6, #508	@ 0x1fc
10007004:	e9c4 690c 	strd	r6, r9, [r4, #48]	@ 0x30
10007008:	2606      	movs	r6, #6
1000700a:	1d20      	adds	r0, r4, #4
1000700c:	f000 ff10 	bl	10007e30 <vListInitialiseItem>
10007010:	f025 0507 	bic.w	r5, r5, #7
10007014:	f104 0018 	add.w	r0, r4, #24
10007018:	f000 ff0a 	bl	10007e30 <vListInitialiseItem>
1000701c:	463b      	mov	r3, r7
1000701e:	4a17      	ldr	r2, [pc, #92]	@ (1000707c <vTaskStartScheduler+0xa4>)
10007020:	6b21      	ldr	r1, [r4, #48]	@ 0x30
10007022:	4628      	mov	r0, r5
10007024:	6124      	str	r4, [r4, #16]
10007026:	61a6      	str	r6, [r4, #24]
10007028:	6264      	str	r4, [r4, #36]	@ 0x24
1000702a:	f000 fdad 	bl	10007b88 <pxPortInitialiseStack>
1000702e:	4603      	mov	r3, r0
10007030:	f8df 8060 	ldr.w	r8, [pc, #96]	@ 10007094 <vTaskStartScheduler+0xbc>
10007034:	6023      	str	r3, [r4, #0]
10007036:	4620      	mov	r0, r4
10007038:	2701      	movs	r7, #1
1000703a:	f8c8 4000 	str.w	r4, [r8]
1000703e:	f7ff fde1 	bl	10006c04 <prvAddNewTaskToReadyList>
10007042:	f000 fcd5 	bl	100079f0 <xTimerCreateTimerTask>
10007046:	42b8      	cmp	r0, r7
10007048:	d00a      	beq.n	10007060 <vTaskStartScheduler+0x88>
1000704a:	4b0d      	ldr	r3, [pc, #52]	@ (10007080 <vTaskStartScheduler+0xa8>)
1000704c:	681b      	ldr	r3, [r3, #0]
1000704e:	e8bd 83f8 	ldmia.w	sp!, {r3, r4, r5, r6, r7, r8, r9, pc}
10007052:	4630      	mov	r0, r6
10007054:	f000 fd1a 	bl	10007a8c <vPortFree>
10007058:	4b09      	ldr	r3, [pc, #36]	@ (10007080 <vTaskStartScheduler+0xa8>)
1000705a:	681b      	ldr	r3, [r3, #0]
1000705c:	e8bd 83f8 	ldmia.w	sp!, {r3, r4, r5, r6, r7, r8, r9, pc}
10007060:	f000 fe6c 	bl	10007d3c <ulSetInterruptMask>
10007064:	f04f 34ff 	mov.w	r4, #4294967295
10007068:	2200      	movs	r2, #0
1000706a:	4906      	ldr	r1, [pc, #24]	@ (10007084 <vTaskStartScheduler+0xac>)
1000706c:	4b06      	ldr	r3, [pc, #24]	@ (10007088 <vTaskStartScheduler+0xb0>)
1000706e:	4807      	ldr	r0, [pc, #28]	@ (1000708c <vTaskStartScheduler+0xb4>)
10007070:	6004      	str	r4, [r0, #0]
10007072:	600f      	str	r7, [r1, #0]
10007074:	601a      	str	r2, [r3, #0]
10007076:	f000 fdc3 	bl	10007c00 <xPortStartScheduler>
1000707a:	e7e6      	b.n	1000704a <vTaskStartScheduler+0x72>
1000707c:	10006d1d 	.word	0x10006d1d
10007080:	100095d4 	.word	0x100095d4
10007084:	20002b74 	.word	0x20002b74
10007088:	20002ba0 	.word	0x20002ba0
1000708c:	20002b54 	.word	0x20002b54
10007090:	454c4449 	.word	0x454c4449
10007094:	20002b4c 	.word	0x20002b4c

10007098 <vTaskSuspendAll>:
10007098:	4a02      	ldr	r2, [pc, #8]	@ (100070a4 <vTaskSuspendAll+0xc>)
1000709a:	6813      	ldr	r3, [r2, #0]
1000709c:	3301      	adds	r3, #1
1000709e:	6013      	str	r3, [r2, #0]
100070a0:	4770      	bx	lr
100070a2:	bf00      	nop
100070a4:	20002aec 	.word	0x20002aec

100070a8 <xTaskResumeAll>:
100070a8:	e92d 4ff0 	stmdb	sp!, {r4, r5, r6, r7, r8, r9, sl, fp, lr}
100070ac:	f8df 816c 	ldr.w	r8, [pc, #364]	@ 1000721c <xTaskResumeAll+0x174>
100070b0:	b083      	sub	sp, #12
100070b2:	f000 fd39 	bl	10007b28 <vPortEnterCritical>
100070b6:	f8d8 3000 	ldr.w	r3, [r8]
100070ba:	3b01      	subs	r3, #1
100070bc:	f8c8 3000 	str.w	r3, [r8]
100070c0:	f8d8 e000 	ldr.w	lr, [r8]
100070c4:	f1be 0f00 	cmp.w	lr, #0
100070c8:	f040 8081 	bne.w	100071ce <xTaskResumeAll+0x126>
100070cc:	4b4c      	ldr	r3, [pc, #304]	@ (10007200 <xTaskResumeAll+0x158>)
100070ce:	681b      	ldr	r3, [r3, #0]
100070d0:	2b00      	cmp	r3, #0
100070d2:	d07c      	beq.n	100071ce <xTaskResumeAll+0x126>
100070d4:	f8df c148 	ldr.w	ip, [pc, #328]	@ 10007220 <xTaskResumeAll+0x178>
100070d8:	f8dc 3000 	ldr.w	r3, [ip]
100070dc:	2b00      	cmp	r3, #0
100070de:	f000 808b 	beq.w	100071f8 <xTaskResumeAll+0x150>
100070e2:	4b48      	ldr	r3, [pc, #288]	@ (10007204 <xTaskResumeAll+0x15c>)
100070e4:	f8df 913c 	ldr.w	r9, [pc, #316]	@ 10007224 <xTaskResumeAll+0x17c>
100070e8:	4e47      	ldr	r6, [pc, #284]	@ (10007208 <xTaskResumeAll+0x160>)
100070ea:	9301      	str	r3, [sp, #4]
100070ec:	f8dc 300c 	ldr.w	r3, [ip, #12]
100070f0:	68db      	ldr	r3, [r3, #12]
100070f2:	6a9a      	ldr	r2, [r3, #40]	@ 0x28
100070f4:	e9d3 0107 	ldrd	r0, r1, [r3, #28]
100070f8:	6854      	ldr	r4, [r2, #4]
100070fa:	6081      	str	r1, [r0, #8]
100070fc:	6048      	str	r0, [r1, #4]
100070fe:	f103 0018 	add.w	r0, r3, #24
10007102:	4284      	cmp	r4, r0
10007104:	bf08      	it	eq
10007106:	6051      	streq	r1, [r2, #4]
10007108:	6811      	ldr	r1, [r2, #0]
1000710a:	f8c3 e028 	str.w	lr, [r3, #40]	@ 0x28
1000710e:	3901      	subs	r1, #1
10007110:	6011      	str	r1, [r2, #0]
10007112:	695a      	ldr	r2, [r3, #20]
10007114:	e9d3 4102 	ldrd	r4, r1, [r3, #8]
10007118:	60a1      	str	r1, [r4, #8]
1000711a:	604c      	str	r4, [r1, #4]
1000711c:	6854      	ldr	r4, [r2, #4]
1000711e:	1d1d      	adds	r5, r3, #4
10007120:	42ac      	cmp	r4, r5
10007122:	bf08      	it	eq
10007124:	6051      	streq	r1, [r2, #4]
10007126:	6811      	ldr	r1, [r2, #0]
10007128:	f8d9 0000 	ldr.w	r0, [r9]
1000712c:	3901      	subs	r1, #1
1000712e:	6011      	str	r1, [r2, #0]
10007130:	6ada      	ldr	r2, [r3, #44]	@ 0x2c
10007132:	4282      	cmp	r2, r0
10007134:	4835      	ldr	r0, [pc, #212]	@ (1000720c <xTaskResumeAll+0x164>)
10007136:	eb02 0182 	add.w	r1, r2, r2, lsl #2
1000713a:	bf88      	it	hi
1000713c:	f8c9 2000 	strhi.w	r2, [r9]
10007140:	6800      	ldr	r0, [r0, #0]
10007142:	eb06 0781 	add.w	r7, r6, r1, lsl #2
10007146:	687c      	ldr	r4, [r7, #4]
10007148:	f8d0 a02c 	ldr.w	sl, [r0, #44]	@ 0x2c
1000714c:	f856 0021 	ldr.w	r0, [r6, r1, lsl #2]
10007150:	f8d4 b008 	ldr.w	fp, [r4, #8]
10007154:	3001      	adds	r0, #1
10007156:	4552      	cmp	r2, sl
10007158:	609c      	str	r4, [r3, #8]
1000715a:	f8c3 b00c 	str.w	fp, [r3, #12]
1000715e:	f8cb 5004 	str.w	r5, [fp, #4]
10007162:	60a5      	str	r5, [r4, #8]
10007164:	615f      	str	r7, [r3, #20]
10007166:	f846 0021 	str.w	r0, [r6, r1, lsl #2]
1000716a:	d937      	bls.n	100071dc <xTaskResumeAll+0x134>
1000716c:	2201      	movs	r2, #1
1000716e:	9b01      	ldr	r3, [sp, #4]
10007170:	601a      	str	r2, [r3, #0]
10007172:	f8dc 3000 	ldr.w	r3, [ip]
10007176:	2b00      	cmp	r3, #0
10007178:	d1b8      	bne.n	100070ec <xTaskResumeAll+0x44>
1000717a:	4b25      	ldr	r3, [pc, #148]	@ (10007210 <xTaskResumeAll+0x168>)
1000717c:	681a      	ldr	r2, [r3, #0]
1000717e:	6812      	ldr	r2, [r2, #0]
10007180:	2a00      	cmp	r2, #0
10007182:	d034      	beq.n	100071ee <xTaskResumeAll+0x146>
10007184:	681a      	ldr	r2, [r3, #0]
10007186:	4b23      	ldr	r3, [pc, #140]	@ (10007214 <xTaskResumeAll+0x16c>)
10007188:	68d2      	ldr	r2, [r2, #12]
1000718a:	6812      	ldr	r2, [r2, #0]
1000718c:	601a      	str	r2, [r3, #0]
1000718e:	4d22      	ldr	r5, [pc, #136]	@ (10007218 <xTaskResumeAll+0x170>)
10007190:	682c      	ldr	r4, [r5, #0]
10007192:	b19c      	cbz	r4, 100071bc <xTaskResumeAll+0x114>
10007194:	2601      	movs	r6, #1
10007196:	9f01      	ldr	r7, [sp, #4]
10007198:	e005      	b.n	100071a6 <xTaskResumeAll+0xfe>
1000719a:	f7ff fded 	bl	10006d78 <xTaskIncrementTick.part.0>
1000719e:	b100      	cbz	r0, 100071a2 <xTaskResumeAll+0xfa>
100071a0:	603e      	str	r6, [r7, #0]
100071a2:	3c01      	subs	r4, #1
100071a4:	d009      	beq.n	100071ba <xTaskResumeAll+0x112>
100071a6:	f8d8 3000 	ldr.w	r3, [r8]
100071aa:	2b00      	cmp	r3, #0
100071ac:	d0f5      	beq.n	1000719a <xTaskResumeAll+0xf2>
100071ae:	682b      	ldr	r3, [r5, #0]
100071b0:	3c01      	subs	r4, #1
100071b2:	f103 0301 	add.w	r3, r3, #1
100071b6:	602b      	str	r3, [r5, #0]
100071b8:	d1f5      	bne.n	100071a6 <xTaskResumeAll+0xfe>
100071ba:	602c      	str	r4, [r5, #0]
100071bc:	9b01      	ldr	r3, [sp, #4]
100071be:	681b      	ldr	r3, [r3, #0]
100071c0:	b12b      	cbz	r3, 100071ce <xTaskResumeAll+0x126>
100071c2:	4b12      	ldr	r3, [pc, #72]	@ (1000720c <xTaskResumeAll+0x164>)
100071c4:	2401      	movs	r4, #1
100071c6:	681b      	ldr	r3, [r3, #0]
100071c8:	f000 fca2 	bl	10007b10 <vPortYield>
100071cc:	e000      	b.n	100071d0 <xTaskResumeAll+0x128>
100071ce:	2400      	movs	r4, #0
100071d0:	f000 fcb8 	bl	10007b44 <vPortExitCritical>
100071d4:	4620      	mov	r0, r4
100071d6:	b003      	add	sp, #12
100071d8:	e8bd 8ff0 	ldmia.w	sp!, {r4, r5, r6, r7, r8, r9, sl, fp, pc}
100071dc:	f8dc 3000 	ldr.w	r3, [ip]
100071e0:	2b00      	cmp	r3, #0
100071e2:	d183      	bne.n	100070ec <xTaskResumeAll+0x44>
100071e4:	4b0a      	ldr	r3, [pc, #40]	@ (10007210 <xTaskResumeAll+0x168>)
100071e6:	681a      	ldr	r2, [r3, #0]
100071e8:	6812      	ldr	r2, [r2, #0]
100071ea:	2a00      	cmp	r2, #0
100071ec:	d1ca      	bne.n	10007184 <xTaskResumeAll+0xdc>
100071ee:	f04f 32ff 	mov.w	r2, #4294967295
100071f2:	4b08      	ldr	r3, [pc, #32]	@ (10007214 <xTaskResumeAll+0x16c>)
100071f4:	601a      	str	r2, [r3, #0]
100071f6:	e7ca      	b.n	1000718e <xTaskResumeAll+0xe6>
100071f8:	4b02      	ldr	r3, [pc, #8]	@ (10007204 <xTaskResumeAll+0x15c>)
100071fa:	9301      	str	r3, [sp, #4]
100071fc:	e7c7      	b.n	1000718e <xTaskResumeAll+0xe6>
100071fe:	bf00      	nop
10007200:	20002ae4 	.word	0x20002ae4
10007204:	20002bac 	.word	0x20002bac
10007208:	20002990 	.word	0x20002990
1000720c:	2000297c 	.word	0x2000297c
10007210:	20002984 	.word	0x20002984
10007214:	20002b54 	.word	0x20002b54
10007218:	20002b5c 	.word	0x20002b5c
1000721c:	20002aec 	.word	0x20002aec
10007220:	20002b60 	.word	0x20002b60
10007224:	20002af4 	.word	0x20002af4

10007228 <vTaskDelay>:
10007228:	b908      	cbnz	r0, 1000722e <vTaskDelay+0x6>
1000722a:	f000 bc71 	b.w	10007b10 <vPortYield>
1000722e:	4a19      	ldr	r2, [pc, #100]	@ (10007294 <vTaskDelay+0x6c>)
10007230:	e92d 41f0 	stmdb	sp!, {r4, r5, r6, r7, r8, lr}
10007234:	6813      	ldr	r3, [r2, #0]
10007236:	4604      	mov	r4, r0
10007238:	3301      	adds	r3, #1
1000723a:	6013      	str	r3, [r2, #0]
1000723c:	4916      	ldr	r1, [pc, #88]	@ (10007298 <vTaskDelay+0x70>)
1000723e:	4b17      	ldr	r3, [pc, #92]	@ (1000729c <vTaskDelay+0x74>)
10007240:	4d17      	ldr	r5, [pc, #92]	@ (100072a0 <vTaskDelay+0x78>)
10007242:	4a18      	ldr	r2, [pc, #96]	@ (100072a4 <vTaskDelay+0x7c>)
10007244:	680e      	ldr	r6, [r1, #0]
10007246:	6817      	ldr	r7, [r2, #0]
10007248:	f8d3 8000 	ldr.w	r8, [r3]
1000724c:	6828      	ldr	r0, [r5, #0]
1000724e:	3004      	adds	r0, #4
10007250:	f000 fe0a 	bl	10007e68 <uxListRemove>
10007254:	682b      	ldr	r3, [r5, #0]
10007256:	19a4      	adds	r4, r4, r6
10007258:	6829      	ldr	r1, [r5, #0]
1000725a:	605c      	str	r4, [r3, #4]
1000725c:	d20d      	bcs.n	1000727a <vTaskDelay+0x52>
1000725e:	4638      	mov	r0, r7
10007260:	3104      	adds	r1, #4
10007262:	f000 fde9 	bl	10007e38 <vListInsert>
10007266:	4b10      	ldr	r3, [pc, #64]	@ (100072a8 <vTaskDelay+0x80>)
10007268:	681a      	ldr	r2, [r3, #0]
1000726a:	4294      	cmp	r4, r2
1000726c:	bf38      	it	cc
1000726e:	601c      	strcc	r4, [r3, #0]
10007270:	f7ff ff1a 	bl	100070a8 <xTaskResumeAll>
10007274:	b148      	cbz	r0, 1000728a <vTaskDelay+0x62>
10007276:	e8bd 81f0 	ldmia.w	sp!, {r4, r5, r6, r7, r8, pc}
1000727a:	4640      	mov	r0, r8
1000727c:	3104      	adds	r1, #4
1000727e:	f000 fddb 	bl	10007e38 <vListInsert>
10007282:	f7ff ff11 	bl	100070a8 <xTaskResumeAll>
10007286:	2800      	cmp	r0, #0
10007288:	d1f5      	bne.n	10007276 <vTaskDelay+0x4e>
1000728a:	e8bd 41f0 	ldmia.w	sp!, {r4, r5, r6, r7, r8, lr}
1000728e:	f000 bc3f 	b.w	10007b10 <vPortYield>
10007292:	bf00      	nop
10007294:	20002aec 	.word	0x20002aec
10007298:	20002ba0 	.word	0x20002ba0
1000729c:	20002988 	.word	0x20002988
100072a0:	2000297c 	.word	0x2000297c
100072a4:	20002984 	.word	0x20002984
100072a8:	20002b54 	.word	0x20002b54

100072ac <xTaskGetTickCount>:
100072ac:	4b01      	ldr	r3, [pc, #4]	@ (100072b4 <xTaskGetTickCount+0x8>)
100072ae:	6818      	ldr	r0, [r3, #0]
100072b0:	4770      	bx	lr
100072b2:	bf00      	nop
100072b4:	20002ba0 	.word	0x20002ba0

100072b8 <xTaskIncrementTick>:
100072b8:	4b05      	ldr	r3, [pc, #20]	@ (100072d0 <xTaskIncrementTick+0x18>)
100072ba:	681b      	ldr	r3, [r3, #0]
100072bc:	b90b      	cbnz	r3, 100072c2 <xTaskIncrementTick+0xa>
100072be:	f7ff bd5b 	b.w	10006d78 <xTaskIncrementTick.part.0>
100072c2:	4a04      	ldr	r2, [pc, #16]	@ (100072d4 <xTaskIncrementTick+0x1c>)
100072c4:	2000      	movs	r0, #0
100072c6:	6813      	ldr	r3, [r2, #0]
100072c8:	3301      	adds	r3, #1
100072ca:	6013      	str	r3, [r2, #0]
100072cc:	4770      	bx	lr
100072ce:	bf00      	nop
100072d0:	20002aec 	.word	0x20002aec
100072d4:	20002b5c 	.word	0x20002b5c

100072d8 <vTaskSwitchContext>:
100072d8:	4b23      	ldr	r3, [pc, #140]	@ (10007368 <vTaskSwitchContext+0x90>)
100072da:	681b      	ldr	r3, [r3, #0]
100072dc:	b11b      	cbz	r3, 100072e6 <vTaskSwitchContext+0xe>
100072de:	2201      	movs	r2, #1
100072e0:	4b22      	ldr	r3, [pc, #136]	@ (1000736c <vTaskSwitchContext+0x94>)
100072e2:	601a      	str	r2, [r3, #0]
100072e4:	4770      	bx	lr
100072e6:	4a21      	ldr	r2, [pc, #132]	@ (1000736c <vTaskSwitchContext+0x94>)
100072e8:	b430      	push	{r4, r5}
100072ea:	4c21      	ldr	r4, [pc, #132]	@ (10007370 <vTaskSwitchContext+0x98>)
100072ec:	6013      	str	r3, [r2, #0]
100072ee:	6820      	ldr	r0, [r4, #0]
100072f0:	4a20      	ldr	r2, [pc, #128]	@ (10007374 <vTaskSwitchContext+0x9c>)
100072f2:	eb00 0380 	add.w	r3, r0, r0, lsl #2
100072f6:	f852 3023 	ldr.w	r3, [r2, r3, lsl #2]
100072fa:	0081      	lsls	r1, r0, #2
100072fc:	bb8b      	cbnz	r3, 10007362 <vTaskSwitchContext+0x8a>
100072fe:	1e43      	subs	r3, r0, #1
10007300:	eb03 0583 	add.w	r5, r3, r3, lsl #2
10007304:	f852 5025 	ldr.w	r5, [r2, r5, lsl #2]
10007308:	0099      	lsls	r1, r3, #2
1000730a:	b9b5      	cbnz	r5, 1000733a <vTaskSwitchContext+0x62>
1000730c:	1e83      	subs	r3, r0, #2
1000730e:	eb03 0583 	add.w	r5, r3, r3, lsl #2
10007312:	f852 5025 	ldr.w	r5, [r2, r5, lsl #2]
10007316:	0099      	lsls	r1, r3, #2
10007318:	b97d      	cbnz	r5, 1000733a <vTaskSwitchContext+0x62>
1000731a:	1ec3      	subs	r3, r0, #3
1000731c:	eb03 0583 	add.w	r5, r3, r3, lsl #2
10007320:	f852 5025 	ldr.w	r5, [r2, r5, lsl #2]
10007324:	0099      	lsls	r1, r3, #2
10007326:	b945      	cbnz	r5, 1000733a <vTaskSwitchContext+0x62>
10007328:	1f03      	subs	r3, r0, #4
1000732a:	eb03 0583 	add.w	r5, r3, r3, lsl #2
1000732e:	f852 5025 	ldr.w	r5, [r2, r5, lsl #2]
10007332:	0099      	lsls	r1, r3, #2
10007334:	b90d      	cbnz	r5, 1000733a <vTaskSwitchContext+0x62>
10007336:	1f43      	subs	r3, r0, #5
10007338:	0099      	lsls	r1, r3, #2
1000733a:	4419      	add	r1, r3
1000733c:	eb02 0081 	add.w	r0, r2, r1, lsl #2
10007340:	4602      	mov	r2, r0
10007342:	6841      	ldr	r1, [r0, #4]
10007344:	3208      	adds	r2, #8
10007346:	6849      	ldr	r1, [r1, #4]
10007348:	4291      	cmp	r1, r2
1000734a:	6041      	str	r1, [r0, #4]
1000734c:	bf08      	it	eq
1000734e:	68c1      	ldreq	r1, [r0, #12]
10007350:	4a09      	ldr	r2, [pc, #36]	@ (10007378 <vTaskSwitchContext+0xa0>)
10007352:	bf08      	it	eq
10007354:	6041      	streq	r1, [r0, #4]
10007356:	68c9      	ldr	r1, [r1, #12]
10007358:	6011      	str	r1, [r2, #0]
1000735a:	6023      	str	r3, [r4, #0]
1000735c:	6813      	ldr	r3, [r2, #0]
1000735e:	bc30      	pop	{r4, r5}
10007360:	4770      	bx	lr
10007362:	4603      	mov	r3, r0
10007364:	e7e9      	b.n	1000733a <vTaskSwitchContext+0x62>
10007366:	bf00      	nop
10007368:	20002aec 	.word	0x20002aec
1000736c:	20002bac 	.word	0x20002bac
10007370:	20002af4 	.word	0x20002af4
10007374:	20002990 	.word	0x20002990
10007378:	2000297c 	.word	0x2000297c

1000737c <vTaskPlaceOnEventList>:
1000737c:	e92d 41f0 	stmdb	sp!, {r4, r5, r6, r7, r8, lr}
10007380:	460c      	mov	r4, r1
10007382:	4d1e      	ldr	r5, [pc, #120]	@ (100073fc <vTaskPlaceOnEventList+0x80>)
10007384:	6829      	ldr	r1, [r5, #0]
10007386:	3118      	adds	r1, #24
10007388:	f000 fd56 	bl	10007e38 <vListInsert>
1000738c:	4b1c      	ldr	r3, [pc, #112]	@ (10007400 <vTaskPlaceOnEventList+0x84>)
1000738e:	491d      	ldr	r1, [pc, #116]	@ (10007404 <vTaskPlaceOnEventList+0x88>)
10007390:	4a1d      	ldr	r2, [pc, #116]	@ (10007408 <vTaskPlaceOnEventList+0x8c>)
10007392:	680e      	ldr	r6, [r1, #0]
10007394:	6817      	ldr	r7, [r2, #0]
10007396:	f8d3 8000 	ldr.w	r8, [r3]
1000739a:	6828      	ldr	r0, [r5, #0]
1000739c:	3004      	adds	r0, #4
1000739e:	f000 fd63 	bl	10007e68 <uxListRemove>
100073a2:	1c63      	adds	r3, r4, #1
100073a4:	d015      	beq.n	100073d2 <vTaskPlaceOnEventList+0x56>
100073a6:	682b      	ldr	r3, [r5, #0]
100073a8:	19a4      	adds	r4, r4, r6
100073aa:	6829      	ldr	r1, [r5, #0]
100073ac:	605c      	str	r4, [r3, #4]
100073ae:	d20a      	bcs.n	100073c6 <vTaskPlaceOnEventList+0x4a>
100073b0:	4638      	mov	r0, r7
100073b2:	3104      	adds	r1, #4
100073b4:	f000 fd40 	bl	10007e38 <vListInsert>
100073b8:	4b14      	ldr	r3, [pc, #80]	@ (1000740c <vTaskPlaceOnEventList+0x90>)
100073ba:	681a      	ldr	r2, [r3, #0]
100073bc:	4294      	cmp	r4, r2
100073be:	bf38      	it	cc
100073c0:	601c      	strcc	r4, [r3, #0]
100073c2:	e8bd 81f0 	ldmia.w	sp!, {r4, r5, r6, r7, r8, pc}
100073c6:	4640      	mov	r0, r8
100073c8:	e8bd 41f0 	ldmia.w	sp!, {r4, r5, r6, r7, r8, lr}
100073cc:	3104      	adds	r1, #4
100073ce:	f000 bd33 	b.w	10007e38 <vListInsert>
100073d2:	4b0f      	ldr	r3, [pc, #60]	@ (10007410 <vTaskPlaceOnEventList+0x94>)
100073d4:	6829      	ldr	r1, [r5, #0]
100073d6:	685a      	ldr	r2, [r3, #4]
100073d8:	681c      	ldr	r4, [r3, #0]
100073da:	608a      	str	r2, [r1, #8]
100073dc:	682e      	ldr	r6, [r5, #0]
100073de:	3401      	adds	r4, #1
100073e0:	6828      	ldr	r0, [r5, #0]
100073e2:	6829      	ldr	r1, [r5, #0]
100073e4:	601c      	str	r4, [r3, #0]
100073e6:	682d      	ldr	r5, [r5, #0]
100073e8:	6894      	ldr	r4, [r2, #8]
100073ea:	3004      	adds	r0, #4
100073ec:	3104      	adds	r1, #4
100073ee:	60f4      	str	r4, [r6, #12]
100073f0:	6060      	str	r0, [r4, #4]
100073f2:	6091      	str	r1, [r2, #8]
100073f4:	616b      	str	r3, [r5, #20]
100073f6:	e8bd 81f0 	ldmia.w	sp!, {r4, r5, r6, r7, r8, pc}
100073fa:	bf00      	nop
100073fc:	2000297c 	.word	0x2000297c
10007400:	20002988 	.word	0x20002988
10007404:	20002ba0 	.word	0x20002ba0
10007408:	20002984 	.word	0x20002984
1000740c:	20002b54 	.word	0x20002b54
10007410:	20002b78 	.word	0x20002b78

10007414 <vTaskPlaceOnEventListRestricted>:
10007414:	4694      	mov	ip, r2
10007416:	e92d 41f0 	stmdb	sp!, {r4, r5, r6, r7, r8, lr}
1000741a:	4c2b      	ldr	r4, [pc, #172]	@ (100074c8 <vTaskPlaceOnEventListRestricted+0xb4>)
1000741c:	460d      	mov	r5, r1
1000741e:	6823      	ldr	r3, [r4, #0]
10007420:	6841      	ldr	r1, [r0, #4]
10007422:	f8d4 8000 	ldr.w	r8, [r4]
10007426:	61d9      	str	r1, [r3, #28]
10007428:	6827      	ldr	r7, [r4, #0]
1000742a:	6803      	ldr	r3, [r0, #0]
1000742c:	6826      	ldr	r6, [r4, #0]
1000742e:	688a      	ldr	r2, [r1, #8]
10007430:	f8d4 e000 	ldr.w	lr, [r4]
10007434:	3301      	adds	r3, #1
10007436:	3718      	adds	r7, #24
10007438:	3618      	adds	r6, #24
1000743a:	f8c8 2020 	str.w	r2, [r8, #32]
1000743e:	6057      	str	r7, [r2, #4]
10007440:	608e      	str	r6, [r1, #8]
10007442:	4a22      	ldr	r2, [pc, #136]	@ (100074cc <vTaskPlaceOnEventListRestricted+0xb8>)
10007444:	f8ce 0028 	str.w	r0, [lr, #40]	@ 0x28
10007448:	4921      	ldr	r1, [pc, #132]	@ (100074d0 <vTaskPlaceOnEventListRestricted+0xbc>)
1000744a:	6003      	str	r3, [r0, #0]
1000744c:	4b21      	ldr	r3, [pc, #132]	@ (100074d4 <vTaskPlaceOnEventListRestricted+0xc0>)
1000744e:	f1bc 0f00 	cmp.w	ip, #0
10007452:	d01a      	beq.n	1000748a <vTaskPlaceOnEventListRestricted+0x76>
10007454:	6809      	ldr	r1, [r1, #0]
10007456:	6812      	ldr	r2, [r2, #0]
10007458:	681b      	ldr	r3, [r3, #0]
1000745a:	6820      	ldr	r0, [r4, #0]
1000745c:	3004      	adds	r0, #4
1000745e:	f000 fd03 	bl	10007e68 <uxListRemove>
10007462:	4b1d      	ldr	r3, [pc, #116]	@ (100074d8 <vTaskPlaceOnEventListRestricted+0xc4>)
10007464:	6819      	ldr	r1, [r3, #0]
10007466:	685a      	ldr	r2, [r3, #4]
10007468:	3101      	adds	r1, #1
1000746a:	6019      	str	r1, [r3, #0]
1000746c:	6821      	ldr	r1, [r4, #0]
1000746e:	6890      	ldr	r0, [r2, #8]
10007470:	608a      	str	r2, [r1, #8]
10007472:	6821      	ldr	r1, [r4, #0]
10007474:	60c8      	str	r0, [r1, #12]
10007476:	6821      	ldr	r1, [r4, #0]
10007478:	3104      	adds	r1, #4
1000747a:	6041      	str	r1, [r0, #4]
1000747c:	6821      	ldr	r1, [r4, #0]
1000747e:	6820      	ldr	r0, [r4, #0]
10007480:	3104      	adds	r1, #4
10007482:	6091      	str	r1, [r2, #8]
10007484:	6143      	str	r3, [r0, #20]
10007486:	e8bd 81f0 	ldmia.w	sp!, {r4, r5, r6, r7, r8, pc}
1000748a:	680e      	ldr	r6, [r1, #0]
1000748c:	6817      	ldr	r7, [r2, #0]
1000748e:	f8d3 8000 	ldr.w	r8, [r3]
10007492:	6820      	ldr	r0, [r4, #0]
10007494:	3004      	adds	r0, #4
10007496:	f000 fce7 	bl	10007e68 <uxListRemove>
1000749a:	6823      	ldr	r3, [r4, #0]
1000749c:	19ad      	adds	r5, r5, r6
1000749e:	6821      	ldr	r1, [r4, #0]
100074a0:	605d      	str	r5, [r3, #4]
100074a2:	d305      	bcc.n	100074b0 <vTaskPlaceOnEventListRestricted+0x9c>
100074a4:	4640      	mov	r0, r8
100074a6:	e8bd 41f0 	ldmia.w	sp!, {r4, r5, r6, r7, r8, lr}
100074aa:	3104      	adds	r1, #4
100074ac:	f000 bcc4 	b.w	10007e38 <vListInsert>
100074b0:	4638      	mov	r0, r7
100074b2:	3104      	adds	r1, #4
100074b4:	f000 fcc0 	bl	10007e38 <vListInsert>
100074b8:	4b08      	ldr	r3, [pc, #32]	@ (100074dc <vTaskPlaceOnEventListRestricted+0xc8>)
100074ba:	681a      	ldr	r2, [r3, #0]
100074bc:	4295      	cmp	r5, r2
100074be:	bf38      	it	cc
100074c0:	601d      	strcc	r5, [r3, #0]
100074c2:	e8bd 81f0 	ldmia.w	sp!, {r4, r5, r6, r7, r8, pc}
100074c6:	bf00      	nop
100074c8:	2000297c 	.word	0x2000297c
100074cc:	20002984 	.word	0x20002984
100074d0:	20002ba0 	.word	0x20002ba0
100074d4:	20002988 	.word	0x20002988
100074d8:	20002b78 	.word	0x20002b78
100074dc:	20002b54 	.word	0x20002b54

100074e0 <xTaskRemoveFromEventList>:
100074e0:	b4f0      	push	{r4, r5, r6, r7}
100074e2:	2600      	movs	r6, #0
100074e4:	68c3      	ldr	r3, [r0, #12]
100074e6:	68db      	ldr	r3, [r3, #12]
100074e8:	6a9a      	ldr	r2, [r3, #40]	@ 0x28
100074ea:	e9d3 0107 	ldrd	r0, r1, [r3, #28]
100074ee:	6081      	str	r1, [r0, #8]
100074f0:	6048      	str	r0, [r1, #4]
100074f2:	6850      	ldr	r0, [r2, #4]
100074f4:	f103 0418 	add.w	r4, r3, #24
100074f8:	42a0      	cmp	r0, r4
100074fa:	4827      	ldr	r0, [pc, #156]	@ (10007598 <xTaskRemoveFromEventList+0xb8>)
100074fc:	bf08      	it	eq
100074fe:	6051      	streq	r1, [r2, #4]
10007500:	6811      	ldr	r1, [r2, #0]
10007502:	6805      	ldr	r5, [r0, #0]
10007504:	3901      	subs	r1, #1
10007506:	6ad8      	ldr	r0, [r3, #44]	@ 0x2c
10007508:	629e      	str	r6, [r3, #40]	@ 0x28
1000750a:	6011      	str	r1, [r2, #0]
1000750c:	2d00      	cmp	r5, #0
1000750e:	d12f      	bne.n	10007570 <xTaskRemoveFromEventList+0x90>
10007510:	e9d3 4102 	ldrd	r4, r1, [r3, #8]
10007514:	695a      	ldr	r2, [r3, #20]
10007516:	60a1      	str	r1, [r4, #8]
10007518:	604c      	str	r4, [r1, #4]
1000751a:	6854      	ldr	r4, [r2, #4]
1000751c:	1d1e      	adds	r6, r3, #4
1000751e:	42b4      	cmp	r4, r6
10007520:	bf08      	it	eq
10007522:	6051      	streq	r1, [r2, #4]
10007524:	6811      	ldr	r1, [r2, #0]
10007526:	3901      	subs	r1, #1
10007528:	6011      	str	r1, [r2, #0]
1000752a:	4a1c      	ldr	r2, [pc, #112]	@ (1000759c <xTaskRemoveFromEventList+0xbc>)
1000752c:	6811      	ldr	r1, [r2, #0]
1000752e:	4281      	cmp	r1, r0
10007530:	491b      	ldr	r1, [pc, #108]	@ (100075a0 <xTaskRemoveFromEventList+0xc0>)
10007532:	bf38      	it	cc
10007534:	6010      	strcc	r0, [r2, #0]
10007536:	eb00 0280 	add.w	r2, r0, r0, lsl #2
1000753a:	eb01 0782 	add.w	r7, r1, r2, lsl #2
1000753e:	687d      	ldr	r5, [r7, #4]
10007540:	0092      	lsls	r2, r2, #2
10007542:	f8d5 c008 	ldr.w	ip, [r5, #8]
10007546:	588c      	ldr	r4, [r1, r2]
10007548:	609d      	str	r5, [r3, #8]
1000754a:	f8c3 c00c 	str.w	ip, [r3, #12]
1000754e:	f8cc 6004 	str.w	r6, [ip, #4]
10007552:	60ae      	str	r6, [r5, #8]
10007554:	615f      	str	r7, [r3, #20]
10007556:	4b13      	ldr	r3, [pc, #76]	@ (100075a4 <xTaskRemoveFromEventList+0xc4>)
10007558:	3401      	adds	r4, #1
1000755a:	681b      	ldr	r3, [r3, #0]
1000755c:	508c      	str	r4, [r1, r2]
1000755e:	6adb      	ldr	r3, [r3, #44]	@ 0x2c
10007560:	4283      	cmp	r3, r0
10007562:	d215      	bcs.n	10007590 <xTaskRemoveFromEventList+0xb0>
10007564:	bcf0      	pop	{r4, r5, r6, r7}
10007566:	2301      	movs	r3, #1
10007568:	4a0f      	ldr	r2, [pc, #60]	@ (100075a8 <xTaskRemoveFromEventList+0xc8>)
1000756a:	4618      	mov	r0, r3
1000756c:	6013      	str	r3, [r2, #0]
1000756e:	4770      	bx	lr
10007570:	4a0e      	ldr	r2, [pc, #56]	@ (100075ac <xTaskRemoveFromEventList+0xcc>)
10007572:	6815      	ldr	r5, [r2, #0]
10007574:	6851      	ldr	r1, [r2, #4]
10007576:	3501      	adds	r5, #1
10007578:	6015      	str	r5, [r2, #0]
1000757a:	688d      	ldr	r5, [r1, #8]
1000757c:	61d9      	str	r1, [r3, #28]
1000757e:	621d      	str	r5, [r3, #32]
10007580:	606c      	str	r4, [r5, #4]
10007582:	608c      	str	r4, [r1, #8]
10007584:	629a      	str	r2, [r3, #40]	@ 0x28
10007586:	4b07      	ldr	r3, [pc, #28]	@ (100075a4 <xTaskRemoveFromEventList+0xc4>)
10007588:	681b      	ldr	r3, [r3, #0]
1000758a:	6adb      	ldr	r3, [r3, #44]	@ 0x2c
1000758c:	4283      	cmp	r3, r0
1000758e:	d3e9      	bcc.n	10007564 <xTaskRemoveFromEventList+0x84>
10007590:	bcf0      	pop	{r4, r5, r6, r7}
10007592:	2000      	movs	r0, #0
10007594:	4770      	bx	lr
10007596:	bf00      	nop
10007598:	20002aec 	.word	0x20002aec
1000759c:	20002af4 	.word	0x20002af4
100075a0:	20002990 	.word	0x20002990
100075a4:	2000297c 	.word	0x2000297c
100075a8:	20002bac 	.word	0x20002bac
100075ac:	20002b60 	.word	0x20002b60

100075b0 <vTaskInternalSetTimeOutState>:
100075b0:	4a03      	ldr	r2, [pc, #12]	@ (100075c0 <vTaskInternalSetTimeOutState+0x10>)
100075b2:	4b04      	ldr	r3, [pc, #16]	@ (100075c4 <vTaskInternalSetTimeOutState+0x14>)
100075b4:	6812      	ldr	r2, [r2, #0]
100075b6:	681b      	ldr	r3, [r3, #0]
100075b8:	e9c0 2300 	strd	r2, r3, [r0]
100075bc:	4770      	bx	lr
100075be:	bf00      	nop
100075c0:	20002b58 	.word	0x20002b58
100075c4:	20002ba0 	.word	0x20002ba0

100075c8 <xTaskCheckForTimeOut>:
100075c8:	b5f8      	push	{r3, r4, r5, r6, r7, lr}
100075ca:	460d      	mov	r5, r1
100075cc:	4604      	mov	r4, r0
100075ce:	f000 faab 	bl	10007b28 <vPortEnterCritical>
100075d2:	682b      	ldr	r3, [r5, #0]
100075d4:	4a12      	ldr	r2, [pc, #72]	@ (10007620 <xTaskCheckForTimeOut+0x58>)
100075d6:	1c58      	adds	r0, r3, #1
100075d8:	6811      	ldr	r1, [r2, #0]
100075da:	d01b      	beq.n	10007614 <xTaskCheckForTimeOut+0x4c>
100075dc:	e9d4 6000 	ldrd	r6, r0, [r4]
100075e0:	f8df c040 	ldr.w	ip, [pc, #64]	@ 10007624 <xTaskCheckForTimeOut+0x5c>
100075e4:	f8dc 7000 	ldr.w	r7, [ip]
100075e8:	42be      	cmp	r6, r7
100075ea:	d008      	beq.n	100075fe <xTaskCheckForTimeOut+0x36>
100075ec:	4288      	cmp	r0, r1
100075ee:	d806      	bhi.n	100075fe <xTaskCheckForTimeOut+0x36>
100075f0:	2300      	movs	r3, #0
100075f2:	2401      	movs	r4, #1
100075f4:	602b      	str	r3, [r5, #0]
100075f6:	f000 faa5 	bl	10007b44 <vPortExitCritical>
100075fa:	4620      	mov	r0, r4
100075fc:	bdf8      	pop	{r3, r4, r5, r6, r7, pc}
100075fe:	1a0f      	subs	r7, r1, r0
10007600:	42bb      	cmp	r3, r7
10007602:	d9f5      	bls.n	100075f0 <xTaskCheckForTimeOut+0x28>
10007604:	1a5b      	subs	r3, r3, r1
10007606:	f8dc 1000 	ldr.w	r1, [ip]
1000760a:	6812      	ldr	r2, [r2, #0]
1000760c:	4403      	add	r3, r0
1000760e:	602b      	str	r3, [r5, #0]
10007610:	e9c4 1200 	strd	r1, r2, [r4]
10007614:	2400      	movs	r4, #0
10007616:	f000 fa95 	bl	10007b44 <vPortExitCritical>
1000761a:	4620      	mov	r0, r4
1000761c:	bdf8      	pop	{r3, r4, r5, r6, r7, pc}
1000761e:	bf00      	nop
10007620:	20002ba0 	.word	0x20002ba0
10007624:	20002b58 	.word	0x20002b58

10007628 <vTaskMissedYield>:
10007628:	2201      	movs	r2, #1
1000762a:	4b01      	ldr	r3, [pc, #4]	@ (10007630 <vTaskMissedYield+0x8>)
1000762c:	601a      	str	r2, [r3, #0]
1000762e:	4770      	bx	lr
10007630:	20002bac 	.word	0x20002bac

10007634 <xTaskPriorityDisinherit>:
10007634:	b158      	cbz	r0, 1000764e <xTaskPriorityDisinherit+0x1a>
10007636:	b5f8      	push	{r3, r4, r5, r6, r7, lr}
10007638:	6ac1      	ldr	r1, [r0, #44]	@ 0x2c
1000763a:	6c83      	ldr	r3, [r0, #72]	@ 0x48
1000763c:	6c42      	ldr	r2, [r0, #68]	@ 0x44
1000763e:	3b01      	subs	r3, #1
10007640:	4291      	cmp	r1, r2
10007642:	4604      	mov	r4, r0
10007644:	6483      	str	r3, [r0, #72]	@ 0x48
10007646:	d000      	beq.n	1000764a <xTaskPriorityDisinherit+0x16>
10007648:	b11b      	cbz	r3, 10007652 <xTaskPriorityDisinherit+0x1e>
1000764a:	2000      	movs	r0, #0
1000764c:	bdf8      	pop	{r3, r4, r5, r6, r7, pc}
1000764e:	2000      	movs	r0, #0
10007650:	4770      	bx	lr
10007652:	1d06      	adds	r6, r0, #4
10007654:	4630      	mov	r0, r6
10007656:	f000 fc07 	bl	10007e68 <uxListRemove>
1000765a:	6c63      	ldr	r3, [r4, #68]	@ 0x44
1000765c:	4a0e      	ldr	r2, [pc, #56]	@ (10007698 <xTaskPriorityDisinherit+0x64>)
1000765e:	f1c3 0006 	rsb	r0, r3, #6
10007662:	61a0      	str	r0, [r4, #24]
10007664:	2001      	movs	r0, #1
10007666:	6811      	ldr	r1, [r2, #0]
10007668:	62e3      	str	r3, [r4, #44]	@ 0x2c
1000766a:	428b      	cmp	r3, r1
1000766c:	bf88      	it	hi
1000766e:	6013      	strhi	r3, [r2, #0]
10007670:	4a0a      	ldr	r2, [pc, #40]	@ (1000769c <xTaskPriorityDisinherit+0x68>)
10007672:	eb03 0383 	add.w	r3, r3, r3, lsl #2
10007676:	ea4f 0c83 	mov.w	ip, r3, lsl #2
1000767a:	eb02 0383 	add.w	r3, r2, r3, lsl #2
1000767e:	685d      	ldr	r5, [r3, #4]
10007680:	f852 100c 	ldr.w	r1, [r2, ip]
10007684:	68af      	ldr	r7, [r5, #8]
10007686:	4401      	add	r1, r0
10007688:	60a5      	str	r5, [r4, #8]
1000768a:	60e7      	str	r7, [r4, #12]
1000768c:	607e      	str	r6, [r7, #4]
1000768e:	60ae      	str	r6, [r5, #8]
10007690:	6163      	str	r3, [r4, #20]
10007692:	f842 100c 	str.w	r1, [r2, ip]
10007696:	bdf8      	pop	{r3, r4, r5, r6, r7, pc}
10007698:	20002af4 	.word	0x20002af4
1000769c:	20002990 	.word	0x20002990

100076a0 <prvTimerTask>:
100076a0:	e92d 4ff0 	stmdb	sp!, {r4, r5, r6, r7, r8, r9, sl, fp, lr}
100076a4:	4fb7      	ldr	r7, [pc, #732]	@ (10007984 <prvTimerTask+0x2e4>)
100076a6:	f8df b2e4 	ldr.w	fp, [pc, #740]	@ 1000798c <prvTimerTask+0x2ec>
100076aa:	f8df 82e4 	ldr.w	r8, [pc, #740]	@ 10007990 <prvTimerTask+0x2f0>
100076ae:	4db6      	ldr	r5, [pc, #728]	@ (10007988 <prvTimerTask+0x2e8>)
100076b0:	b087      	sub	sp, #28
100076b2:	683b      	ldr	r3, [r7, #0]
100076b4:	681c      	ldr	r4, [r3, #0]
100076b6:	2c00      	cmp	r4, #0
100076b8:	f040 811d 	bne.w	100078f6 <prvTimerTask+0x256>
100076bc:	f7ff fcec 	bl	10007098 <vTaskSuspendAll>
100076c0:	f7ff fdf4 	bl	100072ac <xTaskGetTickCount>
100076c4:	f8db 3000 	ldr.w	r3, [fp]
100076c8:	4681      	mov	r9, r0
100076ca:	4283      	cmp	r3, r0
100076cc:	d848      	bhi.n	10007760 <prvTimerTask+0xc0>
100076ce:	f8d8 3000 	ldr.w	r3, [r8]
100076d2:	f8cb 0000 	str.w	r0, [fp]
100076d6:	681a      	ldr	r2, [r3, #0]
100076d8:	fab2 f282 	clz	r2, r2
100076dc:	0952      	lsrs	r2, r2, #5
100076de:	6828      	ldr	r0, [r5, #0]
100076e0:	eba4 0109 	sub.w	r1, r4, r9
100076e4:	f7ff fa2a 	bl	10006b3c <vQueueWaitForMessageRestricted>
100076e8:	f7ff fcde 	bl	100070a8 <xTaskResumeAll>
100076ec:	2800      	cmp	r0, #0
100076ee:	f000 8124 	beq.w	1000793a <prvTimerTask+0x29a>
100076f2:	2300      	movs	r3, #0
100076f4:	e9cd 3302 	strd	r3, r3, [sp, #8]
100076f8:	e9cd 3304 	strd	r3, r3, [sp, #16]
100076fc:	2200      	movs	r2, #0
100076fe:	6828      	ldr	r0, [r5, #0]
10007700:	a902      	add	r1, sp, #8
10007702:	f7ff f817 	bl	10006734 <xQueueReceive>
10007706:	2800      	cmp	r0, #0
10007708:	d0d3      	beq.n	100076b2 <prvTimerTask+0x12>
1000770a:	9b02      	ldr	r3, [sp, #8]
1000770c:	9804      	ldr	r0, [sp, #16]
1000770e:	2b00      	cmp	r3, #0
10007710:	f2c0 80e9 	blt.w	100078e6 <prvTimerTask+0x246>
10007714:	f8dd a010 	ldr.w	sl, [sp, #16]
10007718:	f8da 3014 	ldr.w	r3, [sl, #20]
1000771c:	b11b      	cbz	r3, 10007726 <prvTimerTask+0x86>
1000771e:	f10a 0004 	add.w	r0, sl, #4
10007722:	f000 fba1 	bl	10007e68 <uxListRemove>
10007726:	f7ff fdc1 	bl	100072ac <xTaskGetTickCount>
1000772a:	f8db 3000 	ldr.w	r3, [fp]
1000772e:	9001      	str	r0, [sp, #4]
10007730:	4298      	cmp	r0, r3
10007732:	d343      	bcc.n	100077bc <prvTimerTask+0x11c>
10007734:	e9dd 2301 	ldrd	r2, r3, [sp, #4]
10007738:	3b01      	subs	r3, #1
1000773a:	f8cb 2000 	str.w	r2, [fp]
1000773e:	2b08      	cmp	r3, #8
10007740:	d8dc      	bhi.n	100076fc <prvTimerTask+0x5c>
10007742:	e8df f003 	tbb	[pc, r3]
10007746:	6161      	.short	0x6161
10007748:	61c7a5c0 	.word	0x61c7a5c0
1000774c:	c061      	.short	0xc061
1000774e:	a5          	.byte	0xa5
1000774f:	00          	.byte	0x00
10007750:	f022 0201 	bic.w	r2, r2, #1
10007754:	f88a 2024 	strb.w	r2, [sl, #36]	@ 0x24
10007758:	4650      	mov	r0, sl
1000775a:	f8da 3020 	ldr.w	r3, [sl, #32]
1000775e:	4798      	blx	r3
10007760:	683b      	ldr	r3, [r7, #0]
10007762:	681a      	ldr	r2, [r3, #0]
10007764:	2a00      	cmp	r2, #0
10007766:	f000 80d8 	beq.w	1000791a <prvTimerTask+0x27a>
1000776a:	68da      	ldr	r2, [r3, #12]
1000776c:	f8d2 a00c 	ldr.w	sl, [r2, #12]
10007770:	6814      	ldr	r4, [r2, #0]
10007772:	f10a 0604 	add.w	r6, sl, #4
10007776:	4630      	mov	r0, r6
10007778:	f000 fb76 	bl	10007e68 <uxListRemove>
1000777c:	f89a 2024 	ldrb.w	r2, [sl, #36]	@ 0x24
10007780:	0751      	lsls	r1, r2, #29
10007782:	d5e5      	bpl.n	10007750 <prvTimerTask+0xb0>
10007784:	e003      	b.n	1000778e <prvTimerTask+0xee>
10007786:	4650      	mov	r0, sl
10007788:	f8da 2020 	ldr.w	r2, [sl, #32]
1000778c:	4790      	blx	r2
1000778e:	f8da 2018 	ldr.w	r2, [sl, #24]
10007792:	f8ca a010 	str.w	sl, [sl, #16]
10007796:	1911      	adds	r1, r2, r4
10007798:	18a4      	adds	r4, r4, r2
1000779a:	f8ca 1004 	str.w	r1, [sl, #4]
1000779e:	d3f2      	bcc.n	10007786 <prvTimerTask+0xe6>
100077a0:	4631      	mov	r1, r6
100077a2:	f8d8 0000 	ldr.w	r0, [r8]
100077a6:	f000 fb47 	bl	10007e38 <vListInsert>
100077aa:	e7d5      	b.n	10007758 <prvTimerTask+0xb8>
100077ac:	f021 0101 	bic.w	r1, r1, #1
100077b0:	f889 1024 	strb.w	r1, [r9, #36]	@ 0x24
100077b4:	4648      	mov	r0, r9
100077b6:	f8d9 3020 	ldr.w	r3, [r9, #32]
100077ba:	4798      	blx	r3
100077bc:	683b      	ldr	r3, [r7, #0]
100077be:	6819      	ldr	r1, [r3, #0]
100077c0:	2900      	cmp	r1, #0
100077c2:	f000 80b4 	beq.w	1000792e <prvTimerTask+0x28e>
100077c6:	68d9      	ldr	r1, [r3, #12]
100077c8:	f8d1 900c 	ldr.w	r9, [r1, #12]
100077cc:	680c      	ldr	r4, [r1, #0]
100077ce:	f109 0604 	add.w	r6, r9, #4
100077d2:	4630      	mov	r0, r6
100077d4:	f000 fb48 	bl	10007e68 <uxListRemove>
100077d8:	f899 1024 	ldrb.w	r1, [r9, #36]	@ 0x24
100077dc:	0748      	lsls	r0, r1, #29
100077de:	d5e5      	bpl.n	100077ac <prvTimerTask+0x10c>
100077e0:	e003      	b.n	100077ea <prvTimerTask+0x14a>
100077e2:	4648      	mov	r0, r9
100077e4:	f8d9 1020 	ldr.w	r1, [r9, #32]
100077e8:	4788      	blx	r1
100077ea:	f8d9 1018 	ldr.w	r1, [r9, #24]
100077ee:	f8c9 9010 	str.w	r9, [r9, #16]
100077f2:	1908      	adds	r0, r1, r4
100077f4:	1864      	adds	r4, r4, r1
100077f6:	f8c9 0004 	str.w	r0, [r9, #4]
100077fa:	d3f2      	bcc.n	100077e2 <prvTimerTask+0x142>
100077fc:	4631      	mov	r1, r6
100077fe:	f8d8 0000 	ldr.w	r0, [r8]
10007802:	f000 fb19 	bl	10007e38 <vListInsert>
10007806:	e7d5      	b.n	100077b4 <prvTimerTask+0x114>
10007808:	f89a 0024 	ldrb.w	r0, [sl, #36]	@ 0x24
1000780c:	9903      	ldr	r1, [sp, #12]
1000780e:	f8da 4018 	ldr.w	r4, [sl, #24]
10007812:	9a01      	ldr	r2, [sp, #4]
10007814:	190b      	adds	r3, r1, r4
10007816:	f040 0601 	orr.w	r6, r0, #1
1000781a:	f88a 6024 	strb.w	r6, [sl, #36]	@ 0x24
1000781e:	bf2c      	ite	cs
10007820:	2601      	movcs	r6, #1
10007822:	2600      	movcc	r6, #0
10007824:	4293      	cmp	r3, r2
10007826:	f8ca 3004 	str.w	r3, [sl, #4]
1000782a:	f8ca a010 	str.w	sl, [sl, #16]
1000782e:	f200 8087 	bhi.w	10007940 <prvTimerTask+0x2a0>
10007832:	1a51      	subs	r1, r2, r1
10007834:	428c      	cmp	r4, r1
10007836:	d83f      	bhi.n	100078b8 <prvTimerTask+0x218>
10007838:	0741      	lsls	r1, r0, #29
1000783a:	d412      	bmi.n	10007862 <prvTimerTask+0x1c2>
1000783c:	f020 0001 	bic.w	r0, r0, #1
10007840:	f88a 0024 	strb.w	r0, [sl, #36]	@ 0x24
10007844:	4650      	mov	r0, sl
10007846:	f8da 3020 	ldr.w	r3, [sl, #32]
1000784a:	4798      	blx	r3
1000784c:	e756      	b.n	100076fc <prvTimerTask+0x5c>
1000784e:	428c      	cmp	r4, r1
10007850:	f200 80c6 	bhi.w	100079e0 <prvTimerTask+0x340>
10007854:	f8da 3020 	ldr.w	r3, [sl, #32]
10007858:	4650      	mov	r0, sl
1000785a:	4798      	blx	r3
1000785c:	4633      	mov	r3, r6
1000785e:	f8da 4018 	ldr.w	r4, [sl, #24]
10007862:	9a01      	ldr	r2, [sp, #4]
10007864:	18e6      	adds	r6, r4, r3
10007866:	bf2c      	ite	cs
10007868:	2001      	movcs	r0, #1
1000786a:	2000      	movcc	r0, #0
1000786c:	42b2      	cmp	r2, r6
1000786e:	eba2 0103 	sub.w	r1, r2, r3
10007872:	f8ca 6004 	str.w	r6, [sl, #4]
10007876:	f8ca a010 	str.w	sl, [sl, #16]
1000787a:	d2e8      	bcs.n	1000784e <prvTimerTask+0x1ae>
1000787c:	429a      	cmp	r2, r3
1000787e:	d201      	bcs.n	10007884 <prvTimerTask+0x1e4>
10007880:	2800      	cmp	r0, #0
10007882:	d0e7      	beq.n	10007854 <prvTimerTask+0x1b4>
10007884:	6838      	ldr	r0, [r7, #0]
10007886:	f10a 0104 	add.w	r1, sl, #4
1000788a:	f000 fad5 	bl	10007e38 <vListInsert>
1000788e:	e7d9      	b.n	10007844 <prvTimerTask+0x1a4>
10007890:	9903      	ldr	r1, [sp, #12]
10007892:	9a01      	ldr	r2, [sp, #4]
10007894:	f89a 3024 	ldrb.w	r3, [sl, #36]	@ 0x24
10007898:	1888      	adds	r0, r1, r2
1000789a:	f043 0301 	orr.w	r3, r3, #1
1000789e:	4290      	cmp	r0, r2
100078a0:	f88a 3024 	strb.w	r3, [sl, #36]	@ 0x24
100078a4:	f8ca 1018 	str.w	r1, [sl, #24]
100078a8:	f8ca 0004 	str.w	r0, [sl, #4]
100078ac:	f8ca a010 	str.w	sl, [sl, #16]
100078b0:	d84b      	bhi.n	1000794a <prvTimerTask+0x2aa>
100078b2:	2900      	cmp	r1, #0
100078b4:	f43f af22 	beq.w	100076fc <prvTimerTask+0x5c>
100078b8:	f8d8 0000 	ldr.w	r0, [r8]
100078bc:	f10a 0104 	add.w	r1, sl, #4
100078c0:	f000 faba 	bl	10007e38 <vListInsert>
100078c4:	e71a      	b.n	100076fc <prvTimerTask+0x5c>
100078c6:	f89a 3024 	ldrb.w	r3, [sl, #36]	@ 0x24
100078ca:	f023 0301 	bic.w	r3, r3, #1
100078ce:	f88a 3024 	strb.w	r3, [sl, #36]	@ 0x24
100078d2:	e713      	b.n	100076fc <prvTimerTask+0x5c>
100078d4:	f89a 3024 	ldrb.w	r3, [sl, #36]	@ 0x24
100078d8:	079a      	lsls	r2, r3, #30
100078da:	d577      	bpl.n	100079cc <prvTimerTask+0x32c>
100078dc:	f023 0301 	bic.w	r3, r3, #1
100078e0:	f88a 3024 	strb.w	r3, [sl, #36]	@ 0x24
100078e4:	e70a      	b.n	100076fc <prvTimerTask+0x5c>
100078e6:	9b03      	ldr	r3, [sp, #12]
100078e8:	9905      	ldr	r1, [sp, #20]
100078ea:	4798      	blx	r3
100078ec:	9b02      	ldr	r3, [sp, #8]
100078ee:	2b00      	cmp	r3, #0
100078f0:	f6ff af04 	blt.w	100076fc <prvTimerTask+0x5c>
100078f4:	e70e      	b.n	10007714 <prvTimerTask+0x74>
100078f6:	68db      	ldr	r3, [r3, #12]
100078f8:	681c      	ldr	r4, [r3, #0]
100078fa:	f7ff fbcd 	bl	10007098 <vTaskSuspendAll>
100078fe:	f7ff fcd5 	bl	100072ac <xTaskGetTickCount>
10007902:	f8db 3000 	ldr.w	r3, [fp]
10007906:	4681      	mov	r9, r0
10007908:	4283      	cmp	r3, r0
1000790a:	f63f af29 	bhi.w	10007760 <prvTimerTask+0xc0>
1000790e:	4284      	cmp	r4, r0
10007910:	f8cb 0000 	str.w	r0, [fp]
10007914:	d91f      	bls.n	10007956 <prvTimerTask+0x2b6>
10007916:	2200      	movs	r2, #0
10007918:	e6e1      	b.n	100076de <prvTimerTask+0x3e>
1000791a:	f8d8 2000 	ldr.w	r2, [r8]
1000791e:	f8cb 9000 	str.w	r9, [fp]
10007922:	603a      	str	r2, [r7, #0]
10007924:	f8c8 3000 	str.w	r3, [r8]
10007928:	f7ff fbbe 	bl	100070a8 <xTaskResumeAll>
1000792c:	e6e1      	b.n	100076f2 <prvTimerTask+0x52>
1000792e:	f8d8 1000 	ldr.w	r1, [r8]
10007932:	f8c8 3000 	str.w	r3, [r8]
10007936:	6039      	str	r1, [r7, #0]
10007938:	e6fc      	b.n	10007734 <prvTimerTask+0x94>
1000793a:	f000 f8e9 	bl	10007b10 <vPortYield>
1000793e:	e6d8      	b.n	100076f2 <prvTimerTask+0x52>
10007940:	4291      	cmp	r1, r2
10007942:	d902      	bls.n	1000794a <prvTimerTask+0x2aa>
10007944:	2e00      	cmp	r6, #0
10007946:	f43f af77 	beq.w	10007838 <prvTimerTask+0x198>
1000794a:	6838      	ldr	r0, [r7, #0]
1000794c:	f10a 0104 	add.w	r1, sl, #4
10007950:	f000 fa72 	bl	10007e38 <vListInsert>
10007954:	e6d2      	b.n	100076fc <prvTimerTask+0x5c>
10007956:	f7ff fba7 	bl	100070a8 <xTaskResumeAll>
1000795a:	683b      	ldr	r3, [r7, #0]
1000795c:	68db      	ldr	r3, [r3, #12]
1000795e:	68de      	ldr	r6, [r3, #12]
10007960:	1d33      	adds	r3, r6, #4
10007962:	4618      	mov	r0, r3
10007964:	9301      	str	r3, [sp, #4]
10007966:	f000 fa7f 	bl	10007e68 <uxListRemove>
1000796a:	f896 2024 	ldrb.w	r2, [r6, #36]	@ 0x24
1000796e:	0753      	lsls	r3, r2, #29
10007970:	d416      	bmi.n	100079a0 <prvTimerTask+0x300>
10007972:	f022 0201 	bic.w	r2, r2, #1
10007976:	f886 2024 	strb.w	r2, [r6, #36]	@ 0x24
1000797a:	4630      	mov	r0, r6
1000797c:	6a33      	ldr	r3, [r6, #32]
1000797e:	4798      	blx	r3
10007980:	e6b7      	b.n	100076f2 <prvTimerTask+0x52>
10007982:	bf00      	nop
10007984:	20002980 	.word	0x20002980
10007988:	20002ba4 	.word	0x20002ba4
1000798c:	20002b50 	.word	0x20002b50
10007990:	2000298c 	.word	0x2000298c
10007994:	4281      	cmp	r1, r0
10007996:	d81d      	bhi.n	100079d4 <prvTimerTask+0x334>
10007998:	4630      	mov	r0, r6
1000799a:	6a31      	ldr	r1, [r6, #32]
1000799c:	4788      	blx	r1
1000799e:	4654      	mov	r4, sl
100079a0:	69b1      	ldr	r1, [r6, #24]
100079a2:	eba9 0004 	sub.w	r0, r9, r4
100079a6:	eb14 0a01 	adds.w	sl, r4, r1
100079aa:	bf2c      	ite	cs
100079ac:	2301      	movcs	r3, #1
100079ae:	2300      	movcc	r3, #0
100079b0:	45ca      	cmp	sl, r9
100079b2:	f8c6 a004 	str.w	sl, [r6, #4]
100079b6:	6136      	str	r6, [r6, #16]
100079b8:	d9ec      	bls.n	10007994 <prvTimerTask+0x2f4>
100079ba:	454c      	cmp	r4, r9
100079bc:	d901      	bls.n	100079c2 <prvTimerTask+0x322>
100079be:	2b00      	cmp	r3, #0
100079c0:	d0ea      	beq.n	10007998 <prvTimerTask+0x2f8>
100079c2:	9901      	ldr	r1, [sp, #4]
100079c4:	6838      	ldr	r0, [r7, #0]
100079c6:	f000 fa37 	bl	10007e38 <vListInsert>
100079ca:	e7d6      	b.n	1000797a <prvTimerTask+0x2da>
100079cc:	4650      	mov	r0, sl
100079ce:	f000 f85d 	bl	10007a8c <vPortFree>
100079d2:	e693      	b.n	100076fc <prvTimerTask+0x5c>
100079d4:	9901      	ldr	r1, [sp, #4]
100079d6:	f8d8 0000 	ldr.w	r0, [r8]
100079da:	f000 fa2d 	bl	10007e38 <vListInsert>
100079de:	e7cc      	b.n	1000797a <prvTimerTask+0x2da>
100079e0:	f8d8 0000 	ldr.w	r0, [r8]
100079e4:	f10a 0104 	add.w	r1, sl, #4
100079e8:	f000 fa26 	bl	10007e38 <vListInsert>
100079ec:	e72a      	b.n	10007844 <prvTimerTask+0x1a4>
100079ee:	bf00      	nop

100079f0 <xTimerCreateTimerTask>:
100079f0:	b5f0      	push	{r4, r5, r6, r7, lr}
100079f2:	4c17      	ldr	r4, [pc, #92]	@ (10007a50 <xTimerCreateTimerTask+0x60>)
100079f4:	b083      	sub	sp, #12
100079f6:	f000 f897 	bl	10007b28 <vPortEnterCritical>
100079fa:	6825      	ldr	r5, [r4, #0]
100079fc:	b17d      	cbz	r5, 10007a1e <xTimerCreateTimerTask+0x2e>
100079fe:	f000 f8a1 	bl	10007b44 <vPortExitCritical>
10007a02:	6820      	ldr	r0, [r4, #0]
10007a04:	b148      	cbz	r0, 10007a1a <xTimerCreateTimerTask+0x2a>
10007a06:	2403      	movs	r4, #3
10007a08:	4812      	ldr	r0, [pc, #72]	@ (10007a54 <xTimerCreateTimerTask+0x64>)
10007a0a:	2300      	movs	r3, #0
10007a0c:	9001      	str	r0, [sp, #4]
10007a0e:	2280      	movs	r2, #128	@ 0x80
10007a10:	4911      	ldr	r1, [pc, #68]	@ (10007a58 <xTimerCreateTimerTask+0x68>)
10007a12:	4812      	ldr	r0, [pc, #72]	@ (10007a5c <xTimerCreateTimerTask+0x6c>)
10007a14:	9400      	str	r4, [sp, #0]
10007a16:	f7ff fa5d 	bl	10006ed4 <xTaskCreate>
10007a1a:	b003      	add	sp, #12
10007a1c:	bdf0      	pop	{r4, r5, r6, r7, pc}
10007a1e:	4e10      	ldr	r6, [pc, #64]	@ (10007a60 <xTimerCreateTimerTask+0x70>)
10007a20:	4f10      	ldr	r7, [pc, #64]	@ (10007a64 <xTimerCreateTimerTask+0x74>)
10007a22:	4630      	mov	r0, r6
10007a24:	f000 f9f8 	bl	10007e18 <vListInitialise>
10007a28:	4638      	mov	r0, r7
10007a2a:	f000 f9f5 	bl	10007e18 <vListInitialise>
10007a2e:	4a0e      	ldr	r2, [pc, #56]	@ (10007a68 <xTimerCreateTimerTask+0x78>)
10007a30:	4b0e      	ldr	r3, [pc, #56]	@ (10007a6c <xTimerCreateTimerTask+0x7c>)
10007a32:	6017      	str	r7, [r2, #0]
10007a34:	2110      	movs	r1, #16
10007a36:	462a      	mov	r2, r5
10007a38:	200a      	movs	r0, #10
10007a3a:	601e      	str	r6, [r3, #0]
10007a3c:	f7fe fcca 	bl	100063d4 <xQueueGenericCreate>
10007a40:	6020      	str	r0, [r4, #0]
10007a42:	2800      	cmp	r0, #0
10007a44:	d0db      	beq.n	100079fe <xTimerCreateTimerTask+0xe>
10007a46:	490a      	ldr	r1, [pc, #40]	@ (10007a70 <xTimerCreateTimerTask+0x80>)
10007a48:	f7fe ffb8 	bl	100069bc <vQueueAddToRegistry>
10007a4c:	e7d7      	b.n	100079fe <xTimerCreateTimerTask+0xe>
10007a4e:	bf00      	nop
10007a50:	20002ba4 	.word	0x20002ba4
10007a54:	20002ba8 	.word	0x20002ba8
10007a58:	10009360 	.word	0x10009360
10007a5c:	100076a1 	.word	0x100076a1
10007a60:	20002af8 	.word	0x20002af8
10007a64:	20002b0c 	.word	0x20002b0c
10007a68:	2000298c 	.word	0x2000298c
10007a6c:	20002980 	.word	0x20002980
10007a70:	10009358 	.word	0x10009358

10007a74 <pvPortMalloc>:
10007a74:	b510      	push	{r4, lr}
10007a76:	4604      	mov	r4, r0
10007a78:	f7ff fb0e 	bl	10007098 <vTaskSuspendAll>
10007a7c:	4620      	mov	r0, r4
10007a7e:	f7fa fa8f 	bl	10001fa0 <__wrap_malloc>
10007a82:	4604      	mov	r4, r0
10007a84:	f7ff fb10 	bl	100070a8 <xTaskResumeAll>
10007a88:	4620      	mov	r0, r4
10007a8a:	bd10      	pop	{r4, pc}

10007a8c <vPortFree>:
10007a8c:	b150      	cbz	r0, 10007aa4 <vPortFree+0x18>
10007a8e:	b510      	push	{r4, lr}
10007a90:	4604      	mov	r4, r0
10007a92:	f7ff fb01 	bl	10007098 <vTaskSuspendAll>
10007a96:	4620      	mov	r0, r4
10007a98:	f7fa fa94 	bl	10001fc4 <__wrap_free>
10007a9c:	e8bd 4010 	ldmia.w	sp!, {r4, lr}
10007aa0:	f7ff bb02 	b.w	100070a8 <xTaskResumeAll>
10007aa4:	4770      	bx	lr
10007aa6:	bf00      	nop

10007aa8 <prvTaskExitError>:
10007aa8:	2300      	movs	r3, #0
10007aaa:	b500      	push	{lr}
10007aac:	b083      	sub	sp, #12
10007aae:	9301      	str	r3, [sp, #4]
10007ab0:	f000 f944 	bl	10007d3c <ulSetInterruptMask>
10007ab4:	9b01      	ldr	r3, [sp, #4]
10007ab6:	2b00      	cmp	r3, #0
10007ab8:	d0fc      	beq.n	10007ab4 <prvTaskExitError+0xc>
10007aba:	b003      	add	sp, #12
10007abc:	f85d fb04 	ldr.w	pc, [sp], #4

10007ac0 <isr_systick>:
10007ac0:	b510      	push	{r4, lr}
10007ac2:	f000 f93b 	bl	10007d3c <ulSetInterruptMask>
10007ac6:	4604      	mov	r4, r0
10007ac8:	f7ff fbf6 	bl	100072b8 <xTaskIncrementTick>
10007acc:	b128      	cbz	r0, 10007ada <isr_systick+0x1a>
10007ace:	f04f 23e0 	mov.w	r3, #3758153728	@ 0xe000e000
10007ad2:	f04f 5280 	mov.w	r2, #268435456	@ 0x10000000
10007ad6:	f8c3 2d04 	str.w	r2, [r3, #3332]	@ 0xd04
10007ada:	4620      	mov	r0, r4
10007adc:	e8bd 4010 	ldmia.w	sp!, {r4, lr}
10007ae0:	f000 b938 	b.w	10007d54 <vClearInterruptMask>

10007ae4 <vPortSetupTimerInterrupt>:
10007ae4:	b510      	push	{r4, lr}
10007ae6:	2204      	movs	r2, #4
10007ae8:	f04f 24e0 	mov.w	r4, #3758153728	@ 0xe000e000
10007aec:	2300      	movs	r3, #0
10007aee:	6122      	str	r2, [r4, #16]
10007af0:	2005      	movs	r0, #5
10007af2:	61a3      	str	r3, [r4, #24]
10007af4:	f7f9 fef6 	bl	100018e4 <clock_get_hz>
10007af8:	2107      	movs	r1, #7
10007afa:	4b04      	ldr	r3, [pc, #16]	@ (10007b0c <vPortSetupTimerInterrupt+0x28>)
10007afc:	fba3 2300 	umull	r2, r3, r3, r0
10007b00:	099b      	lsrs	r3, r3, #6
10007b02:	3b01      	subs	r3, #1
10007b04:	6163      	str	r3, [r4, #20]
10007b06:	6121      	str	r1, [r4, #16]
10007b08:	bd10      	pop	{r4, pc}
10007b0a:	bf00      	nop
10007b0c:	10624dd3 	.word	0x10624dd3

10007b10 <vPortYield>:
10007b10:	f04f 23e0 	mov.w	r3, #3758153728	@ 0xe000e000
10007b14:	f04f 5280 	mov.w	r2, #268435456	@ 0x10000000
10007b18:	f8c3 2d04 	str.w	r2, [r3, #3332]	@ 0xd04
10007b1c:	f3bf 8f4f 	dsb	sy
10007b20:	f3bf 8f6f 	isb	sy
10007b24:	4770      	bx	lr
10007b26:	bf00      	nop

10007b28 <vPortEnterCritical>:
10007b28:	b508      	push	{r3, lr}
10007b2a:	f000 f907 	bl	10007d3c <ulSetInterruptMask>
10007b2e:	4a04      	ldr	r2, [pc, #16]	@ (10007b40 <vPortEnterCritical+0x18>)
10007b30:	6813      	ldr	r3, [r2, #0]
10007b32:	3301      	adds	r3, #1
10007b34:	6013      	str	r3, [r2, #0]
10007b36:	f3bf 8f4f 	dsb	sy
10007b3a:	f3bf 8f6f 	isb	sy
10007b3e:	bd08      	pop	{r3, pc}
10007b40:	2000162c 	.word	0x2000162c

10007b44 <vPortExitCritical>:
10007b44:	4b04      	ldr	r3, [pc, #16]	@ (10007b58 <vPortExitCritical+0x14>)
10007b46:	681a      	ldr	r2, [r3, #0]
10007b48:	3a01      	subs	r2, #1
10007b4a:	601a      	str	r2, [r3, #0]
10007b4c:	6818      	ldr	r0, [r3, #0]
10007b4e:	b100      	cbz	r0, 10007b52 <vPortExitCritical+0xe>
10007b50:	4770      	bx	lr
10007b52:	f000 b8ff 	b.w	10007d54 <vClearInterruptMask>
10007b56:	bf00      	nop
10007b58:	2000162c 	.word	0x2000162c

10007b5c <vPortSVCHandler_C>:
10007b5c:	6983      	ldr	r3, [r0, #24]
10007b5e:	f813 3c02 	ldrb.w	r3, [r3, #-2]
10007b62:	2b66      	cmp	r3, #102	@ 0x66
10007b64:	d000      	beq.n	10007b68 <vPortSVCHandler_C+0xc>
10007b66:	4770      	bx	lr
10007b68:	f04f 23e0 	mov.w	r3, #3758153728	@ 0xe000e000
10007b6c:	f8d3 2d88 	ldr.w	r2, [r3, #3464]	@ 0xd88
10007b70:	f442 0270 	orr.w	r2, r2, #15728640	@ 0xf00000
10007b74:	f8c3 2d88 	str.w	r2, [r3, #3464]	@ 0xd88
10007b78:	f8d3 2f34 	ldr.w	r2, [r3, #3892]	@ 0xf34
10007b7c:	f042 4240 	orr.w	r2, r2, #3221225472	@ 0xc0000000
10007b80:	f8c3 2f34 	str.w	r2, [r3, #3892]	@ 0xf34
10007b84:	f000 b8bc 	b.w	10007d00 <vRestoreContextOfFirstTask>

10007b88 <pxPortInitialiseStack>:
10007b88:	e92d 4ff0 	stmdb	sp!, {r4, r5, r6, r7, r8, r9, sl, fp, lr}
10007b8c:	f04f 3e11 	mov.w	lr, #286331153	@ 0x11111111
10007b90:	f04f 7480 	mov.w	r4, #16777216	@ 0x1000000
10007b94:	e940 e309 	strd	lr, r3, [r0, #-36]	@ 0x24
10007b98:	f04f 3307 	mov.w	r3, #117901063	@ 0x7070707
10007b9c:	f840 4c04 	str.w	r4, [r0, #-4]
10007ba0:	4c16      	ldr	r4, [pc, #88]	@ (10007bfc <pxPortInitialiseStack+0x74>)
10007ba2:	f840 3c34 	str.w	r3, [r0, #-52]
10007ba6:	e940 4203 	strd	r4, r2, [r0, #-12]
10007baa:	f04f 3305 	mov.w	r3, #84215045	@ 0x5050505
10007bae:	f04f 3206 	mov.w	r2, #101058054	@ 0x6060606
10007bb2:	f04f 3b12 	mov.w	fp, #303174162	@ 0x12121212
10007bb6:	e940 320f 	strd	r3, r2, [r0, #-60]	@ 0x3c
10007bba:	f04f 3a03 	mov.w	sl, #50529027	@ 0x3030303
10007bbe:	f04f 3902 	mov.w	r9, #33686018	@ 0x2020202
10007bc2:	f04f 3801 	mov.w	r8, #16843009	@ 0x1010101
10007bc6:	f04f 3710 	mov.w	r7, #269488144	@ 0x10101010
10007bca:	f04f 3609 	mov.w	r6, #151587081	@ 0x9090909
10007bce:	f04f 3508 	mov.w	r5, #134744072	@ 0x8080808
10007bd2:	f04f 3404 	mov.w	r4, #67372036	@ 0x4040404
10007bd6:	f06f 0302 	mvn.w	r3, #2
10007bda:	e940 ab05 	strd	sl, fp, [r0, #-20]
10007bde:	e940 8907 	strd	r8, r9, [r0, #-28]
10007be2:	e940 670b 	strd	r6, r7, [r0, #-44]	@ 0x2c
10007be6:	f840 5c30 	str.w	r5, [r0, #-48]
10007bea:	f840 4c40 	str.w	r4, [r0, #-64]
10007bee:	f840 3c44 	str.w	r3, [r0, #-68]
10007bf2:	f840 1d48 	str.w	r1, [r0, #-72]!
10007bf6:	e8bd 8ff0 	ldmia.w	sp!, {r4, r5, r6, r7, r8, r9, sl, fp, pc}
10007bfa:	bf00      	nop
10007bfc:	10007aa9 	.word	0x10007aa9

10007c00 <xPortStartScheduler>:
10007c00:	f04f 23e0 	mov.w	r3, #3758153728	@ 0xe000e000
10007c04:	f04f 427f 	mov.w	r2, #4278190080	@ 0xff000000
10007c08:	2100      	movs	r1, #0
10007c0a:	b510      	push	{r4, lr}
10007c0c:	b084      	sub	sp, #16
10007c0e:	9102      	str	r1, [sp, #8]
10007c10:	f8c3 2d1c 	str.w	r2, [r3, #3356]	@ 0xd1c
10007c14:	f8d3 3d1c 	ldr.w	r3, [r3, #3356]	@ 0xd1c
10007c18:	0e1b      	lsrs	r3, r3, #24
10007c1a:	f88d 3007 	strb.w	r3, [sp, #7]
10007c1e:	f89d 3007 	ldrb.w	r3, [sp, #7]
10007c22:	f89d 3007 	ldrb.w	r3, [sp, #7]
10007c26:	061a      	lsls	r2, r3, #24
10007c28:	d50c      	bpl.n	10007c44 <xPortStartScheduler+0x44>
10007c2a:	9b02      	ldr	r3, [sp, #8]
10007c2c:	3301      	adds	r3, #1
10007c2e:	9302      	str	r3, [sp, #8]
10007c30:	f89d 3007 	ldrb.w	r3, [sp, #7]
10007c34:	005b      	lsls	r3, r3, #1
10007c36:	b2db      	uxtb	r3, r3
10007c38:	f88d 3007 	strb.w	r3, [sp, #7]
10007c3c:	f89d 3007 	ldrb.w	r3, [sp, #7]
10007c40:	061b      	lsls	r3, r3, #24
10007c42:	d4f2      	bmi.n	10007c2a <xPortStartScheduler+0x2a>
10007c44:	9b02      	ldr	r3, [sp, #8]
10007c46:	2b08      	cmp	r3, #8
10007c48:	d03a      	beq.n	10007cc0 <xPortStartScheduler+0xc0>
10007c4a:	9a02      	ldr	r2, [sp, #8]
10007c4c:	f1c2 0207 	rsb	r2, r2, #7
10007c50:	0212      	lsls	r2, r2, #8
10007c52:	f402 62e0 	and.w	r2, r2, #1792	@ 0x700
10007c56:	f04f 23e0 	mov.w	r3, #3758153728	@ 0xe000e000
10007c5a:	2400      	movs	r4, #0
10007c5c:	4919      	ldr	r1, [pc, #100]	@ (10007cc4 <xPortStartScheduler+0xc4>)
10007c5e:	200e      	movs	r0, #14
10007c60:	600a      	str	r2, [r1, #0]
10007c62:	f8d3 2d20 	ldr.w	r2, [r3, #3360]	@ 0xd20
10007c66:	4918      	ldr	r1, [pc, #96]	@ (10007cc8 <xPortStartScheduler+0xc8>)
10007c68:	f442 027f 	orr.w	r2, r2, #16711680	@ 0xff0000
10007c6c:	f8c3 2d20 	str.w	r2, [r3, #3360]	@ 0xd20
10007c70:	f8d3 2d20 	ldr.w	r2, [r3, #3360]	@ 0xd20
10007c74:	f042 427f 	orr.w	r2, r2, #4278190080	@ 0xff000000
10007c78:	f8c3 2d20 	str.w	r2, [r3, #3360]	@ 0xd20
10007c7c:	f8c3 4d1c 	str.w	r4, [r3, #3356]	@ 0xd1c
10007c80:	f7fe faac 	bl	100061dc <exception_set_exclusive_handler>
10007c84:	4911      	ldr	r1, [pc, #68]	@ (10007ccc <xPortStartScheduler+0xcc>)
10007c86:	200f      	movs	r0, #15
10007c88:	f7fe faa8 	bl	100061dc <exception_set_exclusive_handler>
10007c8c:	4910      	ldr	r1, [pc, #64]	@ (10007cd0 <xPortStartScheduler+0xd0>)
10007c8e:	200b      	movs	r0, #11
10007c90:	f7fe faa4 	bl	100061dc <exception_set_exclusive_handler>
10007c94:	f7ff ff26 	bl	10007ae4 <vPortSetupTimerInterrupt>
10007c98:	f04f 4250 	mov.w	r2, #3489660928	@ 0xd0000000
10007c9c:	490d      	ldr	r1, [pc, #52]	@ (10007cd4 <xPortStartScheduler+0xd4>)
10007c9e:	4b0e      	ldr	r3, [pc, #56]	@ (10007cd8 <xPortStartScheduler+0xd8>)
10007ca0:	600c      	str	r4, [r1, #0]
10007ca2:	6812      	ldr	r2, [r2, #0]
10007ca4:	701a      	strb	r2, [r3, #0]
10007ca6:	f000 f841 	bl	10007d2c <vStartFirstTask>
10007caa:	f7ff fb15 	bl	100072d8 <vTaskSwitchContext>
10007cae:	9403      	str	r4, [sp, #12]
10007cb0:	f000 f844 	bl	10007d3c <ulSetInterruptMask>
10007cb4:	9b03      	ldr	r3, [sp, #12]
10007cb6:	2b00      	cmp	r3, #0
10007cb8:	d0fc      	beq.n	10007cb4 <xPortStartScheduler+0xb4>
10007cba:	2000      	movs	r0, #0
10007cbc:	b004      	add	sp, #16
10007cbe:	bd10      	pop	{r4, pc}
10007cc0:	2200      	movs	r2, #0
10007cc2:	e7c8      	b.n	10007c56 <xPortStartScheduler+0x56>
10007cc4:	20002acc 	.word	0x20002acc
10007cc8:	10007d65 	.word	0x10007d65
10007ccc:	10007ac1 	.word	0x10007ac1
10007cd0:	10007de5 	.word	0x10007de5
10007cd4:	2000162c 	.word	0x2000162c
10007cd8:	20001628 	.word	0x20001628

10007cdc <prvRuntimeInitializer>:
10007cdc:	b508      	push	{r3, lr}
10007cde:	f7f8 feb3 	bl	10000a48 <next_striped_spin_lock_num>
10007ce2:	4b04      	ldr	r3, [pc, #16]	@ (10007cf4 <prvRuntimeInitializer+0x18>)
10007ce4:	4a04      	ldr	r2, [pc, #16]	@ (10007cf8 <prvRuntimeInitializer+0x1c>)
10007ce6:	4403      	add	r3, r0
10007ce8:	6013      	str	r3, [r2, #0]
10007cea:	f000 f887 	bl	10007dfc <xEventGroupCreate>
10007cee:	4b03      	ldr	r3, [pc, #12]	@ (10007cfc <prvRuntimeInitializer+0x20>)
10007cf0:	6018      	str	r0, [r3, #0]
10007cf2:	bd08      	pop	{r3, pc}
10007cf4:	20002098 	.word	0x20002098
10007cf8:	20002978 	.word	0x20002978
10007cfc:	20002b48 	.word	0x20002b48

10007d00 <vRestoreContextOfFirstTask>:
10007d00:	4a09      	ldr	r2, [pc, #36]	@ (10007d28 <vRestoreContextOfFirstTask+0x28>)
10007d02:	6811      	ldr	r1, [r2, #0]
10007d04:	6808      	ldr	r0, [r1, #0]
10007d06:	c806      	ldmia	r0!, {r1, r2}
10007d08:	f381 880b 	msr	PSPLIM, r1
10007d0c:	2102      	movs	r1, #2
10007d0e:	f381 8814 	msr	CONTROL, r1
10007d12:	3020      	adds	r0, #32
10007d14:	f380 8809 	msr	PSP, r0
10007d18:	f3bf 8f6f 	isb	sy
10007d1c:	f04f 0000 	mov.w	r0, #0
10007d20:	f380 8811 	msr	BASEPRI, r0
10007d24:	4710      	bx	r2
10007d26:	0000      	.short	0x0000
10007d28:	2000297c 	.word	0x2000297c

10007d2c <vStartFirstTask>:
10007d2c:	b662      	cpsie	i
10007d2e:	b661      	cpsie	f
10007d30:	f3bf 8f4f 	dsb	sy
10007d34:	f3bf 8f6f 	isb	sy
10007d38:	df66      	svc	102	@ 0x66
10007d3a:	bf00      	nop

10007d3c <ulSetInterruptMask>:
10007d3c:	f3ef 8011 	mrs	r0, BASEPRI
10007d40:	f04f 0110 	mov.w	r1, #16
10007d44:	f381 8811 	msr	BASEPRI, r1
10007d48:	f3bf 8f4f 	dsb	sy
10007d4c:	f3bf 8f6f 	isb	sy
10007d50:	4770      	bx	lr
10007d52:	bf00      	nop

10007d54 <vClearInterruptMask>:
10007d54:	f380 8811 	msr	BASEPRI, r0
10007d58:	f3bf 8f4f 	dsb	sy
10007d5c:	f3bf 8f6f 	isb	sy
10007d60:	4770      	bx	lr
10007d62:	bf00      	nop

10007d64 <isr_pendsv>:
10007d64:	f3ef 8109 	mrs	r1, PSP
10007d68:	f01e 0f10 	tst.w	lr, #16
10007d6c:	bf08      	it	eq
10007d6e:	ed21 8a10 	vstmdbeq	r1!, {s16-s31}
10007d72:	f3ef 820b 	mrs	r2, PSPLIM
10007d76:	4673      	mov	r3, lr
10007d78:	e921 0ffc 	stmdb	r1!, {r2, r3, r4, r5, r6, r7, r8, r9, sl, fp}
10007d7c:	fc55 4408 	dcp_pxmd r4, r5
10007d80:	fc57 6409 	dcp_pymd r6, r7
10007d84:	fc59 840a 	dcp_pefd r8, r9
10007d88:	e901 03f0 	stmdb	r1, {r4, r5, r6, r7, r8, r9}
10007d8c:	4a14      	ldr	r2, [pc, #80]	@ (10007de0 <isr_pendsv+0x7c>)
10007d8e:	6813      	ldr	r3, [r2, #0]
10007d90:	6019      	str	r1, [r3, #0]
10007d92:	f04f 0110 	mov.w	r1, #16
10007d96:	f381 8811 	msr	BASEPRI, r1
10007d9a:	f3bf 8f4f 	dsb	sy
10007d9e:	f3bf 8f6f 	isb	sy
10007da2:	f7ff fa99 	bl	100072d8 <vTaskSwitchContext>
10007da6:	f04f 0000 	mov.w	r0, #0
10007daa:	f380 8811 	msr	BASEPRI, r0
10007dae:	4a0c      	ldr	r2, [pc, #48]	@ (10007de0 <isr_pendsv+0x7c>)
10007db0:	6811      	ldr	r1, [r2, #0]
10007db2:	6808      	ldr	r0, [r1, #0]
10007db4:	3818      	subs	r0, #24
10007db6:	e8b0 03f0 	ldmia.w	r0!, {r4, r5, r6, r7, r8, r9}
10007dba:	ec45 4400 	dcp_wxmd r4, r5
10007dbe:	ec47 6401 	dcp_wymd r6, r7
10007dc2:	ec49 8402 	dcp_wefd r8, r9
10007dc6:	e8b0 0ffc 	ldmia.w	r0!, {r2, r3, r4, r5, r6, r7, r8, r9, sl, fp}
10007dca:	f013 0f10 	tst.w	r3, #16
10007dce:	bf08      	it	eq
10007dd0:	ecb0 8a10 	vldmiaeq	r0!, {s16-s31}
10007dd4:	f382 880b 	msr	PSPLIM, r2
10007dd8:	f380 8809 	msr	PSP, r0
10007ddc:	4718      	bx	r3
10007dde:	0000      	.short	0x0000
10007de0:	2000297c 	.word	0x2000297c

10007de4 <isr_svcall>:
10007de4:	f01e 0f04 	tst.w	lr, #4
10007de8:	bf0c      	ite	eq
10007dea:	f3ef 8008 	mrseq	r0, MSP
10007dee:	f3ef 8009 	mrsne	r0, PSP
10007df2:	4901      	ldr	r1, [pc, #4]	@ (10007df8 <isr_svcall+0x14>)
10007df4:	4708      	bx	r1
10007df6:	0000      	.short	0x0000
10007df8:	10007b5d 	.word	0x10007b5d

10007dfc <xEventGroupCreate>:
10007dfc:	b510      	push	{r4, lr}
10007dfe:	2018      	movs	r0, #24
10007e00:	f7ff fe38 	bl	10007a74 <pvPortMalloc>
10007e04:	4604      	mov	r4, r0
10007e06:	b120      	cbz	r0, 10007e12 <xEventGroupCreate+0x16>
10007e08:	2300      	movs	r3, #0
10007e0a:	f840 3b04 	str.w	r3, [r0], #4
10007e0e:	f000 f803 	bl	10007e18 <vListInitialise>
10007e12:	4620      	mov	r0, r4
10007e14:	bd10      	pop	{r4, pc}
10007e16:	bf00      	nop

10007e18 <vListInitialise>:
10007e18:	f04f 31ff 	mov.w	r1, #4294967295
10007e1c:	2200      	movs	r2, #0
10007e1e:	f100 0308 	add.w	r3, r0, #8
10007e22:	e9c0 3101 	strd	r3, r1, [r0, #4]
10007e26:	e9c0 3303 	strd	r3, r3, [r0, #12]
10007e2a:	6002      	str	r2, [r0, #0]
10007e2c:	4770      	bx	lr
10007e2e:	bf00      	nop

10007e30 <vListInitialiseItem>:
10007e30:	2300      	movs	r3, #0
10007e32:	6103      	str	r3, [r0, #16]
10007e34:	4770      	bx	lr
10007e36:	bf00      	nop

10007e38 <vListInsert>:
10007e38:	b430      	push	{r4, r5}
10007e3a:	680d      	ldr	r5, [r1, #0]
10007e3c:	1c6b      	adds	r3, r5, #1
10007e3e:	d010      	beq.n	10007e62 <vListInsert+0x2a>
10007e40:	f100 0308 	add.w	r3, r0, #8
10007e44:	461c      	mov	r4, r3
10007e46:	685b      	ldr	r3, [r3, #4]
10007e48:	681a      	ldr	r2, [r3, #0]
10007e4a:	42aa      	cmp	r2, r5
10007e4c:	d9fa      	bls.n	10007e44 <vListInsert+0xc>
10007e4e:	6802      	ldr	r2, [r0, #0]
10007e50:	604b      	str	r3, [r1, #4]
10007e52:	3201      	adds	r2, #1
10007e54:	6099      	str	r1, [r3, #8]
10007e56:	608c      	str	r4, [r1, #8]
10007e58:	6061      	str	r1, [r4, #4]
10007e5a:	6108      	str	r0, [r1, #16]
10007e5c:	bc30      	pop	{r4, r5}
10007e5e:	6002      	str	r2, [r0, #0]
10007e60:	4770      	bx	lr
10007e62:	6904      	ldr	r4, [r0, #16]
10007e64:	6863      	ldr	r3, [r4, #4]
10007e66:	e7f2      	b.n	10007e4e <vListInsert+0x16>

10007e68 <uxListRemove>:
10007e68:	4603      	mov	r3, r0
10007e6a:	6902      	ldr	r2, [r0, #16]
10007e6c:	b410      	push	{r4}
10007e6e:	6854      	ldr	r4, [r2, #4]
10007e70:	6840      	ldr	r0, [r0, #4]
10007e72:	6899      	ldr	r1, [r3, #8]
10007e74:	429c      	cmp	r4, r3
10007e76:	6081      	str	r1, [r0, #8]
10007e78:	6048      	str	r0, [r1, #4]
10007e7a:	bf08      	it	eq
10007e7c:	6051      	streq	r1, [r2, #4]
10007e7e:	2100      	movs	r1, #0
10007e80:	6810      	ldr	r0, [r2, #0]
10007e82:	f85d 4b04 	ldr.w	r4, [sp], #4
10007e86:	3801      	subs	r0, #1
10007e88:	6119      	str	r1, [r3, #16]
10007e8a:	6010      	str	r0, [r2, #0]
10007e8c:	4770      	bx	lr
10007e8e:	bf00      	nop

10007e90 <pwm_init_config>:
10007e90:	2800      	cmp	r0, #0
10007e92:	d03b      	beq.n	10007f0c <pwm_init_config+0x7c>
10007e94:	b538      	push	{r3, r4, r5, lr}
10007e96:	4604      	mov	r4, r0
10007e98:	6800      	ldr	r0, [r0, #0]
10007e9a:	281d      	cmp	r0, #29
10007e9c:	d900      	bls.n	10007ea0 <pwm_init_config+0x10>
10007e9e:	bd38      	pop	{r3, r4, r5, pc}
10007ea0:	2104      	movs	r1, #4
10007ea2:	f7f8 fce7 	bl	10000874 <gpio_set_function>
10007ea6:	edd4 7a04 	vldr	s15, [r4, #16]
10007eaa:	eddf 6a19 	vldr	s13, [pc, #100]	@ 10007f10 <pwm_init_config+0x80>
10007eae:	eef8 7a67 	vcvt.f32.u32	s15, s15
10007eb2:	eeb3 7a00 	vmov.f32	s14, #48	@ 0x41800000  16.0
10007eb6:	ee77 7aa6 	vadd.f32	s15, s15, s13
10007eba:	ee67 7a87 	vmul.f32	s15, s15, s14
10007ebe:	2000      	movs	r0, #0
10007ec0:	eefc 7ae7 	vcvt.u32.f32	s15, s15
10007ec4:	6821      	ldr	r1, [r4, #0]
10007ec6:	89a5      	ldrh	r5, [r4, #12]
10007ec8:	084a      	lsrs	r2, r1, #1
10007eca:	291f      	cmp	r1, #31
10007ecc:	bf8a      	itet	hi
10007ece:	f002 0203 	andhi.w	r2, r2, #3
10007ed2:	f002 0207 	andls.w	r2, r2, #7
10007ed6:	3208      	addhi	r2, #8
10007ed8:	eb02 0382 	add.w	r3, r2, r2, lsl #2
10007edc:	009b      	lsls	r3, r3, #2
10007ede:	f001 0101 	and.w	r1, r1, #1
10007ee2:	e9c4 2101 	strd	r2, r1, [r4, #4]
10007ee6:	f103 4280 	add.w	r2, r3, #1073741824	@ 0x40000000
10007eea:	f502 2128 	add.w	r1, r2, #688128	@ 0xa8000
10007eee:	6008      	str	r0, [r1, #0]
10007ef0:	6088      	str	r0, [r1, #8]
10007ef2:	60c8      	str	r0, [r1, #12]
10007ef4:	610d      	str	r5, [r1, #16]
10007ef6:	edc1 7a01 	vstr	s15, [r1, #4]
10007efa:	6008      	str	r0, [r1, #0]
10007efc:	680b      	ldr	r3, [r1, #0]
10007efe:	f502 2229 	add.w	r2, r2, #692224	@ 0xa9000
10007f02:	43db      	mvns	r3, r3
10007f04:	f003 0301 	and.w	r3, r3, #1
10007f08:	6013      	str	r3, [r2, #0]
10007f0a:	bd38      	pop	{r3, r4, r5, pc}
10007f0c:	4770      	bx	lr
10007f0e:	bf00      	nop
10007f10:	3d000000 	.word	0x3d000000

10007f14 <hc_sr04_init>:
10007f14:	4603      	mov	r3, r0
10007f16:	b570      	push	{r4, r5, r6, lr}
10007f18:	4608      	mov	r0, r1
10007f1a:	e9c3 1200 	strd	r1, r2, [r3]
10007f1e:	460c      	mov	r4, r1
10007f20:	4615      	mov	r5, r2
10007f22:	f7f8 fce9 	bl	100008f8 <gpio_init>
10007f26:	f04f 0301 	mov.w	r3, #1
10007f2a:	ec43 4044 	gpioc_bit_oe_put r4, r3
10007f2e:	f04f 0600 	mov.w	r6, #0
10007f32:	ec46 4040 	gpioc_bit_out_put r4, r6
10007f36:	4628      	mov	r0, r5
10007f38:	f7f8 fcde 	bl	100008f8 <gpio_init>
10007f3c:	ec46 5044 	gpioc_bit_oe_put r5, r6
10007f40:	bd70      	pop	{r4, r5, r6, pc}
10007f42:	bf00      	nop

10007f44 <__NVIC_SystemReset>:
10007f44:	f3bf 8f4f 	dsb	sy
10007f48:	4905      	ldr	r1, [pc, #20]	@ (10007f60 <__NVIC_SystemReset+0x1c>)
10007f4a:	4b06      	ldr	r3, [pc, #24]	@ (10007f64 <__NVIC_SystemReset+0x20>)
10007f4c:	68ca      	ldr	r2, [r1, #12]
10007f4e:	f402 62e0 	and.w	r2, r2, #1792	@ 0x700
10007f52:	4313      	orrs	r3, r2
10007f54:	60cb      	str	r3, [r1, #12]
10007f56:	f3bf 8f4f 	dsb	sy
10007f5a:	bf00      	nop
10007f5c:	e7fd      	b.n	10007f5a <__NVIC_SystemReset+0x16>
10007f5e:	bf00      	nop
10007f60:	e000ed00 	.word	0xe000ed00
10007f64:	05fa0004 	.word	0x05fa0004

10007f68 <crc7.constprop.0>:
10007f68:	2100      	movs	r1, #0
10007f6a:	b410      	push	{r4}
10007f6c:	4c06      	ldr	r4, [pc, #24]	@ (10007f88 <crc7.constprop.0+0x20>)
10007f6e:	1e42      	subs	r2, r0, #1
10007f70:	3073      	adds	r0, #115	@ 0x73
10007f72:	f812 3f01 	ldrb.w	r3, [r2, #1]!
10007f76:	ea83 0341 	eor.w	r3, r3, r1, lsl #1
10007f7a:	4290      	cmp	r0, r2
10007f7c:	5ce1      	ldrb	r1, [r4, r3]
10007f7e:	d1f8      	bne.n	10007f72 <crc7.constprop.0+0xa>
10007f80:	4608      	mov	r0, r1
10007f82:	f85d 4b04 	ldr.w	r4, [sp], #4
10007f86:	4770      	bx	lr
10007f88:	100095d8 	.word	0x100095d8

10007f8c <Hardfault_HandlerC>:
10007f8c:	4605      	mov	r5, r0
10007f8e:	4c14      	ldr	r4, [pc, #80]	@ (10007fe0 <Hardfault_HandlerC+0x54>)
10007f90:	b508      	push	{r3, lr}
10007f92:	2278      	movs	r2, #120	@ 0x78
10007f94:	2100      	movs	r1, #0
10007f96:	4620      	mov	r0, r4
10007f98:	f000 fc0c 	bl	100087b4 <memset>
10007f9c:	4911      	ldr	r1, [pc, #68]	@ (10007fe4 <Hardfault_HandlerC+0x58>)
10007f9e:	4b12      	ldr	r3, [pc, #72]	@ (10007fe8 <Hardfault_HandlerC+0x5c>)
10007fa0:	6021      	str	r1, [r4, #0]
10007fa2:	e9d3 2300 	ldrd	r2, r3, [r3]
10007fa6:	e9c4 2302 	strd	r2, r3, [r4, #8]
10007faa:	682b      	ldr	r3, [r5, #0]
10007fac:	4620      	mov	r0, r4
10007fae:	6123      	str	r3, [r4, #16]
10007fb0:	686b      	ldr	r3, [r5, #4]
10007fb2:	6163      	str	r3, [r4, #20]
10007fb4:	68ab      	ldr	r3, [r5, #8]
10007fb6:	61a3      	str	r3, [r4, #24]
10007fb8:	68eb      	ldr	r3, [r5, #12]
10007fba:	61e3      	str	r3, [r4, #28]
10007fbc:	692b      	ldr	r3, [r5, #16]
10007fbe:	6223      	str	r3, [r4, #32]
10007fc0:	696b      	ldr	r3, [r5, #20]
10007fc2:	6263      	str	r3, [r4, #36]	@ 0x24
10007fc4:	69ab      	ldr	r3, [r5, #24]
10007fc6:	62a3      	str	r3, [r4, #40]	@ 0x28
10007fc8:	69eb      	ldr	r3, [r5, #28]
10007fca:	62e3      	str	r3, [r4, #44]	@ 0x2c
10007fcc:	f7ff ffcc 	bl	10007f68 <crc7.constprop.0>
10007fd0:	f884 0074 	strb.w	r0, [r4, #116]	@ 0x74
10007fd4:	f3bf 8f4f 	dsb	sy
10007fd8:	be00      	bkpt	0x0000
10007fda:	f7ff ffb3 	bl	10007f44 <__NVIC_SystemReset>
10007fde:	bf00      	nop
10007fe0:	20000110 	.word	0x20000110
10007fe4:	cafebabe 	.word	0xcafebabe
10007fe8:	20001d20 	.word	0x20001d20

10007fec <HardFault_Handler>:
10007fec:	2004      	movs	r0, #4
10007fee:	ea5f 010e 	movs.w	r1, lr
10007ff2:	4208      	tst	r0, r1
10007ff4:	d002      	beq.n	10007ffc <_MSP3>
10007ff6:	f3ef 8009 	mrs	r0, PSP
10007ffa:	e001      	b.n	10008000 <_HALT3>

10007ffc <_MSP3>:
10007ffc:	f3ef 8008 	mrs	r0, MSP

10008000 <_HALT3>:
10008000:	6941      	ldr	r1, [r0, #20]
10008002:	f7ff bfc3 	b.w	10007f8c <Hardfault_HandlerC>
10008006:	bf00      	nop

10008008 <atoi>:
10008008:	220a      	movs	r2, #10
1000800a:	2100      	movs	r1, #0
1000800c:	f000 bbbc 	b.w	10008788 <strtol>

10008010 <malloc>:
10008010:	4b02      	ldr	r3, [pc, #8]	@ (1000801c <malloc+0xc>)
10008012:	4601      	mov	r1, r0
10008014:	6818      	ldr	r0, [r3, #0]
10008016:	f000 b80b 	b.w	10008030 <_malloc_r>
1000801a:	bf00      	nop
1000801c:	20001a40 	.word	0x20001a40

10008020 <free>:
10008020:	4b02      	ldr	r3, [pc, #8]	@ (1000802c <free+0xc>)
10008022:	4601      	mov	r1, r0
10008024:	6818      	ldr	r0, [r3, #0]
10008026:	f000 bda9 	b.w	10008b7c <_free_r>
1000802a:	bf00      	nop
1000802c:	20001a40 	.word	0x20001a40

10008030 <_malloc_r>:
10008030:	f101 030b 	add.w	r3, r1, #11
10008034:	2b16      	cmp	r3, #22
10008036:	e92d 4ff0 	stmdb	sp!, {r4, r5, r6, r7, r8, r9, sl, fp, lr}
1000803a:	4607      	mov	r7, r0
1000803c:	b083      	sub	sp, #12
1000803e:	d823      	bhi.n	10008088 <_malloc_r+0x58>
10008040:	2910      	cmp	r1, #16
10008042:	f200 80af 	bhi.w	100081a4 <_malloc_r+0x174>
10008046:	f000 faaf 	bl	100085a8 <__malloc_lock>
1000804a:	2510      	movs	r5, #16
1000804c:	2318      	movs	r3, #24
1000804e:	2002      	movs	r0, #2
10008050:	4eba      	ldr	r6, [pc, #744]	@ (1000833c <_malloc_r+0x30c>)
10008052:	4433      	add	r3, r6
10008054:	685c      	ldr	r4, [r3, #4]
10008056:	f1a3 0208 	sub.w	r2, r3, #8
1000805a:	4294      	cmp	r4, r2
1000805c:	f000 8156 	beq.w	1000830c <_malloc_r+0x2dc>
10008060:	6863      	ldr	r3, [r4, #4]
10008062:	4638      	mov	r0, r7
10008064:	f023 0303 	bic.w	r3, r3, #3
10008068:	e9d4 1202 	ldrd	r1, r2, [r4, #8]
1000806c:	4423      	add	r3, r4
1000806e:	60ca      	str	r2, [r1, #12]
10008070:	6091      	str	r1, [r2, #8]
10008072:	685a      	ldr	r2, [r3, #4]
10008074:	3408      	adds	r4, #8
10008076:	f042 0201 	orr.w	r2, r2, #1
1000807a:	605a      	str	r2, [r3, #4]
1000807c:	f000 fa9a 	bl	100085b4 <__malloc_unlock>
10008080:	4620      	mov	r0, r4
10008082:	b003      	add	sp, #12
10008084:	e8bd 8ff0 	ldmia.w	sp!, {r4, r5, r6, r7, r8, r9, sl, fp, pc}
10008088:	2b00      	cmp	r3, #0
1000808a:	f023 0507 	bic.w	r5, r3, #7
1000808e:	f2c0 8089 	blt.w	100081a4 <_malloc_r+0x174>
10008092:	42a9      	cmp	r1, r5
10008094:	f200 8086 	bhi.w	100081a4 <_malloc_r+0x174>
10008098:	f000 fa86 	bl	100085a8 <__malloc_lock>
1000809c:	f5b5 7ffc 	cmp.w	r5, #504	@ 0x1f8
100080a0:	f0c0 827b 	bcc.w	1000859a <_malloc_r+0x56a>
100080a4:	0a6b      	lsrs	r3, r5, #9
100080a6:	f000 8084 	beq.w	100081b2 <_malloc_r+0x182>
100080aa:	2b04      	cmp	r3, #4
100080ac:	f200 8162 	bhi.w	10008374 <_malloc_r+0x344>
100080b0:	09ab      	lsrs	r3, r5, #6
100080b2:	f103 0039 	add.w	r0, r3, #57	@ 0x39
100080b6:	f103 0e38 	add.w	lr, r3, #56	@ 0x38
100080ba:	00c3      	lsls	r3, r0, #3
100080bc:	4e9f      	ldr	r6, [pc, #636]	@ (1000833c <_malloc_r+0x30c>)
100080be:	4433      	add	r3, r6
100080c0:	f1a3 0c08 	sub.w	ip, r3, #8
100080c4:	685c      	ldr	r4, [r3, #4]
100080c6:	45a4      	cmp	ip, r4
100080c8:	d107      	bne.n	100080da <_malloc_r+0xaa>
100080ca:	e00d      	b.n	100080e8 <_malloc_r+0xb8>
100080cc:	2a00      	cmp	r2, #0
100080ce:	68e1      	ldr	r1, [r4, #12]
100080d0:	f280 8116 	bge.w	10008300 <_malloc_r+0x2d0>
100080d4:	458c      	cmp	ip, r1
100080d6:	460c      	mov	r4, r1
100080d8:	d006      	beq.n	100080e8 <_malloc_r+0xb8>
100080da:	6863      	ldr	r3, [r4, #4]
100080dc:	f023 0303 	bic.w	r3, r3, #3
100080e0:	1b5a      	subs	r2, r3, r5
100080e2:	2a0f      	cmp	r2, #15
100080e4:	ddf2      	ble.n	100080cc <_malloc_r+0x9c>
100080e6:	4670      	mov	r0, lr
100080e8:	f8df 8268 	ldr.w	r8, [pc, #616]	@ 10008354 <_malloc_r+0x324>
100080ec:	6934      	ldr	r4, [r6, #16]
100080ee:	4544      	cmp	r4, r8
100080f0:	f000 80f2 	beq.w	100082d8 <_malloc_r+0x2a8>
100080f4:	6863      	ldr	r3, [r4, #4]
100080f6:	f023 0c03 	bic.w	ip, r3, #3
100080fa:	ebac 0305 	sub.w	r3, ip, r5
100080fe:	2b0f      	cmp	r3, #15
10008100:	f300 8174 	bgt.w	100083ec <_malloc_r+0x3bc>
10008104:	2b00      	cmp	r3, #0
10008106:	e9c6 8804 	strd	r8, r8, [r6, #16]
1000810a:	f280 8163 	bge.w	100083d4 <_malloc_r+0x3a4>
1000810e:	f5bc 7f00 	cmp.w	ip, #512	@ 0x200
10008112:	f8d6 e004 	ldr.w	lr, [r6, #4]
10008116:	f080 80ff 	bcs.w	10008318 <_malloc_r+0x2e8>
1000811a:	ea4f 03dc 	mov.w	r3, ip, lsr #3
1000811e:	2201      	movs	r2, #1
10008120:	ea4f 1c5c 	mov.w	ip, ip, lsr #5
10008124:	3301      	adds	r3, #1
10008126:	fa02 f20c 	lsl.w	r2, r2, ip
1000812a:	f856 1033 	ldr.w	r1, [r6, r3, lsl #3]
1000812e:	ea4e 0e02 	orr.w	lr, lr, r2
10008132:	eb06 02c3 	add.w	r2, r6, r3, lsl #3
10008136:	3a08      	subs	r2, #8
10008138:	f8c6 e004 	str.w	lr, [r6, #4]
1000813c:	e9c4 1202 	strd	r1, r2, [r4, #8]
10008140:	f846 4033 	str.w	r4, [r6, r3, lsl #3]
10008144:	60cc      	str	r4, [r1, #12]
10008146:	1083      	asrs	r3, r0, #2
10008148:	f04f 0c01 	mov.w	ip, #1
1000814c:	fa0c fc03 	lsl.w	ip, ip, r3
10008150:	45f4      	cmp	ip, lr
10008152:	d834      	bhi.n	100081be <_malloc_r+0x18e>
10008154:	ea1c 0f0e 	tst.w	ip, lr
10008158:	d107      	bne.n	1000816a <_malloc_r+0x13a>
1000815a:	f020 0003 	bic.w	r0, r0, #3
1000815e:	ea4f 0c4c 	mov.w	ip, ip, lsl #1
10008162:	3004      	adds	r0, #4
10008164:	ea1c 0f0e 	tst.w	ip, lr
10008168:	d0f9      	beq.n	1000815e <_malloc_r+0x12e>
1000816a:	eb06 0ac0 	add.w	sl, r6, r0, lsl #3
1000816e:	4681      	mov	r9, r0
10008170:	46d6      	mov	lr, sl
10008172:	f8de 300c 	ldr.w	r3, [lr, #12]
10008176:	e00b      	b.n	10008190 <_malloc_r+0x160>
10008178:	685a      	ldr	r2, [r3, #4]
1000817a:	461c      	mov	r4, r3
1000817c:	68db      	ldr	r3, [r3, #12]
1000817e:	f022 0203 	bic.w	r2, r2, #3
10008182:	1b51      	subs	r1, r2, r5
10008184:	290f      	cmp	r1, #15
10008186:	f300 8101 	bgt.w	1000838c <_malloc_r+0x35c>
1000818a:	2900      	cmp	r1, #0
1000818c:	f280 8115 	bge.w	100083ba <_malloc_r+0x38a>
10008190:	459e      	cmp	lr, r3
10008192:	d1f1      	bne.n	10008178 <_malloc_r+0x148>
10008194:	f109 0901 	add.w	r9, r9, #1
10008198:	f10e 0e08 	add.w	lr, lr, #8
1000819c:	f019 0f03 	tst.w	r9, #3
100081a0:	d1e7      	bne.n	10008172 <_malloc_r+0x142>
100081a2:	e158      	b.n	10008456 <_malloc_r+0x426>
100081a4:	230c      	movs	r3, #12
100081a6:	603b      	str	r3, [r7, #0]
100081a8:	2400      	movs	r4, #0
100081aa:	4620      	mov	r0, r4
100081ac:	b003      	add	sp, #12
100081ae:	e8bd 8ff0 	ldmia.w	sp!, {r4, r5, r6, r7, r8, r9, sl, fp, pc}
100081b2:	f44f 7300 	mov.w	r3, #512	@ 0x200
100081b6:	2040      	movs	r0, #64	@ 0x40
100081b8:	f04f 0e3f 	mov.w	lr, #63	@ 0x3f
100081bc:	e77e      	b.n	100080bc <_malloc_r+0x8c>
100081be:	68b4      	ldr	r4, [r6, #8]
100081c0:	6863      	ldr	r3, [r4, #4]
100081c2:	f023 0903 	bic.w	r9, r3, #3
100081c6:	45a9      	cmp	r9, r5
100081c8:	eba9 0305 	sub.w	r3, r9, r5
100081cc:	d302      	bcc.n	100081d4 <_malloc_r+0x1a4>
100081ce:	2b0f      	cmp	r3, #15
100081d0:	f300 8085 	bgt.w	100082de <_malloc_r+0x2ae>
100081d4:	4b5a      	ldr	r3, [pc, #360]	@ (10008340 <_malloc_r+0x310>)
100081d6:	2008      	movs	r0, #8
100081d8:	681b      	ldr	r3, [r3, #0]
100081da:	f103 0810 	add.w	r8, r3, #16
100081de:	eb04 0309 	add.w	r3, r4, r9
100081e2:	9300      	str	r3, [sp, #0]
100081e4:	f000 fbbc 	bl	10008960 <sysconf>
100081e8:	4a56      	ldr	r2, [pc, #344]	@ (10008344 <_malloc_r+0x314>)
100081ea:	44a8      	add	r8, r5
100081ec:	4683      	mov	fp, r0
100081ee:	6813      	ldr	r3, [r2, #0]
100081f0:	3301      	adds	r3, #1
100081f2:	d005      	beq.n	10008200 <_malloc_r+0x1d0>
100081f4:	f108 38ff 	add.w	r8, r8, #4294967295
100081f8:	4243      	negs	r3, r0
100081fa:	4480      	add	r8, r0
100081fc:	ea03 0808 	and.w	r8, r3, r8
10008200:	4641      	mov	r1, r8
10008202:	4638      	mov	r0, r7
10008204:	f000 fb90 	bl	10008928 <_sbrk_r>
10008208:	f1b0 3fff 	cmp.w	r0, #4294967295
1000820c:	4682      	mov	sl, r0
1000820e:	4a4d      	ldr	r2, [pc, #308]	@ (10008344 <_malloc_r+0x314>)
10008210:	f000 8107 	beq.w	10008422 <_malloc_r+0x3f2>
10008214:	eb04 0309 	add.w	r3, r4, r9
10008218:	4283      	cmp	r3, r0
1000821a:	f200 8100 	bhi.w	1000841e <_malloc_r+0x3ee>
1000821e:	4b4a      	ldr	r3, [pc, #296]	@ (10008348 <_malloc_r+0x318>)
10008220:	f10b 3cff 	add.w	ip, fp, #4294967295
10008224:	6818      	ldr	r0, [r3, #0]
10008226:	4440      	add	r0, r8
10008228:	6018      	str	r0, [r3, #0]
1000822a:	f000 8164 	beq.w	100084f6 <_malloc_r+0x4c6>
1000822e:	6811      	ldr	r1, [r2, #0]
10008230:	3101      	adds	r1, #1
10008232:	f000 816c 	beq.w	1000850e <_malloc_r+0x4de>
10008236:	eb04 0209 	add.w	r2, r4, r9
1000823a:	ebaa 0202 	sub.w	r2, sl, r2
1000823e:	4402      	add	r2, r0
10008240:	601a      	str	r2, [r3, #0]
10008242:	f01a 0207 	ands.w	r2, sl, #7
10008246:	e9cd 2300 	strd	r2, r3, [sp]
1000824a:	f000 8127 	beq.w	1000849c <_malloc_r+0x46c>
1000824e:	f1c2 0208 	rsb	r2, r2, #8
10008252:	4638      	mov	r0, r7
10008254:	4492      	add	sl, r2
10008256:	445a      	add	r2, fp
10008258:	44d0      	add	r8, sl
1000825a:	ea08 010c 	and.w	r1, r8, ip
1000825e:	1a52      	subs	r2, r2, r1
10008260:	ea02 0b0c 	and.w	fp, r2, ip
10008264:	4659      	mov	r1, fp
10008266:	f000 fb5f 	bl	10008928 <_sbrk_r>
1000826a:	1c42      	adds	r2, r0, #1
1000826c:	9b01      	ldr	r3, [sp, #4]
1000826e:	f000 816a 	beq.w	10008546 <_malloc_r+0x516>
10008272:	eba0 000a 	sub.w	r0, r0, sl
10008276:	eb00 080b 	add.w	r8, r0, fp
1000827a:	6818      	ldr	r0, [r3, #0]
1000827c:	f048 0201 	orr.w	r2, r8, #1
10008280:	42b4      	cmp	r4, r6
10008282:	f8c6 a008 	str.w	sl, [r6, #8]
10008286:	4458      	add	r0, fp
10008288:	f8ca 2004 	str.w	r2, [sl, #4]
1000828c:	6018      	str	r0, [r3, #0]
1000828e:	d017      	beq.n	100082c0 <_malloc_r+0x290>
10008290:	f1b9 0f0f 	cmp.w	r9, #15
10008294:	f240 813e 	bls.w	10008514 <_malloc_r+0x4e4>
10008298:	6861      	ldr	r1, [r4, #4]
1000829a:	f1a9 020c 	sub.w	r2, r9, #12
1000829e:	f04f 0c05 	mov.w	ip, #5
100082a2:	f022 0207 	bic.w	r2, r2, #7
100082a6:	f001 0101 	and.w	r1, r1, #1
100082aa:	4311      	orrs	r1, r2
100082ac:	2a0f      	cmp	r2, #15
100082ae:	6061      	str	r1, [r4, #4]
100082b0:	eb04 0102 	add.w	r1, r4, r2
100082b4:	e9c1 cc01 	strd	ip, ip, [r1, #4]
100082b8:	f200 814d 	bhi.w	10008556 <_malloc_r+0x526>
100082bc:	f8da 2004 	ldr.w	r2, [sl, #4]
100082c0:	4b22      	ldr	r3, [pc, #136]	@ (1000834c <_malloc_r+0x31c>)
100082c2:	4654      	mov	r4, sl
100082c4:	6819      	ldr	r1, [r3, #0]
100082c6:	4281      	cmp	r1, r0
100082c8:	bf38      	it	cc
100082ca:	6018      	strcc	r0, [r3, #0]
100082cc:	4b20      	ldr	r3, [pc, #128]	@ (10008350 <_malloc_r+0x320>)
100082ce:	6819      	ldr	r1, [r3, #0]
100082d0:	4281      	cmp	r1, r0
100082d2:	bf38      	it	cc
100082d4:	6018      	strcc	r0, [r3, #0]
100082d6:	e0a6      	b.n	10008426 <_malloc_r+0x3f6>
100082d8:	f8d6 e004 	ldr.w	lr, [r6, #4]
100082dc:	e733      	b.n	10008146 <_malloc_r+0x116>
100082de:	1962      	adds	r2, r4, r5
100082e0:	f045 0501 	orr.w	r5, r5, #1
100082e4:	f043 0301 	orr.w	r3, r3, #1
100082e8:	3408      	adds	r4, #8
100082ea:	f844 5c04 	str.w	r5, [r4, #-4]
100082ee:	4638      	mov	r0, r7
100082f0:	60b2      	str	r2, [r6, #8]
100082f2:	6053      	str	r3, [r2, #4]
100082f4:	f000 f95e 	bl	100085b4 <__malloc_unlock>
100082f8:	4620      	mov	r0, r4
100082fa:	b003      	add	sp, #12
100082fc:	e8bd 8ff0 	ldmia.w	sp!, {r4, r5, r6, r7, r8, r9, sl, fp, pc}
10008300:	68a2      	ldr	r2, [r4, #8]
10008302:	4423      	add	r3, r4
10008304:	4638      	mov	r0, r7
10008306:	60d1      	str	r1, [r2, #12]
10008308:	608a      	str	r2, [r1, #8]
1000830a:	e6b2      	b.n	10008072 <_malloc_r+0x42>
1000830c:	68dc      	ldr	r4, [r3, #12]
1000830e:	42a3      	cmp	r3, r4
10008310:	f47f aea6 	bne.w	10008060 <_malloc_r+0x30>
10008314:	3002      	adds	r0, #2
10008316:	e6e7      	b.n	100080e8 <_malloc_r+0xb8>
10008318:	f5bc 6f20 	cmp.w	ip, #2560	@ 0xa00
1000831c:	ea4f 225c 	mov.w	r2, ip, lsr #9
10008320:	d376      	bcc.n	10008410 <_malloc_r+0x3e0>
10008322:	2a14      	cmp	r2, #20
10008324:	f200 80cd 	bhi.w	100084c2 <_malloc_r+0x492>
10008328:	f102 035c 	add.w	r3, r2, #92	@ 0x5c
1000832c:	325b      	adds	r2, #91	@ 0x5b
1000832e:	00db      	lsls	r3, r3, #3
10008330:	18f1      	adds	r1, r6, r3
10008332:	58f3      	ldr	r3, [r6, r3]
10008334:	3908      	subs	r1, #8
10008336:	4299      	cmp	r1, r3
10008338:	d111      	bne.n	1000835e <_malloc_r+0x32e>
1000833a:	e0a5      	b.n	10008488 <_malloc_r+0x458>
1000833c:	20001638 	.word	0x20001638
10008340:	20001db8 	.word	0x20001db8
10008344:	20001630 	.word	0x20001630
10008348:	20001d88 	.word	0x20001d88
1000834c:	20001db0 	.word	0x20001db0
10008350:	20001db4 	.word	0x20001db4
10008354:	20001640 	.word	0x20001640
10008358:	689b      	ldr	r3, [r3, #8]
1000835a:	4299      	cmp	r1, r3
1000835c:	d004      	beq.n	10008368 <_malloc_r+0x338>
1000835e:	685a      	ldr	r2, [r3, #4]
10008360:	f022 0203 	bic.w	r2, r2, #3
10008364:	4562      	cmp	r2, ip
10008366:	d8f7      	bhi.n	10008358 <_malloc_r+0x328>
10008368:	68d9      	ldr	r1, [r3, #12]
1000836a:	e9c4 3102 	strd	r3, r1, [r4, #8]
1000836e:	608c      	str	r4, [r1, #8]
10008370:	60dc      	str	r4, [r3, #12]
10008372:	e6e8      	b.n	10008146 <_malloc_r+0x116>
10008374:	2b14      	cmp	r3, #20
10008376:	d963      	bls.n	10008440 <_malloc_r+0x410>
10008378:	2b54      	cmp	r3, #84	@ 0x54
1000837a:	f200 80ab 	bhi.w	100084d4 <_malloc_r+0x4a4>
1000837e:	0b2b      	lsrs	r3, r5, #12
10008380:	f103 006f 	add.w	r0, r3, #111	@ 0x6f
10008384:	f103 0e6e 	add.w	lr, r3, #110	@ 0x6e
10008388:	00c3      	lsls	r3, r0, #3
1000838a:	e697      	b.n	100080bc <_malloc_r+0x8c>
1000838c:	f8d4 c008 	ldr.w	ip, [r4, #8]
10008390:	4638      	mov	r0, r7
10008392:	1967      	adds	r7, r4, r5
10008394:	f045 0501 	orr.w	r5, r5, #1
10008398:	6065      	str	r5, [r4, #4]
1000839a:	f8cc 300c 	str.w	r3, [ip, #12]
1000839e:	f8c3 c008 	str.w	ip, [r3, #8]
100083a2:	f041 0301 	orr.w	r3, r1, #1
100083a6:	e9c6 7704 	strd	r7, r7, [r6, #16]
100083aa:	e9c7 8802 	strd	r8, r8, [r7, #8]
100083ae:	607b      	str	r3, [r7, #4]
100083b0:	50a1      	str	r1, [r4, r2]
100083b2:	3408      	adds	r4, #8
100083b4:	f000 f8fe 	bl	100085b4 <__malloc_unlock>
100083b8:	e6f7      	b.n	100081aa <_malloc_r+0x17a>
100083ba:	4422      	add	r2, r4
100083bc:	4638      	mov	r0, r7
100083be:	6851      	ldr	r1, [r2, #4]
100083c0:	f041 0101 	orr.w	r1, r1, #1
100083c4:	6051      	str	r1, [r2, #4]
100083c6:	f854 2f08 	ldr.w	r2, [r4, #8]!
100083ca:	60d3      	str	r3, [r2, #12]
100083cc:	609a      	str	r2, [r3, #8]
100083ce:	f000 f8f1 	bl	100085b4 <__malloc_unlock>
100083d2:	e6ea      	b.n	100081aa <_malloc_r+0x17a>
100083d4:	44a4      	add	ip, r4
100083d6:	4638      	mov	r0, r7
100083d8:	3408      	adds	r4, #8
100083da:	f8dc 3004 	ldr.w	r3, [ip, #4]
100083de:	f043 0301 	orr.w	r3, r3, #1
100083e2:	f8cc 3004 	str.w	r3, [ip, #4]
100083e6:	f000 f8e5 	bl	100085b4 <__malloc_unlock>
100083ea:	e6de      	b.n	100081aa <_malloc_r+0x17a>
100083ec:	1962      	adds	r2, r4, r5
100083ee:	f043 0101 	orr.w	r1, r3, #1
100083f2:	f045 0501 	orr.w	r5, r5, #1
100083f6:	4638      	mov	r0, r7
100083f8:	6065      	str	r5, [r4, #4]
100083fa:	e9c6 2204 	strd	r2, r2, [r6, #16]
100083fe:	e9c2 8802 	strd	r8, r8, [r2, #8]
10008402:	6051      	str	r1, [r2, #4]
10008404:	f844 300c 	str.w	r3, [r4, ip]
10008408:	3408      	adds	r4, #8
1000840a:	f000 f8d3 	bl	100085b4 <__malloc_unlock>
1000840e:	e6cc      	b.n	100081aa <_malloc_r+0x17a>
10008410:	ea4f 129c 	mov.w	r2, ip, lsr #6
10008414:	f102 0339 	add.w	r3, r2, #57	@ 0x39
10008418:	3238      	adds	r2, #56	@ 0x38
1000841a:	00db      	lsls	r3, r3, #3
1000841c:	e788      	b.n	10008330 <_malloc_r+0x300>
1000841e:	42b4      	cmp	r4, r6
10008420:	d062      	beq.n	100084e8 <_malloc_r+0x4b8>
10008422:	68b4      	ldr	r4, [r6, #8]
10008424:	6862      	ldr	r2, [r4, #4]
10008426:	f022 0803 	bic.w	r8, r2, #3
1000842a:	45a8      	cmp	r8, r5
1000842c:	eba8 0305 	sub.w	r3, r8, r5
10008430:	d302      	bcc.n	10008438 <_malloc_r+0x408>
10008432:	2b0f      	cmp	r3, #15
10008434:	f73f af53 	bgt.w	100082de <_malloc_r+0x2ae>
10008438:	4638      	mov	r0, r7
1000843a:	f000 f8bb 	bl	100085b4 <__malloc_unlock>
1000843e:	e6b3      	b.n	100081a8 <_malloc_r+0x178>
10008440:	f103 005c 	add.w	r0, r3, #92	@ 0x5c
10008444:	f103 0e5b 	add.w	lr, r3, #91	@ 0x5b
10008448:	00c3      	lsls	r3, r0, #3
1000844a:	e637      	b.n	100080bc <_malloc_r+0x8c>
1000844c:	f85a 3908 	ldr.w	r3, [sl], #-8
10008450:	4553      	cmp	r3, sl
10008452:	f040 80a0 	bne.w	10008596 <_malloc_r+0x566>
10008456:	f010 0f03 	tst.w	r0, #3
1000845a:	f100 30ff 	add.w	r0, r0, #4294967295
1000845e:	d1f5      	bne.n	1000844c <_malloc_r+0x41c>
10008460:	6873      	ldr	r3, [r6, #4]
10008462:	ea23 030c 	bic.w	r3, r3, ip
10008466:	6073      	str	r3, [r6, #4]
10008468:	ea4f 0c4c 	mov.w	ip, ip, lsl #1
1000846c:	f10c 32ff 	add.w	r2, ip, #4294967295
10008470:	429a      	cmp	r2, r3
10008472:	d304      	bcc.n	1000847e <_malloc_r+0x44e>
10008474:	e6a3      	b.n	100081be <_malloc_r+0x18e>
10008476:	ea4f 0c4c 	mov.w	ip, ip, lsl #1
1000847a:	f109 0904 	add.w	r9, r9, #4
1000847e:	ea1c 0f03 	tst.w	ip, r3
10008482:	d0f8      	beq.n	10008476 <_malloc_r+0x446>
10008484:	4648      	mov	r0, r9
10008486:	e670      	b.n	1000816a <_malloc_r+0x13a>
10008488:	1092      	asrs	r2, r2, #2
1000848a:	f04f 0c01 	mov.w	ip, #1
1000848e:	fa0c f202 	lsl.w	r2, ip, r2
10008492:	ea4e 0e02 	orr.w	lr, lr, r2
10008496:	f8c6 e004 	str.w	lr, [r6, #4]
1000849a:	e766      	b.n	1000836a <_malloc_r+0x33a>
1000849c:	eb0a 0208 	add.w	r2, sl, r8
100084a0:	4638      	mov	r0, r7
100084a2:	ea02 020c 	and.w	r2, r2, ip
100084a6:	ebab 0b02 	sub.w	fp, fp, r2
100084aa:	ea0b 0b0c 	and.w	fp, fp, ip
100084ae:	4659      	mov	r1, fp
100084b0:	f000 fa3a 	bl	10008928 <_sbrk_r>
100084b4:	1c43      	adds	r3, r0, #1
100084b6:	9b01      	ldr	r3, [sp, #4]
100084b8:	f47f aedb 	bne.w	10008272 <_malloc_r+0x242>
100084bc:	f8dd b000 	ldr.w	fp, [sp]
100084c0:	e6db      	b.n	1000827a <_malloc_r+0x24a>
100084c2:	2a54      	cmp	r2, #84	@ 0x54
100084c4:	d82a      	bhi.n	1000851c <_malloc_r+0x4ec>
100084c6:	ea4f 321c 	mov.w	r2, ip, lsr #12
100084ca:	f102 036f 	add.w	r3, r2, #111	@ 0x6f
100084ce:	326e      	adds	r2, #110	@ 0x6e
100084d0:	00db      	lsls	r3, r3, #3
100084d2:	e72d      	b.n	10008330 <_malloc_r+0x300>
100084d4:	f5b3 7faa 	cmp.w	r3, #340	@ 0x154
100084d8:	d82a      	bhi.n	10008530 <_malloc_r+0x500>
100084da:	0beb      	lsrs	r3, r5, #15
100084dc:	f103 0078 	add.w	r0, r3, #120	@ 0x78
100084e0:	f103 0e77 	add.w	lr, r3, #119	@ 0x77
100084e4:	00c3      	lsls	r3, r0, #3
100084e6:	e5e9      	b.n	100080bc <_malloc_r+0x8c>
100084e8:	4b2e      	ldr	r3, [pc, #184]	@ (100085a4 <_malloc_r+0x574>)
100084ea:	f10b 3cff 	add.w	ip, fp, #4294967295
100084ee:	6818      	ldr	r0, [r3, #0]
100084f0:	4440      	add	r0, r8
100084f2:	6018      	str	r0, [r3, #0]
100084f4:	e69b      	b.n	1000822e <_malloc_r+0x1fe>
100084f6:	ea1a 0f0c 	tst.w	sl, ip
100084fa:	f47f ae98 	bne.w	1000822e <_malloc_r+0x1fe>
100084fe:	44c8      	add	r8, r9
10008500:	f8d6 a008 	ldr.w	sl, [r6, #8]
10008504:	f048 0201 	orr.w	r2, r8, #1
10008508:	f8ca 2004 	str.w	r2, [sl, #4]
1000850c:	e6d8      	b.n	100082c0 <_malloc_r+0x290>
1000850e:	f8c2 a000 	str.w	sl, [r2]
10008512:	e696      	b.n	10008242 <_malloc_r+0x212>
10008514:	2301      	movs	r3, #1
10008516:	f8ca 3004 	str.w	r3, [sl, #4]
1000851a:	e78d      	b.n	10008438 <_malloc_r+0x408>
1000851c:	f5b2 7faa 	cmp.w	r2, #340	@ 0x154
10008520:	d824      	bhi.n	1000856c <_malloc_r+0x53c>
10008522:	ea4f 32dc 	mov.w	r2, ip, lsr #15
10008526:	f102 0378 	add.w	r3, r2, #120	@ 0x78
1000852a:	3277      	adds	r2, #119	@ 0x77
1000852c:	00db      	lsls	r3, r3, #3
1000852e:	e6ff      	b.n	10008330 <_malloc_r+0x300>
10008530:	f240 5254 	movw	r2, #1364	@ 0x554
10008534:	4293      	cmp	r3, r2
10008536:	d824      	bhi.n	10008582 <_malloc_r+0x552>
10008538:	0cab      	lsrs	r3, r5, #18
1000853a:	f103 007d 	add.w	r0, r3, #125	@ 0x7d
1000853e:	f103 0e7c 	add.w	lr, r3, #124	@ 0x7c
10008542:	00c3      	lsls	r3, r0, #3
10008544:	e5ba      	b.n	100080bc <_malloc_r+0x8c>
10008546:	9a00      	ldr	r2, [sp, #0]
10008548:	f04f 0b00 	mov.w	fp, #0
1000854c:	3a08      	subs	r2, #8
1000854e:	4490      	add	r8, r2
10008550:	eba8 080a 	sub.w	r8, r8, sl
10008554:	e691      	b.n	1000827a <_malloc_r+0x24a>
10008556:	4638      	mov	r0, r7
10008558:	f104 0108 	add.w	r1, r4, #8
1000855c:	9300      	str	r3, [sp, #0]
1000855e:	f000 fb0d 	bl	10008b7c <_free_r>
10008562:	9b00      	ldr	r3, [sp, #0]
10008564:	f8d6 a008 	ldr.w	sl, [r6, #8]
10008568:	6818      	ldr	r0, [r3, #0]
1000856a:	e6a7      	b.n	100082bc <_malloc_r+0x28c>
1000856c:	f240 5354 	movw	r3, #1364	@ 0x554
10008570:	429a      	cmp	r2, r3
10008572:	d80c      	bhi.n	1000858e <_malloc_r+0x55e>
10008574:	ea4f 429c 	mov.w	r2, ip, lsr #18
10008578:	f102 037d 	add.w	r3, r2, #125	@ 0x7d
1000857c:	327c      	adds	r2, #124	@ 0x7c
1000857e:	00db      	lsls	r3, r3, #3
10008580:	e6d6      	b.n	10008330 <_malloc_r+0x300>
10008582:	f44f 737e 	mov.w	r3, #1016	@ 0x3f8
10008586:	207f      	movs	r0, #127	@ 0x7f
10008588:	f04f 0e7e 	mov.w	lr, #126	@ 0x7e
1000858c:	e596      	b.n	100080bc <_malloc_r+0x8c>
1000858e:	f44f 737e 	mov.w	r3, #1016	@ 0x3f8
10008592:	227e      	movs	r2, #126	@ 0x7e
10008594:	e6cc      	b.n	10008330 <_malloc_r+0x300>
10008596:	6873      	ldr	r3, [r6, #4]
10008598:	e766      	b.n	10008468 <_malloc_r+0x438>
1000859a:	08e8      	lsrs	r0, r5, #3
1000859c:	f105 0308 	add.w	r3, r5, #8
100085a0:	e556      	b.n	10008050 <_malloc_r+0x20>
100085a2:	bf00      	nop
100085a4:	20001d88 	.word	0x20001d88

100085a8 <__malloc_lock>:
100085a8:	4801      	ldr	r0, [pc, #4]	@ (100085b0 <__malloc_lock+0x8>)
100085aa:	f000 b9d5 	b.w	10008958 <__retarget_lock_acquire_recursive>
100085ae:	bf00      	nop
100085b0:	20001d84 	.word	0x20001d84

100085b4 <__malloc_unlock>:
100085b4:	4801      	ldr	r0, [pc, #4]	@ (100085bc <__malloc_unlock+0x8>)
100085b6:	f000 b9d1 	b.w	1000895c <__retarget_lock_release_recursive>
100085ba:	bf00      	nop
100085bc:	20001d84 	.word	0x20001d84

100085c0 <_strtol_l.part.0>:
100085c0:	e92d 4ff0 	stmdb	sp!, {r4, r5, r6, r7, r8, r9, sl, fp, lr}
100085c4:	4681      	mov	r9, r0
100085c6:	468e      	mov	lr, r1
100085c8:	486d      	ldr	r0, [pc, #436]	@ (10008780 <_strtol_l.part.0+0x1c0>)
100085ca:	4675      	mov	r5, lr
100085cc:	f81e bb01 	ldrb.w	fp, [lr], #1
100085d0:	f810 400b 	ldrb.w	r4, [r0, fp]
100085d4:	f014 0408 	ands.w	r4, r4, #8
100085d8:	d1f7      	bne.n	100085ca <_strtol_l.part.0+0xa>
100085da:	f1bb 0f2d 	cmp.w	fp, #45	@ 0x2d
100085de:	f023 0710 	bic.w	r7, r3, #16
100085e2:	d05d      	beq.n	100086a0 <_strtol_l.part.0+0xe0>
100085e4:	f1bb 0f2b 	cmp.w	fp, #43	@ 0x2b
100085e8:	d010      	beq.n	1000860c <_strtol_l.part.0+0x4c>
100085ea:	b9af      	cbnz	r7, 10008618 <_strtol_l.part.0+0x58>
100085ec:	f1bb 0f30 	cmp.w	fp, #48	@ 0x30
100085f0:	f000 808d 	beq.w	1000870e <_strtol_l.part.0+0x14e>
100085f4:	2b00      	cmp	r3, #0
100085f6:	f000 8085 	beq.w	10008704 <_strtol_l.part.0+0x144>
100085fa:	2310      	movs	r3, #16
100085fc:	f06f 4678 	mvn.w	r6, #4160749568	@ 0xf8000000
10008600:	270f      	movs	r7, #15
10008602:	4698      	mov	r8, r3
10008604:	2400      	movs	r4, #0
10008606:	f06f 4a00 	mvn.w	sl, #2147483648	@ 0x80000000
1000860a:	e00d      	b.n	10008628 <_strtol_l.part.0+0x68>
1000860c:	f89e b000 	ldrb.w	fp, [lr]
10008610:	f105 0e02 	add.w	lr, r5, #2
10008614:	2f00      	cmp	r7, #0
10008616:	d060      	beq.n	100086da <_strtol_l.part.0+0x11a>
10008618:	f06f 4700 	mvn.w	r7, #2147483648	@ 0x80000000
1000861c:	4698      	mov	r8, r3
1000861e:	fbb7 f6f3 	udiv	r6, r7, r3
10008622:	46ba      	mov	sl, r7
10008624:	fb03 7716 	mls	r7, r3, r6, r7
10008628:	2500      	movs	r5, #0
1000862a:	4628      	mov	r0, r5
1000862c:	e00e      	b.n	1000864c <_strtol_l.part.0+0x8c>
1000862e:	f1ab 0c37 	sub.w	ip, fp, #55	@ 0x37
10008632:	459c      	cmp	ip, r3
10008634:	da1d      	bge.n	10008672 <_strtol_l.part.0+0xb2>
10008636:	3501      	adds	r5, #1
10008638:	d004      	beq.n	10008644 <_strtol_l.part.0+0x84>
1000863a:	42b0      	cmp	r0, r6
1000863c:	d802      	bhi.n	10008644 <_strtol_l.part.0+0x84>
1000863e:	d122      	bne.n	10008686 <_strtol_l.part.0+0xc6>
10008640:	45bc      	cmp	ip, r7
10008642:	dd20      	ble.n	10008686 <_strtol_l.part.0+0xc6>
10008644:	f04f 35ff 	mov.w	r5, #4294967295
10008648:	f81e bb01 	ldrb.w	fp, [lr], #1
1000864c:	f1ab 0c30 	sub.w	ip, fp, #48	@ 0x30
10008650:	f1bc 0f09 	cmp.w	ip, #9
10008654:	d9ed      	bls.n	10008632 <_strtol_l.part.0+0x72>
10008656:	f1ab 0c41 	sub.w	ip, fp, #65	@ 0x41
1000865a:	f1bc 0f19 	cmp.w	ip, #25
1000865e:	d9e6      	bls.n	1000862e <_strtol_l.part.0+0x6e>
10008660:	f1ab 0c61 	sub.w	ip, fp, #97	@ 0x61
10008664:	f1bc 0f19 	cmp.w	ip, #25
10008668:	d803      	bhi.n	10008672 <_strtol_l.part.0+0xb2>
1000866a:	f1ab 0c57 	sub.w	ip, fp, #87	@ 0x57
1000866e:	459c      	cmp	ip, r3
10008670:	dbe1      	blt.n	10008636 <_strtol_l.part.0+0x76>
10008672:	1c6b      	adds	r3, r5, #1
10008674:	d00b      	beq.n	1000868e <_strtol_l.part.0+0xce>
10008676:	b104      	cbz	r4, 1000867a <_strtol_l.part.0+0xba>
10008678:	4240      	negs	r0, r0
1000867a:	b112      	cbz	r2, 10008682 <_strtol_l.part.0+0xc2>
1000867c:	2d00      	cmp	r5, #0
1000867e:	d157      	bne.n	10008730 <_strtol_l.part.0+0x170>
10008680:	6011      	str	r1, [r2, #0]
10008682:	e8bd 8ff0 	ldmia.w	sp!, {r4, r5, r6, r7, r8, r9, sl, fp, pc}
10008686:	fb08 c000 	mla	r0, r8, r0, ip
1000868a:	2501      	movs	r5, #1
1000868c:	e7dc      	b.n	10008648 <_strtol_l.part.0+0x88>
1000868e:	2322      	movs	r3, #34	@ 0x22
10008690:	f8c9 3000 	str.w	r3, [r9]
10008694:	2a00      	cmp	r2, #0
10008696:	d04d      	beq.n	10008734 <_strtol_l.part.0+0x174>
10008698:	f10e 31ff 	add.w	r1, lr, #4294967295
1000869c:	4650      	mov	r0, sl
1000869e:	e7ef      	b.n	10008680 <_strtol_l.part.0+0xc0>
100086a0:	f89e b000 	ldrb.w	fp, [lr]
100086a4:	f105 0e02 	add.w	lr, r5, #2
100086a8:	b967      	cbnz	r7, 100086c4 <_strtol_l.part.0+0x104>
100086aa:	f1bb 0f30 	cmp.w	fp, #48	@ 0x30
100086ae:	d044      	beq.n	1000873a <_strtol_l.part.0+0x17a>
100086b0:	2b00      	cmp	r3, #0
100086b2:	d150      	bne.n	10008756 <_strtol_l.part.0+0x196>
100086b4:	230a      	movs	r3, #10
100086b6:	4e33      	ldr	r6, [pc, #204]	@ (10008784 <_strtol_l.part.0+0x1c4>)
100086b8:	2708      	movs	r7, #8
100086ba:	2401      	movs	r4, #1
100086bc:	4698      	mov	r8, r3
100086be:	f04f 4a00 	mov.w	sl, #2147483648	@ 0x80000000
100086c2:	e7b1      	b.n	10008628 <_strtol_l.part.0+0x68>
100086c4:	f04f 4a00 	mov.w	sl, #2147483648	@ 0x80000000
100086c8:	4698      	mov	r8, r3
100086ca:	2401      	movs	r4, #1
100086cc:	fbba f6f3 	udiv	r6, sl, r3
100086d0:	fb03 f706 	mul.w	r7, r3, r6
100086d4:	ebaa 0707 	sub.w	r7, sl, r7
100086d8:	e7a6      	b.n	10008628 <_strtol_l.part.0+0x68>
100086da:	f1bb 0f30 	cmp.w	fp, #48	@ 0x30
100086de:	d189      	bne.n	100085f4 <_strtol_l.part.0+0x34>
100086e0:	78a8      	ldrb	r0, [r5, #2]
100086e2:	f000 00df 	and.w	r0, r0, #223	@ 0xdf
100086e6:	2858      	cmp	r0, #88	@ 0x58
100086e8:	d11e      	bne.n	10008728 <_strtol_l.part.0+0x168>
100086ea:	2310      	movs	r3, #16
100086ec:	f895 b003 	ldrb.w	fp, [r5, #3]
100086f0:	f105 0e04 	add.w	lr, r5, #4
100086f4:	4698      	mov	r8, r3
100086f6:	f06f 4700 	mvn.w	r7, #2147483648	@ 0x80000000
100086fa:	fbb7 f6f8 	udiv	r6, r7, r8
100086fe:	fb08 7716 	mls	r7, r8, r6, r7
10008702:	e77f      	b.n	10008604 <_strtol_l.part.0+0x44>
10008704:	230a      	movs	r3, #10
10008706:	4e1f      	ldr	r6, [pc, #124]	@ (10008784 <_strtol_l.part.0+0x1c4>)
10008708:	2707      	movs	r7, #7
1000870a:	4698      	mov	r8, r3
1000870c:	e77a      	b.n	10008604 <_strtol_l.part.0+0x44>
1000870e:	f89e 0000 	ldrb.w	r0, [lr]
10008712:	f000 00df 	and.w	r0, r0, #223	@ 0xdf
10008716:	2858      	cmp	r0, #88	@ 0x58
10008718:	d106      	bne.n	10008728 <_strtol_l.part.0+0x168>
1000871a:	2310      	movs	r3, #16
1000871c:	f89e b001 	ldrb.w	fp, [lr, #1]
10008720:	f105 0e03 	add.w	lr, r5, #3
10008724:	4698      	mov	r8, r3
10008726:	e7e6      	b.n	100086f6 <_strtol_l.part.0+0x136>
10008728:	bb23      	cbnz	r3, 10008774 <_strtol_l.part.0+0x1b4>
1000872a:	2308      	movs	r3, #8
1000872c:	4698      	mov	r8, r3
1000872e:	e7e2      	b.n	100086f6 <_strtol_l.part.0+0x136>
10008730:	4682      	mov	sl, r0
10008732:	e7b1      	b.n	10008698 <_strtol_l.part.0+0xd8>
10008734:	4650      	mov	r0, sl
10008736:	e8bd 8ff0 	ldmia.w	sp!, {r4, r5, r6, r7, r8, r9, sl, fp, pc}
1000873a:	78a8      	ldrb	r0, [r5, #2]
1000873c:	f000 00df 	and.w	r0, r0, #223	@ 0xdf
10008740:	2858      	cmp	r0, #88	@ 0x58
10008742:	d010      	beq.n	10008766 <_strtol_l.part.0+0x1a6>
10008744:	b1cb      	cbz	r3, 1000877a <_strtol_l.part.0+0x1ba>
10008746:	2310      	movs	r3, #16
10008748:	4698      	mov	r8, r3
1000874a:	f04f 4a00 	mov.w	sl, #2147483648	@ 0x80000000
1000874e:	2401      	movs	r4, #1
10008750:	fbba f6f8 	udiv	r6, sl, r8
10008754:	e768      	b.n	10008628 <_strtol_l.part.0+0x68>
10008756:	2310      	movs	r3, #16
10008758:	f04f 6600 	mov.w	r6, #134217728	@ 0x8000000
1000875c:	2401      	movs	r4, #1
1000875e:	f04f 4a00 	mov.w	sl, #2147483648	@ 0x80000000
10008762:	4698      	mov	r8, r3
10008764:	e760      	b.n	10008628 <_strtol_l.part.0+0x68>
10008766:	2310      	movs	r3, #16
10008768:	f895 b003 	ldrb.w	fp, [r5, #3]
1000876c:	f105 0e04 	add.w	lr, r5, #4
10008770:	4698      	mov	r8, r3
10008772:	e7ea      	b.n	1000874a <_strtol_l.part.0+0x18a>
10008774:	2310      	movs	r3, #16
10008776:	4698      	mov	r8, r3
10008778:	e7bd      	b.n	100086f6 <_strtol_l.part.0+0x136>
1000877a:	2308      	movs	r3, #8
1000877c:	4698      	mov	r8, r3
1000877e:	e7e4      	b.n	1000874a <_strtol_l.part.0+0x18a>
10008780:	100096d9 	.word	0x100096d9
10008784:	0ccccccc 	.word	0x0ccccccc

10008788 <strtol>:
10008788:	2a24      	cmp	r2, #36	@ 0x24
1000878a:	4613      	mov	r3, r2
1000878c:	b510      	push	{r4, lr}
1000878e:	d809      	bhi.n	100087a4 <strtol+0x1c>
10008790:	2a01      	cmp	r2, #1
10008792:	d007      	beq.n	100087a4 <strtol+0x1c>
10008794:	4c06      	ldr	r4, [pc, #24]	@ (100087b0 <strtol+0x28>)
10008796:	460a      	mov	r2, r1
10008798:	4601      	mov	r1, r0
1000879a:	6820      	ldr	r0, [r4, #0]
1000879c:	e8bd 4010 	ldmia.w	sp!, {r4, lr}
100087a0:	f7ff bf0e 	b.w	100085c0 <_strtol_l.part.0>
100087a4:	f000 f8d2 	bl	1000894c <__errno>
100087a8:	2316      	movs	r3, #22
100087aa:	6003      	str	r3, [r0, #0]
100087ac:	2000      	movs	r0, #0
100087ae:	bd10      	pop	{r4, pc}
100087b0:	20001a40 	.word	0x20001a40

100087b4 <memset>:
100087b4:	0783      	lsls	r3, r0, #30
100087b6:	b530      	push	{r4, r5, lr}
100087b8:	d046      	beq.n	10008848 <memset+0x94>
100087ba:	1884      	adds	r4, r0, r2
100087bc:	4684      	mov	ip, r0
100087be:	e004      	b.n	100087ca <memset+0x16>
100087c0:	f803 1b01 	strb.w	r1, [r3], #1
100087c4:	079d      	lsls	r5, r3, #30
100087c6:	d004      	beq.n	100087d2 <memset+0x1e>
100087c8:	469c      	mov	ip, r3
100087ca:	45a4      	cmp	ip, r4
100087cc:	4663      	mov	r3, ip
100087ce:	d1f7      	bne.n	100087c0 <memset+0xc>
100087d0:	bd30      	pop	{r4, r5, pc}
100087d2:	3a01      	subs	r2, #1
100087d4:	4402      	add	r2, r0
100087d6:	eba2 020c 	sub.w	r2, r2, ip
100087da:	2a03      	cmp	r2, #3
100087dc:	d929      	bls.n	10008832 <memset+0x7e>
100087de:	b2cc      	uxtb	r4, r1
100087e0:	2a0f      	cmp	r2, #15
100087e2:	eb04 2404 	add.w	r4, r4, r4, lsl #8
100087e6:	eb04 4404 	add.w	r4, r4, r4, lsl #16
100087ea:	d92f      	bls.n	1000884c <memset+0x98>
100087ec:	f1a2 0c10 	sub.w	ip, r2, #16
100087f0:	f103 0510 	add.w	r5, r3, #16
100087f4:	f02c 0c0f 	bic.w	ip, ip, #15
100087f8:	44ac      	add	ip, r5
100087fa:	e9c3 4400 	strd	r4, r4, [r3]
100087fe:	e9c3 4402 	strd	r4, r4, [r3, #8]
10008802:	3310      	adds	r3, #16
10008804:	4563      	cmp	r3, ip
10008806:	d1f8      	bne.n	100087fa <memset+0x46>
10008808:	f012 0f0c 	tst.w	r2, #12
1000880c:	f002 0e0f 	and.w	lr, r2, #15
10008810:	d018      	beq.n	10008844 <memset+0x90>
10008812:	f02e 0c03 	bic.w	ip, lr, #3
10008816:	f1ae 0504 	sub.w	r5, lr, #4
1000881a:	461a      	mov	r2, r3
1000881c:	449c      	add	ip, r3
1000881e:	f842 4b04 	str.w	r4, [r2], #4
10008822:	4562      	cmp	r2, ip
10008824:	d1fb      	bne.n	1000881e <memset+0x6a>
10008826:	f025 0403 	bic.w	r4, r5, #3
1000882a:	3304      	adds	r3, #4
1000882c:	f00e 0203 	and.w	r2, lr, #3
10008830:	4423      	add	r3, r4
10008832:	2a00      	cmp	r2, #0
10008834:	d0cc      	beq.n	100087d0 <memset+0x1c>
10008836:	b2c9      	uxtb	r1, r1
10008838:	441a      	add	r2, r3
1000883a:	f803 1b01 	strb.w	r1, [r3], #1
1000883e:	4293      	cmp	r3, r2
10008840:	d1fb      	bne.n	1000883a <memset+0x86>
10008842:	bd30      	pop	{r4, r5, pc}
10008844:	4672      	mov	r2, lr
10008846:	e7f4      	b.n	10008832 <memset+0x7e>
10008848:	4603      	mov	r3, r0
1000884a:	e7c6      	b.n	100087da <memset+0x26>
1000884c:	4696      	mov	lr, r2
1000884e:	e7e0      	b.n	10008812 <memset+0x5e>

10008850 <strncpy>:
10008850:	ea40 0301 	orr.w	r3, r0, r1
10008854:	079b      	lsls	r3, r3, #30
10008856:	b530      	push	{r4, r5, lr}
10008858:	d101      	bne.n	1000885e <strncpy+0xe>
1000885a:	2a03      	cmp	r2, #3
1000885c:	d817      	bhi.n	1000888e <strncpy+0x3e>
1000885e:	4684      	mov	ip, r0
10008860:	f101 3eff 	add.w	lr, r1, #4294967295
10008864:	e007      	b.n	10008876 <strncpy+0x26>
10008866:	f81e 1f01 	ldrb.w	r1, [lr, #1]!
1000886a:	1e54      	subs	r4, r2, #1
1000886c:	f803 1b01 	strb.w	r1, [r3], #1
10008870:	b129      	cbz	r1, 1000887e <strncpy+0x2e>
10008872:	4622      	mov	r2, r4
10008874:	469c      	mov	ip, r3
10008876:	4663      	mov	r3, ip
10008878:	2a00      	cmp	r2, #0
1000887a:	d1f4      	bne.n	10008866 <strncpy+0x16>
1000887c:	bd30      	pop	{r4, r5, pc}
1000887e:	2c00      	cmp	r4, #0
10008880:	d0fc      	beq.n	1000887c <strncpy+0x2c>
10008882:	4494      	add	ip, r2
10008884:	f803 1b01 	strb.w	r1, [r3], #1
10008888:	4563      	cmp	r3, ip
1000888a:	d1fb      	bne.n	10008884 <strncpy+0x34>
1000888c:	bd30      	pop	{r4, r5, pc}
1000888e:	460c      	mov	r4, r1
10008890:	4684      	mov	ip, r0
10008892:	6825      	ldr	r5, [r4, #0]
10008894:	4621      	mov	r1, r4
10008896:	3404      	adds	r4, #4
10008898:	f1a5 3301 	sub.w	r3, r5, #16843009	@ 0x1010101
1000889c:	ea23 0305 	bic.w	r3, r3, r5
100088a0:	f013 3f80 	tst.w	r3, #2155905152	@ 0x80808080
100088a4:	d1dc      	bne.n	10008860 <strncpy+0x10>
100088a6:	3a04      	subs	r2, #4
100088a8:	f84c 5b04 	str.w	r5, [ip], #4
100088ac:	2a03      	cmp	r2, #3
100088ae:	d8f0      	bhi.n	10008892 <strncpy+0x42>
100088b0:	4621      	mov	r1, r4
100088b2:	e7d5      	b.n	10008860 <strncpy+0x10>

100088b4 <strtok>:
100088b4:	4a02      	ldr	r2, [pc, #8]	@ (100088c0 <strtok+0xc>)
100088b6:	2301      	movs	r3, #1
100088b8:	6812      	ldr	r2, [r2, #0]
100088ba:	3250      	adds	r2, #80	@ 0x50
100088bc:	f000 b802 	b.w	100088c4 <__strtok_r>
100088c0:	20001a40 	.word	0x20001a40

100088c4 <__strtok_r>:
100088c4:	b318      	cbz	r0, 1000890e <__strtok_r+0x4a>
100088c6:	b570      	push	{r4, r5, r6, lr}
100088c8:	4686      	mov	lr, r0
100088ca:	468c      	mov	ip, r1
100088cc:	f81e 5b01 	ldrb.w	r5, [lr], #1
100088d0:	e001      	b.n	100088d6 <__strtok_r+0x12>
100088d2:	42a5      	cmp	r5, r4
100088d4:	d014      	beq.n	10008900 <__strtok_r+0x3c>
100088d6:	f81c 4b01 	ldrb.w	r4, [ip], #1
100088da:	2c00      	cmp	r4, #0
100088dc:	d1f9      	bne.n	100088d2 <__strtok_r+0xe>
100088de:	b1dd      	cbz	r5, 10008918 <__strtok_r+0x54>
100088e0:	4676      	mov	r6, lr
100088e2:	460c      	mov	r4, r1
100088e4:	f816 5b01 	ldrb.w	r5, [r6], #1
100088e8:	e000      	b.n	100088ec <__strtok_r+0x28>
100088ea:	b163      	cbz	r3, 10008906 <__strtok_r+0x42>
100088ec:	f814 3b01 	ldrb.w	r3, [r4], #1
100088f0:	429d      	cmp	r5, r3
100088f2:	d1fa      	bne.n	100088ea <__strtok_r+0x26>
100088f4:	b14d      	cbz	r5, 1000890a <__strtok_r+0x46>
100088f6:	2300      	movs	r3, #0
100088f8:	f88e 3000 	strb.w	r3, [lr]
100088fc:	6016      	str	r6, [r2, #0]
100088fe:	bd70      	pop	{r4, r5, r6, pc}
10008900:	b16b      	cbz	r3, 1000891e <__strtok_r+0x5a>
10008902:	4670      	mov	r0, lr
10008904:	e7e0      	b.n	100088c8 <__strtok_r+0x4>
10008906:	46b6      	mov	lr, r6
10008908:	e7ea      	b.n	100088e0 <__strtok_r+0x1c>
1000890a:	462e      	mov	r6, r5
1000890c:	e7f6      	b.n	100088fc <__strtok_r+0x38>
1000890e:	6810      	ldr	r0, [r2, #0]
10008910:	2800      	cmp	r0, #0
10008912:	d1d8      	bne.n	100088c6 <__strtok_r+0x2>
10008914:	2000      	movs	r0, #0
10008916:	4770      	bx	lr
10008918:	2000      	movs	r0, #0
1000891a:	6015      	str	r5, [r2, #0]
1000891c:	bd70      	pop	{r4, r5, r6, pc}
1000891e:	f8c2 e000 	str.w	lr, [r2]
10008922:	7003      	strb	r3, [r0, #0]
10008924:	bd70      	pop	{r4, r5, r6, pc}
10008926:	bf00      	nop

10008928 <_sbrk_r>:
10008928:	b538      	push	{r3, r4, r5, lr}
1000892a:	2200      	movs	r2, #0
1000892c:	4d06      	ldr	r5, [pc, #24]	@ (10008948 <_sbrk_r+0x20>)
1000892e:	4604      	mov	r4, r0
10008930:	4608      	mov	r0, r1
10008932:	602a      	str	r2, [r5, #0]
10008934:	f7fa fec6 	bl	100036c4 <_sbrk>
10008938:	1c43      	adds	r3, r0, #1
1000893a:	d000      	beq.n	1000893e <_sbrk_r+0x16>
1000893c:	bd38      	pop	{r3, r4, r5, pc}
1000893e:	682b      	ldr	r3, [r5, #0]
10008940:	2b00      	cmp	r3, #0
10008942:	d0fb      	beq.n	1000893c <_sbrk_r+0x14>
10008944:	6023      	str	r3, [r4, #0]
10008946:	bd38      	pop	{r3, r4, r5, pc}
10008948:	20002518 	.word	0x20002518

1000894c <__errno>:
1000894c:	4b01      	ldr	r3, [pc, #4]	@ (10008954 <__errno+0x8>)
1000894e:	6818      	ldr	r0, [r3, #0]
10008950:	4770      	bx	lr
10008952:	bf00      	nop
10008954:	20001a40 	.word	0x20001a40

10008958 <__retarget_lock_acquire_recursive>:
10008958:	4770      	bx	lr
1000895a:	bf00      	nop

1000895c <__retarget_lock_release_recursive>:
1000895c:	4770      	bx	lr
1000895e:	bf00      	nop

10008960 <sysconf>:
10008960:	2808      	cmp	r0, #8
10008962:	d102      	bne.n	1000896a <sysconf+0xa>
10008964:	f44f 5080 	mov.w	r0, #4096	@ 0x1000
10008968:	4770      	bx	lr
1000896a:	b508      	push	{r3, lr}
1000896c:	f7ff ffee 	bl	1000894c <__errno>
10008970:	2216      	movs	r2, #22
10008972:	4603      	mov	r3, r0
10008974:	f04f 30ff 	mov.w	r0, #4294967295
10008978:	601a      	str	r2, [r3, #0]
1000897a:	bd08      	pop	{r3, pc}

1000897c <memcpy>:
1000897c:	4684      	mov	ip, r0
1000897e:	ea41 0300 	orr.w	r3, r1, r0
10008982:	f013 0303 	ands.w	r3, r3, #3
10008986:	d149      	bne.n	10008a1c <memcpy+0xa0>
10008988:	3a40      	subs	r2, #64	@ 0x40
1000898a:	d323      	bcc.n	100089d4 <memcpy+0x58>
1000898c:	680b      	ldr	r3, [r1, #0]
1000898e:	6003      	str	r3, [r0, #0]
10008990:	684b      	ldr	r3, [r1, #4]
10008992:	6043      	str	r3, [r0, #4]
10008994:	688b      	ldr	r3, [r1, #8]
10008996:	6083      	str	r3, [r0, #8]
10008998:	68cb      	ldr	r3, [r1, #12]
1000899a:	60c3      	str	r3, [r0, #12]
1000899c:	690b      	ldr	r3, [r1, #16]
1000899e:	6103      	str	r3, [r0, #16]
100089a0:	694b      	ldr	r3, [r1, #20]
100089a2:	6143      	str	r3, [r0, #20]
100089a4:	698b      	ldr	r3, [r1, #24]
100089a6:	6183      	str	r3, [r0, #24]
100089a8:	69cb      	ldr	r3, [r1, #28]
100089aa:	61c3      	str	r3, [r0, #28]
100089ac:	6a0b      	ldr	r3, [r1, #32]
100089ae:	6203      	str	r3, [r0, #32]
100089b0:	6a4b      	ldr	r3, [r1, #36]	@ 0x24
100089b2:	6243      	str	r3, [r0, #36]	@ 0x24
100089b4:	6a8b      	ldr	r3, [r1, #40]	@ 0x28
100089b6:	6283      	str	r3, [r0, #40]	@ 0x28
100089b8:	6acb      	ldr	r3, [r1, #44]	@ 0x2c
100089ba:	62c3      	str	r3, [r0, #44]	@ 0x2c
100089bc:	6b0b      	ldr	r3, [r1, #48]	@ 0x30
100089be:	6303      	str	r3, [r0, #48]	@ 0x30
100089c0:	6b4b      	ldr	r3, [r1, #52]	@ 0x34
100089c2:	6343      	str	r3, [r0, #52]	@ 0x34
100089c4:	6b8b      	ldr	r3, [r1, #56]	@ 0x38
100089c6:	6383      	str	r3, [r0, #56]	@ 0x38
100089c8:	6bcb      	ldr	r3, [r1, #60]	@ 0x3c
100089ca:	63c3      	str	r3, [r0, #60]	@ 0x3c
100089cc:	3040      	adds	r0, #64	@ 0x40
100089ce:	3140      	adds	r1, #64	@ 0x40
100089d0:	3a40      	subs	r2, #64	@ 0x40
100089d2:	d2db      	bcs.n	1000898c <memcpy+0x10>
100089d4:	3230      	adds	r2, #48	@ 0x30
100089d6:	d30b      	bcc.n	100089f0 <memcpy+0x74>
100089d8:	680b      	ldr	r3, [r1, #0]
100089da:	6003      	str	r3, [r0, #0]
100089dc:	684b      	ldr	r3, [r1, #4]
100089de:	6043      	str	r3, [r0, #4]
100089e0:	688b      	ldr	r3, [r1, #8]
100089e2:	6083      	str	r3, [r0, #8]
100089e4:	68cb      	ldr	r3, [r1, #12]
100089e6:	60c3      	str	r3, [r0, #12]
100089e8:	3010      	adds	r0, #16
100089ea:	3110      	adds	r1, #16
100089ec:	3a10      	subs	r2, #16
100089ee:	d2f3      	bcs.n	100089d8 <memcpy+0x5c>
100089f0:	320c      	adds	r2, #12
100089f2:	d305      	bcc.n	10008a00 <memcpy+0x84>
100089f4:	f851 3b04 	ldr.w	r3, [r1], #4
100089f8:	f840 3b04 	str.w	r3, [r0], #4
100089fc:	3a04      	subs	r2, #4
100089fe:	d2f9      	bcs.n	100089f4 <memcpy+0x78>
10008a00:	3204      	adds	r2, #4
10008a02:	d008      	beq.n	10008a16 <memcpy+0x9a>
10008a04:	07d2      	lsls	r2, r2, #31
10008a06:	bf1c      	itt	ne
10008a08:	f811 3b01 	ldrbne.w	r3, [r1], #1
10008a0c:	f800 3b01 	strbne.w	r3, [r0], #1
10008a10:	d301      	bcc.n	10008a16 <memcpy+0x9a>
10008a12:	880b      	ldrh	r3, [r1, #0]
10008a14:	8003      	strh	r3, [r0, #0]
10008a16:	4660      	mov	r0, ip
10008a18:	4770      	bx	lr
10008a1a:	bf00      	nop
10008a1c:	2a08      	cmp	r2, #8
10008a1e:	d313      	bcc.n	10008a48 <memcpy+0xcc>
10008a20:	078b      	lsls	r3, r1, #30
10008a22:	d0b1      	beq.n	10008988 <memcpy+0xc>
10008a24:	f010 0303 	ands.w	r3, r0, #3
10008a28:	d0ae      	beq.n	10008988 <memcpy+0xc>
10008a2a:	f1c3 0304 	rsb	r3, r3, #4
10008a2e:	1ad2      	subs	r2, r2, r3
10008a30:	07db      	lsls	r3, r3, #31
10008a32:	bf1c      	itt	ne
10008a34:	f811 3b01 	ldrbne.w	r3, [r1], #1
10008a38:	f800 3b01 	strbne.w	r3, [r0], #1
10008a3c:	d3a4      	bcc.n	10008988 <memcpy+0xc>
10008a3e:	f831 3b02 	ldrh.w	r3, [r1], #2
10008a42:	f820 3b02 	strh.w	r3, [r0], #2
10008a46:	e79f      	b.n	10008988 <memcpy+0xc>
10008a48:	3a04      	subs	r2, #4
10008a4a:	d3d9      	bcc.n	10008a00 <memcpy+0x84>
10008a4c:	3a01      	subs	r2, #1
10008a4e:	f811 3b01 	ldrb.w	r3, [r1], #1
10008a52:	f800 3b01 	strb.w	r3, [r0], #1
10008a56:	d2f9      	bcs.n	10008a4c <memcpy+0xd0>
10008a58:	780b      	ldrb	r3, [r1, #0]
10008a5a:	7003      	strb	r3, [r0, #0]
10008a5c:	784b      	ldrb	r3, [r1, #1]
10008a5e:	7043      	strb	r3, [r0, #1]
10008a60:	788b      	ldrb	r3, [r1, #2]
10008a62:	7083      	strb	r3, [r0, #2]
10008a64:	4660      	mov	r0, ip
10008a66:	4770      	bx	lr

10008a68 <strlen>:
10008a68:	f020 0103 	bic.w	r1, r0, #3
10008a6c:	f010 0003 	ands.w	r0, r0, #3
10008a70:	f1c0 0000 	rsb	r0, r0, #0
10008a74:	f851 3b04 	ldr.w	r3, [r1], #4
10008a78:	f100 0c04 	add.w	ip, r0, #4
10008a7c:	ea4f 0ccc 	mov.w	ip, ip, lsl #3
10008a80:	f06f 0200 	mvn.w	r2, #0
10008a84:	bf1c      	itt	ne
10008a86:	fa22 f20c 	lsrne.w	r2, r2, ip
10008a8a:	4313      	orrne	r3, r2
10008a8c:	f04f 0c01 	mov.w	ip, #1
10008a90:	ea4c 2c0c 	orr.w	ip, ip, ip, lsl #8
10008a94:	ea4c 4c0c 	orr.w	ip, ip, ip, lsl #16
10008a98:	eba3 020c 	sub.w	r2, r3, ip
10008a9c:	ea22 0203 	bic.w	r2, r2, r3
10008aa0:	ea12 12cc 	ands.w	r2, r2, ip, lsl #7
10008aa4:	bf04      	itt	eq
10008aa6:	f851 3b04 	ldreq.w	r3, [r1], #4
10008aaa:	3004      	addeq	r0, #4
10008aac:	d0f4      	beq.n	10008a98 <strlen+0x30>
10008aae:	f1c2 0100 	rsb	r1, r2, #0
10008ab2:	ea02 0201 	and.w	r2, r2, r1
10008ab6:	fab2 f282 	clz	r2, r2
10008aba:	f1c2 021f 	rsb	r2, r2, #31
10008abe:	eb00 00d2 	add.w	r0, r0, r2, lsr #3
10008ac2:	4770      	bx	lr

10008ac4 <_malloc_trim_r>:
10008ac4:	e92d 43f8 	stmdb	sp!, {r3, r4, r5, r6, r7, r8, r9, lr}
10008ac8:	4606      	mov	r6, r0
10008aca:	f8df 80ac 	ldr.w	r8, [pc, #172]	@ 10008b78 <_malloc_trim_r+0xb4>
10008ace:	2008      	movs	r0, #8
10008ad0:	4689      	mov	r9, r1
10008ad2:	f7ff ff45 	bl	10008960 <sysconf>
10008ad6:	4605      	mov	r5, r0
10008ad8:	4630      	mov	r0, r6
10008ada:	f7ff fd65 	bl	100085a8 <__malloc_lock>
10008ade:	f8d8 3008 	ldr.w	r3, [r8, #8]
10008ae2:	685f      	ldr	r7, [r3, #4]
10008ae4:	f027 0703 	bic.w	r7, r7, #3
10008ae8:	f1a7 0411 	sub.w	r4, r7, #17
10008aec:	eba4 0409 	sub.w	r4, r4, r9
10008af0:	442c      	add	r4, r5
10008af2:	fbb4 f4f5 	udiv	r4, r4, r5
10008af6:	3c01      	subs	r4, #1
10008af8:	fb05 f404 	mul.w	r4, r5, r4
10008afc:	42a5      	cmp	r5, r4
10008afe:	dc08      	bgt.n	10008b12 <_malloc_trim_r+0x4e>
10008b00:	2100      	movs	r1, #0
10008b02:	4630      	mov	r0, r6
10008b04:	f7ff ff10 	bl	10008928 <_sbrk_r>
10008b08:	f8d8 3008 	ldr.w	r3, [r8, #8]
10008b0c:	443b      	add	r3, r7
10008b0e:	4298      	cmp	r0, r3
10008b10:	d005      	beq.n	10008b1e <_malloc_trim_r+0x5a>
10008b12:	4630      	mov	r0, r6
10008b14:	f7ff fd4e 	bl	100085b4 <__malloc_unlock>
10008b18:	2000      	movs	r0, #0
10008b1a:	e8bd 83f8 	ldmia.w	sp!, {r3, r4, r5, r6, r7, r8, r9, pc}
10008b1e:	4261      	negs	r1, r4
10008b20:	4630      	mov	r0, r6
10008b22:	f7ff ff01 	bl	10008928 <_sbrk_r>
10008b26:	3001      	adds	r0, #1
10008b28:	d00f      	beq.n	10008b4a <_malloc_trim_r+0x86>
10008b2a:	1b3f      	subs	r7, r7, r4
10008b2c:	4a10      	ldr	r2, [pc, #64]	@ (10008b70 <_malloc_trim_r+0xac>)
10008b2e:	f8d8 3008 	ldr.w	r3, [r8, #8]
10008b32:	4630      	mov	r0, r6
10008b34:	f047 0701 	orr.w	r7, r7, #1
10008b38:	605f      	str	r7, [r3, #4]
10008b3a:	6813      	ldr	r3, [r2, #0]
10008b3c:	1b1b      	subs	r3, r3, r4
10008b3e:	6013      	str	r3, [r2, #0]
10008b40:	f7ff fd38 	bl	100085b4 <__malloc_unlock>
10008b44:	2001      	movs	r0, #1
10008b46:	e8bd 83f8 	ldmia.w	sp!, {r3, r4, r5, r6, r7, r8, r9, pc}
10008b4a:	2100      	movs	r1, #0
10008b4c:	4630      	mov	r0, r6
10008b4e:	f7ff feeb 	bl	10008928 <_sbrk_r>
10008b52:	f8d8 2008 	ldr.w	r2, [r8, #8]
10008b56:	1a83      	subs	r3, r0, r2
10008b58:	2b0f      	cmp	r3, #15
10008b5a:	ddda      	ble.n	10008b12 <_malloc_trim_r+0x4e>
10008b5c:	f043 0301 	orr.w	r3, r3, #1
10008b60:	4903      	ldr	r1, [pc, #12]	@ (10008b70 <_malloc_trim_r+0xac>)
10008b62:	6053      	str	r3, [r2, #4]
10008b64:	4b03      	ldr	r3, [pc, #12]	@ (10008b74 <_malloc_trim_r+0xb0>)
10008b66:	681b      	ldr	r3, [r3, #0]
10008b68:	1ac0      	subs	r0, r0, r3
10008b6a:	6008      	str	r0, [r1, #0]
10008b6c:	e7d1      	b.n	10008b12 <_malloc_trim_r+0x4e>
10008b6e:	bf00      	nop
10008b70:	20001d88 	.word	0x20001d88
10008b74:	20001630 	.word	0x20001630
10008b78:	20001638 	.word	0x20001638

10008b7c <_free_r>:
10008b7c:	2900      	cmp	r1, #0
10008b7e:	d05a      	beq.n	10008c36 <_free_r+0xba>
10008b80:	b5f8      	push	{r3, r4, r5, r6, r7, lr}
10008b82:	460c      	mov	r4, r1
10008b84:	4607      	mov	r7, r0
10008b86:	f7ff fd0f 	bl	100085a8 <__malloc_lock>
10008b8a:	4d73      	ldr	r5, [pc, #460]	@ (10008d58 <_free_r+0x1dc>)
10008b8c:	f854 cc04 	ldr.w	ip, [r4, #-4]
10008b90:	f1a4 0208 	sub.w	r2, r4, #8
10008b94:	68a8      	ldr	r0, [r5, #8]
10008b96:	f02c 0301 	bic.w	r3, ip, #1
10008b9a:	f00c 0e01 	and.w	lr, ip, #1
10008b9e:	18d1      	adds	r1, r2, r3
10008ba0:	684e      	ldr	r6, [r1, #4]
10008ba2:	4288      	cmp	r0, r1
10008ba4:	f026 0603 	bic.w	r6, r6, #3
10008ba8:	d07c      	beq.n	10008ca4 <_free_r+0x128>
10008baa:	1988      	adds	r0, r1, r6
10008bac:	604e      	str	r6, [r1, #4]
10008bae:	6840      	ldr	r0, [r0, #4]
10008bb0:	f000 0001 	and.w	r0, r0, #1
10008bb4:	f1be 0f00 	cmp.w	lr, #0
10008bb8:	d12e      	bne.n	10008c18 <_free_r+0x9c>
10008bba:	f854 4c08 	ldr.w	r4, [r4, #-8]
10008bbe:	f105 0c08 	add.w	ip, r5, #8
10008bc2:	1b12      	subs	r2, r2, r4
10008bc4:	4423      	add	r3, r4
10008bc6:	6894      	ldr	r4, [r2, #8]
10008bc8:	4564      	cmp	r4, ip
10008bca:	d060      	beq.n	10008c8e <_free_r+0x112>
10008bcc:	f8d2 e00c 	ldr.w	lr, [r2, #12]
10008bd0:	f8c4 e00c 	str.w	lr, [r4, #12]
10008bd4:	f8ce 4008 	str.w	r4, [lr, #8]
10008bd8:	2800      	cmp	r0, #0
10008bda:	d07d      	beq.n	10008cd8 <_free_r+0x15c>
10008bdc:	f043 0001 	orr.w	r0, r3, #1
10008be0:	6050      	str	r0, [r2, #4]
10008be2:	600b      	str	r3, [r1, #0]
10008be4:	f5b3 7f00 	cmp.w	r3, #512	@ 0x200
10008be8:	d22e      	bcs.n	10008c48 <_free_r+0xcc>
10008bea:	0958      	lsrs	r0, r3, #5
10008bec:	08d9      	lsrs	r1, r3, #3
10008bee:	2301      	movs	r3, #1
10008bf0:	4083      	lsls	r3, r0
10008bf2:	6868      	ldr	r0, [r5, #4]
10008bf4:	3101      	adds	r1, #1
10008bf6:	4303      	orrs	r3, r0
10008bf8:	f855 0031 	ldr.w	r0, [r5, r1, lsl #3]
10008bfc:	606b      	str	r3, [r5, #4]
10008bfe:	eb05 03c1 	add.w	r3, r5, r1, lsl #3
10008c02:	3b08      	subs	r3, #8
10008c04:	e9c2 0302 	strd	r0, r3, [r2, #8]
10008c08:	f845 2031 	str.w	r2, [r5, r1, lsl #3]
10008c0c:	60c2      	str	r2, [r0, #12]
10008c0e:	4638      	mov	r0, r7
10008c10:	e8bd 40f8 	ldmia.w	sp!, {r3, r4, r5, r6, r7, lr}
10008c14:	f7ff bcce 	b.w	100085b4 <__malloc_unlock>
10008c18:	b970      	cbnz	r0, 10008c38 <_free_r+0xbc>
10008c1a:	4433      	add	r3, r6
10008c1c:	f105 0c08 	add.w	ip, r5, #8
10008c20:	6888      	ldr	r0, [r1, #8]
10008c22:	f043 0401 	orr.w	r4, r3, #1
10008c26:	4560      	cmp	r0, ip
10008c28:	d06e      	beq.n	10008d08 <_free_r+0x18c>
10008c2a:	68c9      	ldr	r1, [r1, #12]
10008c2c:	60c1      	str	r1, [r0, #12]
10008c2e:	6088      	str	r0, [r1, #8]
10008c30:	6054      	str	r4, [r2, #4]
10008c32:	50d3      	str	r3, [r2, r3]
10008c34:	e7d6      	b.n	10008be4 <_free_r+0x68>
10008c36:	4770      	bx	lr
10008c38:	f04c 0101 	orr.w	r1, ip, #1
10008c3c:	f5b3 7f00 	cmp.w	r3, #512	@ 0x200
10008c40:	f844 1c04 	str.w	r1, [r4, #-4]
10008c44:	50d3      	str	r3, [r2, r3]
10008c46:	d3d0      	bcc.n	10008bea <_free_r+0x6e>
10008c48:	f5b3 6f20 	cmp.w	r3, #2560	@ 0xa00
10008c4c:	ea4f 2153 	mov.w	r1, r3, lsr #9
10008c50:	d244      	bcs.n	10008cdc <_free_r+0x160>
10008c52:	0999      	lsrs	r1, r3, #6
10008c54:	f101 0039 	add.w	r0, r1, #57	@ 0x39
10008c58:	f101 0438 	add.w	r4, r1, #56	@ 0x38
10008c5c:	00c1      	lsls	r1, r0, #3
10008c5e:	1868      	adds	r0, r5, r1
10008c60:	5869      	ldr	r1, [r5, r1]
10008c62:	3808      	subs	r0, #8
10008c64:	4288      	cmp	r0, r1
10008c66:	d103      	bne.n	10008c70 <_free_r+0xf4>
10008c68:	e055      	b.n	10008d16 <_free_r+0x19a>
10008c6a:	6889      	ldr	r1, [r1, #8]
10008c6c:	4288      	cmp	r0, r1
10008c6e:	d004      	beq.n	10008c7a <_free_r+0xfe>
10008c70:	684c      	ldr	r4, [r1, #4]
10008c72:	f024 0403 	bic.w	r4, r4, #3
10008c76:	429c      	cmp	r4, r3
10008c78:	d8f7      	bhi.n	10008c6a <_free_r+0xee>
10008c7a:	68c8      	ldr	r0, [r1, #12]
10008c7c:	e9c2 1002 	strd	r1, r0, [r2, #8]
10008c80:	6082      	str	r2, [r0, #8]
10008c82:	4638      	mov	r0, r7
10008c84:	60ca      	str	r2, [r1, #12]
10008c86:	e8bd 40f8 	ldmia.w	sp!, {r3, r4, r5, r6, r7, lr}
10008c8a:	f7ff bc93 	b.w	100085b4 <__malloc_unlock>
10008c8e:	bb80      	cbnz	r0, 10008cf2 <_free_r+0x176>
10008c90:	441e      	add	r6, r3
10008c92:	e9d1 1302 	ldrd	r1, r3, [r1, #8]
10008c96:	60cb      	str	r3, [r1, #12]
10008c98:	6099      	str	r1, [r3, #8]
10008c9a:	f046 0301 	orr.w	r3, r6, #1
10008c9e:	6053      	str	r3, [r2, #4]
10008ca0:	5196      	str	r6, [r2, r6]
10008ca2:	e7b4      	b.n	10008c0e <_free_r+0x92>
10008ca4:	441e      	add	r6, r3
10008ca6:	f1be 0f00 	cmp.w	lr, #0
10008caa:	d107      	bne.n	10008cbc <_free_r+0x140>
10008cac:	f854 3c08 	ldr.w	r3, [r4, #-8]
10008cb0:	1ad2      	subs	r2, r2, r3
10008cb2:	441e      	add	r6, r3
10008cb4:	e9d2 1302 	ldrd	r1, r3, [r2, #8]
10008cb8:	60cb      	str	r3, [r1, #12]
10008cba:	6099      	str	r1, [r3, #8]
10008cbc:	f046 0301 	orr.w	r3, r6, #1
10008cc0:	6053      	str	r3, [r2, #4]
10008cc2:	4b26      	ldr	r3, [pc, #152]	@ (10008d5c <_free_r+0x1e0>)
10008cc4:	60aa      	str	r2, [r5, #8]
10008cc6:	681b      	ldr	r3, [r3, #0]
10008cc8:	42b3      	cmp	r3, r6
10008cca:	d8a0      	bhi.n	10008c0e <_free_r+0x92>
10008ccc:	4b24      	ldr	r3, [pc, #144]	@ (10008d60 <_free_r+0x1e4>)
10008cce:	4638      	mov	r0, r7
10008cd0:	6819      	ldr	r1, [r3, #0]
10008cd2:	f7ff fef7 	bl	10008ac4 <_malloc_trim_r>
10008cd6:	e79a      	b.n	10008c0e <_free_r+0x92>
10008cd8:	4433      	add	r3, r6
10008cda:	e7a1      	b.n	10008c20 <_free_r+0xa4>
10008cdc:	2914      	cmp	r1, #20
10008cde:	d90d      	bls.n	10008cfc <_free_r+0x180>
10008ce0:	2954      	cmp	r1, #84	@ 0x54
10008ce2:	d81f      	bhi.n	10008d24 <_free_r+0x1a8>
10008ce4:	0b19      	lsrs	r1, r3, #12
10008ce6:	f101 006f 	add.w	r0, r1, #111	@ 0x6f
10008cea:	f101 046e 	add.w	r4, r1, #110	@ 0x6e
10008cee:	00c1      	lsls	r1, r0, #3
10008cf0:	e7b5      	b.n	10008c5e <_free_r+0xe2>
10008cf2:	f043 0001 	orr.w	r0, r3, #1
10008cf6:	6050      	str	r0, [r2, #4]
10008cf8:	600b      	str	r3, [r1, #0]
10008cfa:	e788      	b.n	10008c0e <_free_r+0x92>
10008cfc:	f101 005c 	add.w	r0, r1, #92	@ 0x5c
10008d00:	f101 045b 	add.w	r4, r1, #91	@ 0x5b
10008d04:	00c1      	lsls	r1, r0, #3
10008d06:	e7aa      	b.n	10008c5e <_free_r+0xe2>
10008d08:	e9c5 2204 	strd	r2, r2, [r5, #16]
10008d0c:	e9c2 cc02 	strd	ip, ip, [r2, #8]
10008d10:	6054      	str	r4, [r2, #4]
10008d12:	50d3      	str	r3, [r2, r3]
10008d14:	e77b      	b.n	10008c0e <_free_r+0x92>
10008d16:	10a4      	asrs	r4, r4, #2
10008d18:	2301      	movs	r3, #1
10008d1a:	40a3      	lsls	r3, r4
10008d1c:	686c      	ldr	r4, [r5, #4]
10008d1e:	4323      	orrs	r3, r4
10008d20:	606b      	str	r3, [r5, #4]
10008d22:	e7ab      	b.n	10008c7c <_free_r+0x100>
10008d24:	f5b1 7faa 	cmp.w	r1, #340	@ 0x154
10008d28:	d806      	bhi.n	10008d38 <_free_r+0x1bc>
10008d2a:	0bd9      	lsrs	r1, r3, #15
10008d2c:	f101 0078 	add.w	r0, r1, #120	@ 0x78
10008d30:	f101 0477 	add.w	r4, r1, #119	@ 0x77
10008d34:	00c1      	lsls	r1, r0, #3
10008d36:	e792      	b.n	10008c5e <_free_r+0xe2>
10008d38:	f240 5054 	movw	r0, #1364	@ 0x554
10008d3c:	4281      	cmp	r1, r0
10008d3e:	d806      	bhi.n	10008d4e <_free_r+0x1d2>
10008d40:	0c99      	lsrs	r1, r3, #18
10008d42:	f101 007d 	add.w	r0, r1, #125	@ 0x7d
10008d46:	f101 047c 	add.w	r4, r1, #124	@ 0x7c
10008d4a:	00c1      	lsls	r1, r0, #3
10008d4c:	e787      	b.n	10008c5e <_free_r+0xe2>
10008d4e:	f44f 717e 	mov.w	r1, #1016	@ 0x3f8
10008d52:	247e      	movs	r4, #126	@ 0x7e
10008d54:	e783      	b.n	10008c5e <_free_r+0xe2>
10008d56:	bf00      	nop
10008d58:	20001638 	.word	0x20001638
10008d5c:	20001634 	.word	0x20001634
10008d60:	20001db8 	.word	0x20001db8

10008d64 <_fini>:
10008d64:	b5f8      	push	{r3, r4, r5, r6, r7, lr}
10008d66:	bf00      	nop

10008d68 <__mutex_enter_timeout_ms_veneer>:
10008d68:	f85f f000 	ldr.w	pc, [pc]	@ 10008d6c <__mutex_enter_timeout_ms_veneer+0x4>
10008d6c:	200002ad 	.word	0x200002ad

10008d70 <__hw_endpoint_start_next_buffer_veneer>:
10008d70:	f85f f000 	ldr.w	pc, [pc]	@ 10008d74 <__hw_endpoint_start_next_buffer_veneer+0x4>
10008d74:	20000b85 	.word	0x20000b85

10008d78 <____aeabi_f2d_veneer>:
10008d78:	f85f f000 	ldr.w	pc, [pc]	@ 10008d7c <____aeabi_f2d_veneer+0x4>
10008d7c:	20001111 	.word	0x20001111

10008d80 <____aeabi_uldivmod_veneer>:
10008d80:	f85f f000 	ldr.w	pc, [pc]	@ 10008d84 <____aeabi_uldivmod_veneer+0x4>
10008d84:	200011c1 	.word	0x200011c1

10008d88 <__mutex_exit_veneer>:
10008d88:	f85f f000 	ldr.w	pc, [pc]	@ 10008d8c <__mutex_exit_veneer+0x4>
10008d8c:	200002e5 	.word	0x200002e5

10008d90 <__e15_is_critical_frame_period_veneer>:
10008d90:	f85f f000 	ldr.w	pc, [pc]	@ 10008d94 <__e15_is_critical_frame_period_veneer+0x4>
10008d94:	20000b0d 	.word	0x20000b0d

10008d98 <___hw_endpoint_buffer_control_update32_veneer>:
10008d98:	f85f f000 	ldr.w	pc, [pc]	@ 10008d9c <___hw_endpoint_buffer_control_update32_veneer+0x4>
10008d9c:	20000b41 	.word	0x20000b41

10008da0 <__mutex_try_enter_block_until_veneer>:
10008da0:	f85f f000 	ldr.w	pc, [pc]	@ 10008da4 <__mutex_try_enter_block_until_veneer+0x4>
10008da4:	20000245 	.word	0x20000245

10008da8 <__e15_is_bulkin_ep_veneer>:
10008da8:	f85f f000 	ldr.w	pc, [pc]	@ 10008dac <__e15_is_bulkin_ep_veneer+0x4>
10008dac:	20000ae5 	.word	0x20000ae5

10008db0 <__reset_non_control_endpoints_veneer>:
10008db0:	f85f f000 	ldr.w	pc, [pc]	@ 10008db4 <__reset_non_control_endpoints_veneer+0x4>
10008db4:	20000321 	.word	0x20000321

10008db8 <__mutex_try_enter_veneer>:
10008db8:	f85f f000 	ldr.w	pc, [pc]	@ 10008dbc <__mutex_try_enter_veneer+0x4>
10008dbc:	20000189 	.word	0x20000189

10008dc0 <__pre_init_runtime_init_bootrom_reset>:
10008dc0:	10001bb1                                ....

10008dc4 <__pre_init_runtime_init_early_resets>:
10008dc4:	10001b25                                %...

10008dc8 <__pre_init_runtime_init_usb_power_down>:
10008dc8:	10001b59                                Y...

10008dcc <__pre_init_runtime_init_clocks>:
10008dcc:	10001bfd                                ....

10008dd0 <__pre_init_runtime_init_post_clock_resets>:
10008dd0:	10001b91                                ....

10008dd4 <__pre_init_runtime_init_boot_locks_reset>:
10008dd4:	10001aa9                                ....

10008dd8 <__pre_init_runtime_init_spin_locks_reset>:
10008dd8:	10001bd9                                ....

10008ddc <__pre_init_runtime_init_bootrom_locking_enable>:
10008ddc:	10001a95                                ....

10008de0 <__pre_init_runtime_init_mutex>:
10008de0:	10000ea5                                ....

10008de4 <__pre_init_runtime_init_install_ram_vector_table>:
10008de4:	10001bdd                                ....

10008de8 <__pre_init_runtime_init_default_alarm_pool>:
10008de8:	10001269                                i...

10008dec <__pre_init_first_per_core_initializer>:
10008dec:	10001af5                                ....

10008df0 <__pre_init_runtime_init_per_core_bootrom_reset>:
10008df0:	10001bc5                                ....

10008df4 <__pre_init_runtime_init_per_core_enable_coprocessors>:
10008df4:	10001b75                                u...

10008df8 <__pre_init_spinlock_set_extexclall>:
10008df8:	10000a81                                ....

10008dfc <__pre_init_runtime_init_per_core_irq_priorities>:
10008dfc:	10000aa9                                ....

10008e00 <__frame_dummy_init_array_entry>:
10008e00:	10000219 10004071 10006349 10007cdd     ....q@..Ic...|..

Disassembly of section .data:

20000188 <mutex_try_enter>:
20000188:	4603      	mov	r3, r0
2000018a:	b500      	push	{lr}
2000018c:	6802      	ldr	r2, [r0, #0]
2000018e:	f3ef 8c10 	mrs	ip, PRIMASK
20000192:	b672      	cpsid	i
20000194:	e8d2 efcf 	ldaexb	lr, [r2]
20000198:	2001      	movs	r0, #1
2000019a:	f1be 0f00 	cmp.w	lr, #0
2000019e:	d1f9      	bne.n	20000194 <mutex_try_enter+0xc>
200001a0:	e8c2 0f4e 	strexb	lr, r0, [r2]
200001a4:	f1be 0f00 	cmp.w	lr, #0
200001a8:	d1f4      	bne.n	20000194 <mutex_try_enter+0xc>
200001aa:	f3bf 8f5f 	dmb	sy
200001ae:	f993 2004 	ldrsb.w	r2, [r3, #4]
200001b2:	2a00      	cmp	r2, #0
200001b4:	db0a      	blt.n	200001cc <mutex_try_enter+0x44>
200001b6:	b101      	cbz	r1, 200001ba <mutex_try_enter+0x32>
200001b8:	600a      	str	r2, [r1, #0]
200001ba:	2000      	movs	r0, #0
200001bc:	2200      	movs	r2, #0
200001be:	681b      	ldr	r3, [r3, #0]
200001c0:	e8c3 2f8f 	stlb	r2, [r3]
200001c4:	f38c 8810 	msr	PRIMASK, ip
200001c8:	f85d fb04 	ldr.w	pc, [sp], #4
200001cc:	f04f 4250 	mov.w	r2, #3489660928	@ 0xd0000000
200001d0:	6812      	ldr	r2, [r2, #0]
200001d2:	2001      	movs	r0, #1
200001d4:	711a      	strb	r2, [r3, #4]
200001d6:	e7f1      	b.n	200001bc <mutex_try_enter+0x34>

200001d8 <mutex_enter_block_until>:
200001d8:	f04f 4150 	mov.w	r1, #3489660928	@ 0xd0000000
200001dc:	e92d 41f0 	stmdb	sp!, {r4, r5, r6, r7, r8, lr}
200001e0:	2700      	movs	r7, #0
200001e2:	4604      	mov	r4, r0
200001e4:	4616      	mov	r6, r2
200001e6:	461d      	mov	r5, r3
200001e8:	f8d1 8000 	ldr.w	r8, [r1]
200001ec:	e008      	b.n	20000200 <mutex_enter_block_until+0x28>
200001ee:	e8c1 7f8f 	stlb	r7, [r1]
200001f2:	f38c 8810 	msr	PRIMASK, ip
200001f6:	4630      	mov	r0, r6
200001f8:	4629      	mov	r1, r5
200001fa:	f001 f9b5 	bl	20001568 <__best_effort_wfe_or_timeout_veneer>
200001fe:	b9e8      	cbnz	r0, 2000023c <mutex_enter_block_until+0x64>
20000200:	6821      	ldr	r1, [r4, #0]
20000202:	f3ef 8c10 	mrs	ip, PRIMASK
20000206:	b672      	cpsid	i
20000208:	e8d1 2fcf 	ldaexb	r2, [r1]
2000020c:	2301      	movs	r3, #1
2000020e:	2a00      	cmp	r2, #0
20000210:	d1fa      	bne.n	20000208 <mutex_enter_block_until+0x30>
20000212:	e8c1 3f42 	strexb	r2, r3, [r1]
20000216:	2a00      	cmp	r2, #0
20000218:	d1f6      	bne.n	20000208 <mutex_enter_block_until+0x30>
2000021a:	f3bf 8f5f 	dmb	sy
2000021e:	f994 3004 	ldrsb.w	r3, [r4, #4]
20000222:	6821      	ldr	r1, [r4, #0]
20000224:	2b00      	cmp	r3, #0
20000226:	dae2      	bge.n	200001ee <mutex_enter_block_until+0x16>
20000228:	2300      	movs	r3, #0
2000022a:	f884 8004 	strb.w	r8, [r4, #4]
2000022e:	e8c1 3f8f 	stlb	r3, [r1]
20000232:	f38c 8810 	msr	PRIMASK, ip
20000236:	2001      	movs	r0, #1
20000238:	e8bd 81f0 	ldmia.w	sp!, {r4, r5, r6, r7, r8, pc}
2000023c:	2000      	movs	r0, #0
2000023e:	e8bd 81f0 	ldmia.w	sp!, {r4, r5, r6, r7, r8, pc}
20000242:	bf00      	nop

20000244 <mutex_try_enter_block_until>:
20000244:	b530      	push	{r4, r5, lr}
20000246:	6804      	ldr	r4, [r0, #0]
20000248:	f3ef 8c10 	mrs	ip, PRIMASK
2000024c:	b672      	cpsid	i
2000024e:	e8d4 efcf 	ldaexb	lr, [r4]
20000252:	2501      	movs	r5, #1
20000254:	f1be 0f00 	cmp.w	lr, #0
20000258:	d1f9      	bne.n	2000024e <mutex_try_enter_block_until+0xa>
2000025a:	e8c4 5f4e 	strexb	lr, r5, [r4]
2000025e:	f1be 0f00 	cmp.w	lr, #0
20000262:	d1f4      	bne.n	2000024e <mutex_try_enter_block_until+0xa>
20000264:	f3bf 8f5f 	dmb	sy
20000268:	f990 4004 	ldrsb.w	r4, [r0, #4]
2000026c:	6805      	ldr	r5, [r0, #0]
2000026e:	2c00      	cmp	r4, #0
20000270:	db10      	blt.n	20000294 <mutex_try_enter_block_until+0x50>
20000272:	2100      	movs	r1, #0
20000274:	e8c5 1f8f 	stlb	r1, [r5]
20000278:	f38c 8810 	msr	PRIMASK, ip
2000027c:	f04f 4550 	mov.w	r5, #3489660928	@ 0xd0000000
20000280:	f995 5000 	ldrsb.w	r5, [r5]
20000284:	42a5      	cmp	r5, r4
20000286:	d101      	bne.n	2000028c <mutex_try_enter_block_until+0x48>
20000288:	4608      	mov	r0, r1
2000028a:	bd30      	pop	{r4, r5, pc}
2000028c:	e8bd 4030 	ldmia.w	sp!, {r4, r5, lr}
20000290:	f7ff bfa2 	b.w	200001d8 <mutex_enter_block_until>
20000294:	f04f 4250 	mov.w	r2, #3489660928	@ 0xd0000000
20000298:	6812      	ldr	r2, [r2, #0]
2000029a:	2300      	movs	r3, #0
2000029c:	7102      	strb	r2, [r0, #4]
2000029e:	e8c5 3f8f 	stlb	r3, [r5]
200002a2:	f38c 8810 	msr	PRIMASK, ip
200002a6:	2001      	movs	r0, #1
200002a8:	bd30      	pop	{r4, r5, pc}
200002aa:	bf00      	nop

200002ac <mutex_enter_timeout_ms>:
200002ac:	b570      	push	{r4, r5, r6, lr}
200002ae:	4605      	mov	r5, r0
200002b0:	460c      	mov	r4, r1
200002b2:	f001 f94d 	bl	20001550 <__time_us_64_veneer>
200002b6:	4602      	mov	r2, r0
200002b8:	460b      	mov	r3, r1
200002ba:	f44f 707a 	mov.w	r0, #1000	@ 0x3e8
200002be:	f04f 3eff 	mov.w	lr, #4294967295
200002c2:	f06f 4c00 	mvn.w	ip, #2147483648	@ 0x80000000
200002c6:	fbe4 2300 	umlal	r2, r3, r4, r0
200002ca:	4596      	cmp	lr, r2
200002cc:	eb7c 0103 	sbcs.w	r1, ip, r3
200002d0:	bf38      	it	cc
200002d2:	4672      	movcc	r2, lr
200002d4:	4628      	mov	r0, r5
200002d6:	e8bd 4070 	ldmia.w	sp!, {r4, r5, r6, lr}
200002da:	bf38      	it	cc
200002dc:	4663      	movcc	r3, ip
200002de:	f7ff bf7b 	b.w	200001d8 <mutex_enter_block_until>
200002e2:	bf00      	nop

200002e4 <mutex_exit>:
200002e4:	6803      	ldr	r3, [r0, #0]
200002e6:	f3ef 8210 	mrs	r2, PRIMASK
200002ea:	b672      	cpsid	i
200002ec:	e8d3 cfcf 	ldaexb	ip, [r3]
200002f0:	2101      	movs	r1, #1
200002f2:	f1bc 0f00 	cmp.w	ip, #0
200002f6:	d1f9      	bne.n	200002ec <mutex_exit+0x8>
200002f8:	e8c3 1f4c 	strexb	ip, r1, [r3]
200002fc:	f1bc 0f00 	cmp.w	ip, #0
20000300:	d1f4      	bne.n	200002ec <mutex_exit+0x8>
20000302:	f3bf 8f5f 	dmb	sy
20000306:	f04f 0cff 	mov.w	ip, #255	@ 0xff
2000030a:	2300      	movs	r3, #0
2000030c:	6801      	ldr	r1, [r0, #0]
2000030e:	f880 c004 	strb.w	ip, [r0, #4]
20000312:	e8c1 3f8f 	stlb	r3, [r1]
20000316:	f382 8810 	msr	PRIMASK, r2
2000031a:	bf40      	sev
2000031c:	4770      	bx	lr
2000031e:	bf00      	nop

20000320 <reset_non_control_endpoints>:
20000320:	2100      	movs	r1, #0
20000322:	b508      	push	{r3, lr}
20000324:	4b13      	ldr	r3, [pc, #76]	@ (20000374 <reset_non_control_endpoints+0x54>)
20000326:	f44f 7270 	mov.w	r2, #960	@ 0x3c0
2000032a:	6099      	str	r1, [r3, #8]
2000032c:	4812      	ldr	r0, [pc, #72]	@ (20000378 <reset_non_control_endpoints+0x58>)
2000032e:	60d9      	str	r1, [r3, #12]
20000330:	6119      	str	r1, [r3, #16]
20000332:	6159      	str	r1, [r3, #20]
20000334:	6199      	str	r1, [r3, #24]
20000336:	61d9      	str	r1, [r3, #28]
20000338:	6219      	str	r1, [r3, #32]
2000033a:	6259      	str	r1, [r3, #36]	@ 0x24
2000033c:	6299      	str	r1, [r3, #40]	@ 0x28
2000033e:	62d9      	str	r1, [r3, #44]	@ 0x2c
20000340:	6319      	str	r1, [r3, #48]	@ 0x30
20000342:	6359      	str	r1, [r3, #52]	@ 0x34
20000344:	6399      	str	r1, [r3, #56]	@ 0x38
20000346:	63d9      	str	r1, [r3, #60]	@ 0x3c
20000348:	6419      	str	r1, [r3, #64]	@ 0x40
2000034a:	6459      	str	r1, [r3, #68]	@ 0x44
2000034c:	6499      	str	r1, [r3, #72]	@ 0x48
2000034e:	64d9      	str	r1, [r3, #76]	@ 0x4c
20000350:	6519      	str	r1, [r3, #80]	@ 0x50
20000352:	6559      	str	r1, [r3, #84]	@ 0x54
20000354:	6599      	str	r1, [r3, #88]	@ 0x58
20000356:	65d9      	str	r1, [r3, #92]	@ 0x5c
20000358:	6619      	str	r1, [r3, #96]	@ 0x60
2000035a:	6659      	str	r1, [r3, #100]	@ 0x64
2000035c:	6699      	str	r1, [r3, #104]	@ 0x68
2000035e:	66d9      	str	r1, [r3, #108]	@ 0x6c
20000360:	6719      	str	r1, [r3, #112]	@ 0x70
20000362:	6759      	str	r1, [r3, #116]	@ 0x74
20000364:	6799      	str	r1, [r3, #120]	@ 0x78
20000366:	67d9      	str	r1, [r3, #124]	@ 0x7c
20000368:	f001 f8ee 	bl	20001548 <__memset_veneer>
2000036c:	4b03      	ldr	r3, [pc, #12]	@ (2000037c <reset_non_control_endpoints+0x5c>)
2000036e:	4a04      	ldr	r2, [pc, #16]	@ (20000380 <reset_non_control_endpoints+0x60>)
20000370:	601a      	str	r2, [r3, #0]
20000372:	bd08      	pop	{r3, pc}
20000374:	50100000 	.word	0x50100000
20000378:	20002564 	.word	0x20002564
2000037c:	20002934 	.word	0x20002934
20000380:	50100180 	.word	0x50100180

20000384 <hw_handle_buff_status>:
20000384:	e92d 4ff0 	stmdb	sp!, {r4, r5, r6, r7, r8, r9, sl, fp, lr}
20000388:	4b1f      	ldr	r3, [pc, #124]	@ (20000408 <hw_handle_buff_status+0x84>)
2000038a:	b085      	sub	sp, #20
2000038c:	f8d3 a058 	ldr.w	sl, [r3, #88]	@ 0x58
20000390:	f1ba 0f00 	cmp.w	sl, #0
20000394:	d022      	beq.n	200003dc <hw_handle_buff_status+0x58>
20000396:	2400      	movs	r4, #0
20000398:	2501      	movs	r5, #1
2000039a:	f44f 69e0 	mov.w	r9, #1792	@ 0x700
2000039e:	f8df 8070 	ldr.w	r8, [pc, #112]	@ 20000410 <hw_handle_buff_status+0x8c>
200003a2:	4f1a      	ldr	r7, [pc, #104]	@ (2000040c <hw_handle_buff_status+0x88>)
200003a4:	e001      	b.n	200003aa <hw_handle_buff_status+0x26>
200003a6:	2c20      	cmp	r4, #32
200003a8:	d018      	beq.n	200003dc <hw_handle_buff_status+0x58>
200003aa:	ea0a 0205 	and.w	r2, sl, r5
200003ae:	1c61      	adds	r1, r4, #1
200003b0:	4623      	mov	r3, r4
200003b2:	46ab      	mov	fp, r5
200003b4:	b2cc      	uxtb	r4, r1
200003b6:	006d      	lsls	r5, r5, #1
200003b8:	2a00      	cmp	r2, #0
200003ba:	d0f4      	beq.n	200003a6 <hw_handle_buff_status+0x22>
200003bc:	f004 0201 	and.w	r2, r4, #1
200003c0:	f003 06fe 	and.w	r6, r3, #254	@ 0xfe
200003c4:	4416      	add	r6, r2
200003c6:	eb07 1646 	add.w	r6, r7, r6, lsl #5
200003ca:	4630      	mov	r0, r6
200003cc:	f8c8 b058 	str.w	fp, [r8, #88]	@ 0x58
200003d0:	f000 fc0a 	bl	20000be8 <hw_endpoint_xfer_continue>
200003d4:	b928      	cbnz	r0, 200003e2 <hw_handle_buff_status+0x5e>
200003d6:	ea3a 0a0b 	bics.w	sl, sl, fp
200003da:	d1e4      	bne.n	200003a6 <hw_handle_buff_status+0x22>
200003dc:	b005      	add	sp, #20
200003de:	e8bd 8ff0 	ldmia.w	sp!, {r4, r5, r6, r7, r8, r9, sl, fp, pc}
200003e2:	2300      	movs	r3, #0
200003e4:	f88d 3009 	strb.w	r3, [sp, #9]
200003e8:	78b3      	ldrb	r3, [r6, #2]
200003ea:	a801      	add	r0, sp, #4
200003ec:	f88d 3008 	strb.w	r3, [sp, #8]
200003f0:	8af3      	ldrh	r3, [r6, #22]
200003f2:	2101      	movs	r1, #1
200003f4:	f8ad 9004 	strh.w	r9, [sp, #4]
200003f8:	9303      	str	r3, [sp, #12]
200003fa:	f000 fc13 	bl	20000c24 <dcd_event_handler>
200003fe:	4630      	mov	r0, r6
20000400:	f000 fb98 	bl	20000b34 <hw_endpoint_reset_transfer>
20000404:	e7e7      	b.n	200003d6 <hw_handle_buff_status+0x52>
20000406:	bf00      	nop
20000408:	50110000 	.word	0x50110000
2000040c:	20002524 	.word	0x20002524
20000410:	50113000 	.word	0x50113000

20000414 <dcd_rp2040_irq>:
20000414:	b5f0      	push	{r4, r5, r6, r7, lr}
20000416:	4bbb      	ldr	r3, [pc, #748]	@ (20000704 <dcd_rp2040_irq+0x2f0>)
20000418:	b085      	sub	sp, #20
2000041a:	f8d3 5098 	ldr.w	r5, [r3, #152]	@ 0x98
2000041e:	f415 3600 	ands.w	r6, r5, #131072	@ 0x20000
20000422:	d074      	beq.n	2000050e <dcd_rp2040_irq+0xfa>
20000424:	4bb8      	ldr	r3, [pc, #736]	@ (20000708 <dcd_rp2040_irq+0x2f4>)
20000426:	4cb9      	ldr	r4, [pc, #740]	@ (2000070c <dcd_rp2040_irq+0x2f8>)
20000428:	6a99      	ldr	r1, [r3, #40]	@ 0x28
2000042a:	f894 303b 	ldrb.w	r3, [r4, #59]	@ 0x3b
2000042e:	4ab8      	ldr	r2, [pc, #736]	@ (20000710 <dcd_rp2040_irq+0x2fc>)
20000430:	2b02      	cmp	r3, #2
20000432:	6011      	str	r1, [r2, #0]
20000434:	f000 80d4 	beq.w	200005e0 <dcd_rp2040_irq+0x1cc>
20000438:	2600      	movs	r6, #0
2000043a:	f894 307b 	ldrb.w	r3, [r4, #123]	@ 0x7b
2000043e:	2b02      	cmp	r3, #2
20000440:	f000 813b 	beq.w	200006ba <dcd_rp2040_irq+0x2a6>
20000444:	f894 30bb 	ldrb.w	r3, [r4, #187]	@ 0xbb
20000448:	2b02      	cmp	r3, #2
2000044a:	f000 817d 	beq.w	20000748 <dcd_rp2040_irq+0x334>
2000044e:	f894 30fb 	ldrb.w	r3, [r4, #251]	@ 0xfb
20000452:	2b02      	cmp	r3, #2
20000454:	f000 816c 	beq.w	20000730 <dcd_rp2040_irq+0x31c>
20000458:	f894 313b 	ldrb.w	r3, [r4, #315]	@ 0x13b
2000045c:	2b02      	cmp	r3, #2
2000045e:	f000 8144 	beq.w	200006ea <dcd_rp2040_irq+0x2d6>
20000462:	f894 317b 	ldrb.w	r3, [r4, #379]	@ 0x17b
20000466:	2b02      	cmp	r3, #2
20000468:	f000 8133 	beq.w	200006d2 <dcd_rp2040_irq+0x2be>
2000046c:	f894 31bb 	ldrb.w	r3, [r4, #443]	@ 0x1bb
20000470:	2b02      	cmp	r3, #2
20000472:	f000 81b6 	beq.w	200007e2 <dcd_rp2040_irq+0x3ce>
20000476:	f894 31fb 	ldrb.w	r3, [r4, #507]	@ 0x1fb
2000047a:	2b02      	cmp	r3, #2
2000047c:	f000 81a6 	beq.w	200007cc <dcd_rp2040_irq+0x3b8>
20000480:	f894 323b 	ldrb.w	r3, [r4, #571]	@ 0x23b
20000484:	2b02      	cmp	r3, #2
20000486:	f000 8196 	beq.w	200007b6 <dcd_rp2040_irq+0x3a2>
2000048a:	f894 327b 	ldrb.w	r3, [r4, #635]	@ 0x27b
2000048e:	2b02      	cmp	r3, #2
20000490:	f000 8186 	beq.w	200007a0 <dcd_rp2040_irq+0x38c>
20000494:	f894 32bb 	ldrb.w	r3, [r4, #699]	@ 0x2bb
20000498:	2b02      	cmp	r3, #2
2000049a:	f000 8176 	beq.w	2000078a <dcd_rp2040_irq+0x376>
2000049e:	f894 32fb 	ldrb.w	r3, [r4, #763]	@ 0x2fb
200004a2:	2b02      	cmp	r3, #2
200004a4:	f000 8166 	beq.w	20000774 <dcd_rp2040_irq+0x360>
200004a8:	f894 333b 	ldrb.w	r3, [r4, #827]	@ 0x33b
200004ac:	2b02      	cmp	r3, #2
200004ae:	f000 8156 	beq.w	2000075e <dcd_rp2040_irq+0x34a>
200004b2:	f894 337b 	ldrb.w	r3, [r4, #891]	@ 0x37b
200004b6:	2b02      	cmp	r3, #2
200004b8:	f000 80a4 	beq.w	20000604 <dcd_rp2040_irq+0x1f0>
200004bc:	f894 33bb 	ldrb.w	r3, [r4, #955]	@ 0x3bb
200004c0:	2b02      	cmp	r3, #2
200004c2:	f000 8199 	beq.w	200007f8 <dcd_rp2040_irq+0x3e4>
200004c6:	f894 33fb 	ldrb.w	r3, [r4, #1019]	@ 0x3fb
200004ca:	2b02      	cmp	r3, #2
200004cc:	f000 80b4 	beq.w	20000638 <dcd_rp2040_irq+0x224>
200004d0:	b93e      	cbnz	r6, 200004e2 <dcd_rp2040_irq+0xce>
200004d2:	4b90      	ldr	r3, [pc, #576]	@ (20000714 <dcd_rp2040_irq+0x300>)
200004d4:	781b      	ldrb	r3, [r3, #0]
200004d6:	b923      	cbnz	r3, 200004e2 <dcd_rp2040_irq+0xce>
200004d8:	f44f 3200 	mov.w	r2, #131072	@ 0x20000
200004dc:	4b8e      	ldr	r3, [pc, #568]	@ (20000718 <dcd_rp2040_irq+0x304>)
200004de:	f8c3 2090 	str.w	r2, [r3, #144]	@ 0x90
200004e2:	f44f 7240 	mov.w	r2, #768	@ 0x300
200004e6:	4b87      	ldr	r3, [pc, #540]	@ (20000704 <dcd_rp2040_irq+0x2f0>)
200004e8:	2101      	movs	r1, #1
200004ea:	6c9b      	ldr	r3, [r3, #72]	@ 0x48
200004ec:	a801      	add	r0, sp, #4
200004ee:	f3c3 030a 	ubfx	r3, r3, #0, #11
200004f2:	f8ad 2004 	strh.w	r2, [sp, #4]
200004f6:	9302      	str	r3, [sp, #8]
200004f8:	f000 fb94 	bl	20000c24 <dcd_event_handler>
200004fc:	06ea      	lsls	r2, r5, #27
200004fe:	f44f 3600 	mov.w	r6, #131072	@ 0x20000
20000502:	4c86      	ldr	r4, [pc, #536]	@ (2000071c <dcd_rp2040_irq+0x308>)
20000504:	d507      	bpl.n	20000516 <dcd_rp2040_irq+0x102>
20000506:	f7ff ff3d 	bl	20000384 <hw_handle_buff_status>
2000050a:	4626      	mov	r6, r4
2000050c:	e003      	b.n	20000516 <dcd_rp2040_irq+0x102>
2000050e:	06ea      	lsls	r2, r5, #27
20000510:	f04f 0410 	mov.w	r4, #16
20000514:	d4f7      	bmi.n	20000506 <dcd_rp2040_irq+0xf2>
20000516:	03eb      	lsls	r3, r5, #15
20000518:	d522      	bpl.n	20000560 <dcd_rp2040_irq+0x14c>
2000051a:	4c7c      	ldr	r4, [pc, #496]	@ (2000070c <dcd_rp2040_irq+0x2f8>)
2000051c:	f446 3680 	orr.w	r6, r6, #65536	@ 0x10000
20000520:	7ea3      	ldrb	r3, [r4, #26]
20000522:	2b00      	cmp	r3, #0
20000524:	f040 8099 	bne.w	2000065a <dcd_rp2040_irq+0x246>
20000528:	2301      	movs	r3, #1
2000052a:	f894 203a 	ldrb.w	r2, [r4, #58]	@ 0x3a
2000052e:	70e3      	strb	r3, [r4, #3]
20000530:	2a00      	cmp	r2, #0
20000532:	f040 80ad 	bne.w	20000690 <dcd_rp2040_irq+0x27c>
20000536:	2301      	movs	r3, #1
20000538:	f44f 61c0 	mov.w	r1, #1536	@ 0x600
2000053c:	4a78      	ldr	r2, [pc, #480]	@ (20000720 <dcd_rp2040_irq+0x30c>)
2000053e:	f884 3023 	strb.w	r3, [r4, #35]	@ 0x23
20000542:	f8ad 1004 	strh.w	r1, [sp, #4]
20000546:	e892 0003 	ldmia.w	r2, {r0, r1}
2000054a:	aa04      	add	r2, sp, #16
2000054c:	e902 0003 	stmdb	r2, {r0, r1}
20000550:	4619      	mov	r1, r3
20000552:	a801      	add	r0, sp, #4
20000554:	f000 fb66 	bl	20000c24 <dcd_event_handler>
20000558:	f44f 3200 	mov.w	r2, #131072	@ 0x20000
2000055c:	4b6e      	ldr	r3, [pc, #440]	@ (20000718 <dcd_rp2040_irq+0x304>)
2000055e:	651a      	str	r2, [r3, #80]	@ 0x50
20000560:	04e9      	lsls	r1, r5, #19
20000562:	d408      	bmi.n	20000576 <dcd_rp2040_irq+0x162>
20000564:	046a      	lsls	r2, r5, #17
20000566:	d41d      	bmi.n	200005a4 <dcd_rp2040_irq+0x190>
20000568:	042b      	lsls	r3, r5, #16
2000056a:	d42a      	bmi.n	200005c2 <dcd_rp2040_irq+0x1ae>
2000056c:	42ae      	cmp	r6, r5
2000056e:	f040 81c5 	bne.w	200008fc <dcd_rp2040_irq+0x4e8>
20000572:	b005      	add	sp, #20
20000574:	bdf0      	pop	{r4, r5, r6, r7, pc}
20000576:	2400      	movs	r4, #0
20000578:	4b62      	ldr	r3, [pc, #392]	@ (20000704 <dcd_rp2040_irq+0x2f0>)
2000057a:	f446 5680 	orr.w	r6, r6, #4096	@ 0x1000
2000057e:	601c      	str	r4, [r3, #0]
20000580:	f7ff fece 	bl	20000320 <reset_non_control_endpoints>
20000584:	f44f 7380 	mov.w	r3, #256	@ 0x100
20000588:	2101      	movs	r1, #1
2000058a:	a801      	add	r0, sp, #4
2000058c:	f8ad 3004 	strh.w	r3, [sp, #4]
20000590:	f88d 4008 	strb.w	r4, [sp, #8]
20000594:	f000 fb46 	bl	20000c24 <dcd_event_handler>
20000598:	f44f 2200 	mov.w	r2, #524288	@ 0x80000
2000059c:	4b5e      	ldr	r3, [pc, #376]	@ (20000718 <dcd_rp2040_irq+0x304>)
2000059e:	651a      	str	r2, [r3, #80]	@ 0x50
200005a0:	046a      	lsls	r2, r5, #17
200005a2:	d5e1      	bpl.n	20000568 <dcd_rp2040_irq+0x154>
200005a4:	f44f 6380 	mov.w	r3, #1024	@ 0x400
200005a8:	2101      	movs	r1, #1
200005aa:	a801      	add	r0, sp, #4
200005ac:	f8ad 3004 	strh.w	r3, [sp, #4]
200005b0:	f000 fb38 	bl	20000c24 <dcd_event_handler>
200005b4:	2210      	movs	r2, #16
200005b6:	4b58      	ldr	r3, [pc, #352]	@ (20000718 <dcd_rp2040_irq+0x304>)
200005b8:	f446 4680 	orr.w	r6, r6, #16384	@ 0x4000
200005bc:	651a      	str	r2, [r3, #80]	@ 0x50
200005be:	042b      	lsls	r3, r5, #16
200005c0:	d5d4      	bpl.n	2000056c <dcd_rp2040_irq+0x158>
200005c2:	f44f 63a0 	mov.w	r3, #1280	@ 0x500
200005c6:	2101      	movs	r1, #1
200005c8:	a801      	add	r0, sp, #4
200005ca:	f8ad 3004 	strh.w	r3, [sp, #4]
200005ce:	f000 fb29 	bl	20000c24 <dcd_event_handler>
200005d2:	f44f 6200 	mov.w	r2, #2048	@ 0x800
200005d6:	4b50      	ldr	r3, [pc, #320]	@ (20000718 <dcd_rp2040_irq+0x304>)
200005d8:	f446 4600 	orr.w	r6, r6, #32768	@ 0x8000
200005dc:	651a      	str	r2, [r3, #80]	@ 0x50
200005de:	e7c5      	b.n	2000056c <dcd_rp2040_irq+0x158>
200005e0:	f894 603a 	ldrb.w	r6, [r4, #58]	@ 0x3a
200005e4:	2e00      	cmp	r6, #0
200005e6:	f43f af28 	beq.w	2000043a <dcd_rp2040_irq+0x26>
200005ea:	f894 303c 	ldrb.w	r3, [r4, #60]	@ 0x3c
200005ee:	2b00      	cmp	r3, #0
200005f0:	f43f af23 	beq.w	2000043a <dcd_rp2040_irq+0x26>
200005f4:	2300      	movs	r3, #0
200005f6:	f104 0020 	add.w	r0, r4, #32
200005fa:	f884 303c 	strb.w	r3, [r4, #60]	@ 0x3c
200005fe:	f000 fac1 	bl	20000b84 <hw_endpoint_start_next_buffer>
20000602:	e71a      	b.n	2000043a <dcd_rp2040_irq+0x26>
20000604:	f894 737a 	ldrb.w	r7, [r4, #890]	@ 0x37a
20000608:	2f00      	cmp	r7, #0
2000060a:	f43f af57 	beq.w	200004bc <dcd_rp2040_irq+0xa8>
2000060e:	f894 337c 	ldrb.w	r3, [r4, #892]	@ 0x37c
20000612:	2b00      	cmp	r3, #0
20000614:	f040 8164 	bne.w	200008e0 <dcd_rp2040_irq+0x4cc>
20000618:	f894 33bb 	ldrb.w	r3, [r4, #955]	@ 0x3bb
2000061c:	2b02      	cmp	r3, #2
2000061e:	f040 80f4 	bne.w	2000080a <dcd_rp2040_irq+0x3f6>
20000622:	f894 33ba 	ldrb.w	r3, [r4, #954]	@ 0x3ba
20000626:	2b00      	cmp	r3, #0
20000628:	f040 80eb 	bne.w	20000802 <dcd_rp2040_irq+0x3ee>
2000062c:	f894 33fb 	ldrb.w	r3, [r4, #1019]	@ 0x3fb
20000630:	2b02      	cmp	r3, #2
20000632:	f47f af56 	bne.w	200004e2 <dcd_rp2040_irq+0xce>
20000636:	463e      	mov	r6, r7
20000638:	f894 33fa 	ldrb.w	r3, [r4, #1018]	@ 0x3fa
2000063c:	2b00      	cmp	r3, #0
2000063e:	f43f af47 	beq.w	200004d0 <dcd_rp2040_irq+0xbc>
20000642:	f894 33fc 	ldrb.w	r3, [r4, #1020]	@ 0x3fc
20000646:	2b00      	cmp	r3, #0
20000648:	f43f af4b 	beq.w	200004e2 <dcd_rp2040_irq+0xce>
2000064c:	2300      	movs	r3, #0
2000064e:	4835      	ldr	r0, [pc, #212]	@ (20000724 <dcd_rp2040_irq+0x310>)
20000650:	f884 33fc 	strb.w	r3, [r4, #1020]	@ 0x3fc
20000654:	f000 fa96 	bl	20000b84 <hw_endpoint_start_next_buffer>
20000658:	e743      	b.n	200004e2 <dcd_rp2040_irq+0xce>
2000065a:	2102      	movs	r1, #2
2000065c:	4b32      	ldr	r3, [pc, #200]	@ (20000728 <dcd_rp2040_irq+0x314>)
2000065e:	4a29      	ldr	r2, [pc, #164]	@ (20000704 <dcd_rp2040_irq+0x2f0>)
20000660:	6619      	str	r1, [r3, #96]	@ 0x60
20000662:	6e53      	ldr	r3, [r2, #100]	@ 0x64
20000664:	079f      	lsls	r7, r3, #30
20000666:	d5fc      	bpl.n	20000662 <dcd_rp2040_irq+0x24e>
20000668:	f44f 5240 	mov.w	r2, #12288	@ 0x3000
2000066c:	2100      	movs	r1, #0
2000066e:	4827      	ldr	r0, [pc, #156]	@ (2000070c <dcd_rp2040_irq+0x2f8>)
20000670:	f000 fa66 	bl	20000b40 <_hw_endpoint_buffer_control_update32>
20000674:	4825      	ldr	r0, [pc, #148]	@ (2000070c <dcd_rp2040_irq+0x2f8>)
20000676:	f000 fa5d 	bl	20000b34 <hw_endpoint_reset_transfer>
2000067a:	2202      	movs	r2, #2
2000067c:	4b26      	ldr	r3, [pc, #152]	@ (20000718 <dcd_rp2040_irq+0x304>)
2000067e:	665a      	str	r2, [r3, #100]	@ 0x64
20000680:	661a      	str	r2, [r3, #96]	@ 0x60
20000682:	2301      	movs	r3, #1
20000684:	f894 203a 	ldrb.w	r2, [r4, #58]	@ 0x3a
20000688:	70e3      	strb	r3, [r4, #3]
2000068a:	2a00      	cmp	r2, #0
2000068c:	f43f af53 	beq.w	20000536 <dcd_rp2040_irq+0x122>
20000690:	4a25      	ldr	r2, [pc, #148]	@ (20000728 <dcd_rp2040_irq+0x314>)
20000692:	6613      	str	r3, [r2, #96]	@ 0x60
20000694:	f5a2 5200 	sub.w	r2, r2, #8192	@ 0x2000
20000698:	6e53      	ldr	r3, [r2, #100]	@ 0x64
2000069a:	07d8      	lsls	r0, r3, #31
2000069c:	d5fc      	bpl.n	20000698 <dcd_rp2040_irq+0x284>
2000069e:	f44f 5240 	mov.w	r2, #12288	@ 0x3000
200006a2:	2100      	movs	r1, #0
200006a4:	4821      	ldr	r0, [pc, #132]	@ (2000072c <dcd_rp2040_irq+0x318>)
200006a6:	f000 fa4b 	bl	20000b40 <_hw_endpoint_buffer_control_update32>
200006aa:	4820      	ldr	r0, [pc, #128]	@ (2000072c <dcd_rp2040_irq+0x318>)
200006ac:	f000 fa42 	bl	20000b34 <hw_endpoint_reset_transfer>
200006b0:	2201      	movs	r2, #1
200006b2:	4b19      	ldr	r3, [pc, #100]	@ (20000718 <dcd_rp2040_irq+0x304>)
200006b4:	665a      	str	r2, [r3, #100]	@ 0x64
200006b6:	661a      	str	r2, [r3, #96]	@ 0x60
200006b8:	e73d      	b.n	20000536 <dcd_rp2040_irq+0x122>
200006ba:	f894 707a 	ldrb.w	r7, [r4, #122]	@ 0x7a
200006be:	2f00      	cmp	r7, #0
200006c0:	f43f aec0 	beq.w	20000444 <dcd_rp2040_irq+0x30>
200006c4:	f894 307c 	ldrb.w	r3, [r4, #124]	@ 0x7c
200006c8:	2b00      	cmp	r3, #0
200006ca:	f040 8101 	bne.w	200008d0 <dcd_rp2040_irq+0x4bc>
200006ce:	463e      	mov	r6, r7
200006d0:	e6b8      	b.n	20000444 <dcd_rp2040_irq+0x30>
200006d2:	f894 717a 	ldrb.w	r7, [r4, #378]	@ 0x17a
200006d6:	2f00      	cmp	r7, #0
200006d8:	f43f aec8 	beq.w	2000046c <dcd_rp2040_irq+0x58>
200006dc:	f894 317c 	ldrb.w	r3, [r4, #380]	@ 0x17c
200006e0:	2b00      	cmp	r3, #0
200006e2:	f040 80ed 	bne.w	200008c0 <dcd_rp2040_irq+0x4ac>
200006e6:	463e      	mov	r6, r7
200006e8:	e6c0      	b.n	2000046c <dcd_rp2040_irq+0x58>
200006ea:	f894 713a 	ldrb.w	r7, [r4, #314]	@ 0x13a
200006ee:	2f00      	cmp	r7, #0
200006f0:	f43f aeb7 	beq.w	20000462 <dcd_rp2040_irq+0x4e>
200006f4:	f894 313c 	ldrb.w	r3, [r4, #316]	@ 0x13c
200006f8:	2b00      	cmp	r3, #0
200006fa:	f040 80d9 	bne.w	200008b0 <dcd_rp2040_irq+0x49c>
200006fe:	463e      	mov	r6, r7
20000700:	e6af      	b.n	20000462 <dcd_rp2040_irq+0x4e>
20000702:	bf00      	nop
20000704:	50110000 	.word	0x50110000
20000708:	400b0000 	.word	0x400b0000
2000070c:	20002524 	.word	0x20002524
20000710:	20002514 	.word	0x20002514
20000714:	20002bb1 	.word	0x20002bb1
20000718:	50113000 	.word	0x50113000
2000071c:	00020010 	.word	0x00020010
20000720:	50100000 	.word	0x50100000
20000724:	20002904 	.word	0x20002904
20000728:	50112000 	.word	0x50112000
2000072c:	20002544 	.word	0x20002544
20000730:	f894 70fa 	ldrb.w	r7, [r4, #250]	@ 0xfa
20000734:	2f00      	cmp	r7, #0
20000736:	f43f ae8f 	beq.w	20000458 <dcd_rp2040_irq+0x44>
2000073a:	f894 30fc 	ldrb.w	r3, [r4, #252]	@ 0xfc
2000073e:	2b00      	cmp	r3, #0
20000740:	f040 808e 	bne.w	20000860 <dcd_rp2040_irq+0x44c>
20000744:	463e      	mov	r6, r7
20000746:	e687      	b.n	20000458 <dcd_rp2040_irq+0x44>
20000748:	f894 70ba 	ldrb.w	r7, [r4, #186]	@ 0xba
2000074c:	2f00      	cmp	r7, #0
2000074e:	f43f ae7e 	beq.w	2000044e <dcd_rp2040_irq+0x3a>
20000752:	f894 30bc 	ldrb.w	r3, [r4, #188]	@ 0xbc
20000756:	2b00      	cmp	r3, #0
20000758:	d17a      	bne.n	20000850 <dcd_rp2040_irq+0x43c>
2000075a:	463e      	mov	r6, r7
2000075c:	e677      	b.n	2000044e <dcd_rp2040_irq+0x3a>
2000075e:	f894 733a 	ldrb.w	r7, [r4, #826]	@ 0x33a
20000762:	2f00      	cmp	r7, #0
20000764:	f43f aea5 	beq.w	200004b2 <dcd_rp2040_irq+0x9e>
20000768:	f894 333c 	ldrb.w	r3, [r4, #828]	@ 0x33c
2000076c:	2b00      	cmp	r3, #0
2000076e:	d157      	bne.n	20000820 <dcd_rp2040_irq+0x40c>
20000770:	463e      	mov	r6, r7
20000772:	e69e      	b.n	200004b2 <dcd_rp2040_irq+0x9e>
20000774:	f894 72fa 	ldrb.w	r7, [r4, #762]	@ 0x2fa
20000778:	2f00      	cmp	r7, #0
2000077a:	f43f ae95 	beq.w	200004a8 <dcd_rp2040_irq+0x94>
2000077e:	f894 32fc 	ldrb.w	r3, [r4, #764]	@ 0x2fc
20000782:	2b00      	cmp	r3, #0
20000784:	d15c      	bne.n	20000840 <dcd_rp2040_irq+0x42c>
20000786:	463e      	mov	r6, r7
20000788:	e68e      	b.n	200004a8 <dcd_rp2040_irq+0x94>
2000078a:	f894 72ba 	ldrb.w	r7, [r4, #698]	@ 0x2ba
2000078e:	2f00      	cmp	r7, #0
20000790:	f43f ae85 	beq.w	2000049e <dcd_rp2040_irq+0x8a>
20000794:	f894 32bc 	ldrb.w	r3, [r4, #700]	@ 0x2bc
20000798:	2b00      	cmp	r3, #0
2000079a:	d149      	bne.n	20000830 <dcd_rp2040_irq+0x41c>
2000079c:	463e      	mov	r6, r7
2000079e:	e67e      	b.n	2000049e <dcd_rp2040_irq+0x8a>
200007a0:	f894 727a 	ldrb.w	r7, [r4, #634]	@ 0x27a
200007a4:	2f00      	cmp	r7, #0
200007a6:	f43f ae75 	beq.w	20000494 <dcd_rp2040_irq+0x80>
200007aa:	f894 327c 	ldrb.w	r3, [r4, #636]	@ 0x27c
200007ae:	2b00      	cmp	r3, #0
200007b0:	d176      	bne.n	200008a0 <dcd_rp2040_irq+0x48c>
200007b2:	463e      	mov	r6, r7
200007b4:	e66e      	b.n	20000494 <dcd_rp2040_irq+0x80>
200007b6:	f894 723a 	ldrb.w	r7, [r4, #570]	@ 0x23a
200007ba:	2f00      	cmp	r7, #0
200007bc:	f43f ae65 	beq.w	2000048a <dcd_rp2040_irq+0x76>
200007c0:	f894 323c 	ldrb.w	r3, [r4, #572]	@ 0x23c
200007c4:	2b00      	cmp	r3, #0
200007c6:	d163      	bne.n	20000890 <dcd_rp2040_irq+0x47c>
200007c8:	463e      	mov	r6, r7
200007ca:	e65e      	b.n	2000048a <dcd_rp2040_irq+0x76>
200007cc:	f894 71fa 	ldrb.w	r7, [r4, #506]	@ 0x1fa
200007d0:	2f00      	cmp	r7, #0
200007d2:	f43f ae55 	beq.w	20000480 <dcd_rp2040_irq+0x6c>
200007d6:	f894 31fc 	ldrb.w	r3, [r4, #508]	@ 0x1fc
200007da:	2b00      	cmp	r3, #0
200007dc:	d150      	bne.n	20000880 <dcd_rp2040_irq+0x46c>
200007de:	463e      	mov	r6, r7
200007e0:	e64e      	b.n	20000480 <dcd_rp2040_irq+0x6c>
200007e2:	f894 71ba 	ldrb.w	r7, [r4, #442]	@ 0x1ba
200007e6:	2f00      	cmp	r7, #0
200007e8:	f43f ae45 	beq.w	20000476 <dcd_rp2040_irq+0x62>
200007ec:	f894 31bc 	ldrb.w	r3, [r4, #444]	@ 0x1bc
200007f0:	2b00      	cmp	r3, #0
200007f2:	d13d      	bne.n	20000870 <dcd_rp2040_irq+0x45c>
200007f4:	463e      	mov	r6, r7
200007f6:	e63e      	b.n	20000476 <dcd_rp2040_irq+0x62>
200007f8:	f894 33ba 	ldrb.w	r3, [r4, #954]	@ 0x3ba
200007fc:	2b00      	cmp	r3, #0
200007fe:	f43f ae62 	beq.w	200004c6 <dcd_rp2040_irq+0xb2>
20000802:	f894 33bc 	ldrb.w	r3, [r4, #956]	@ 0x3bc
20000806:	2b00      	cmp	r3, #0
20000808:	d171      	bne.n	200008ee <dcd_rp2040_irq+0x4da>
2000080a:	f894 33fb 	ldrb.w	r3, [r4, #1019]	@ 0x3fb
2000080e:	2b02      	cmp	r3, #2
20000810:	f47f ae67 	bne.w	200004e2 <dcd_rp2040_irq+0xce>
20000814:	f894 33fa 	ldrb.w	r3, [r4, #1018]	@ 0x3fa
20000818:	2b00      	cmp	r3, #0
2000081a:	f43f ae62 	beq.w	200004e2 <dcd_rp2040_irq+0xce>
2000081e:	e710      	b.n	20000642 <dcd_rp2040_irq+0x22e>
20000820:	2300      	movs	r3, #0
20000822:	4839      	ldr	r0, [pc, #228]	@ (20000908 <dcd_rp2040_irq+0x4f4>)
20000824:	f884 333c 	strb.w	r3, [r4, #828]	@ 0x33c
20000828:	463e      	mov	r6, r7
2000082a:	f000 f9ab 	bl	20000b84 <hw_endpoint_start_next_buffer>
2000082e:	e640      	b.n	200004b2 <dcd_rp2040_irq+0x9e>
20000830:	2300      	movs	r3, #0
20000832:	4836      	ldr	r0, [pc, #216]	@ (2000090c <dcd_rp2040_irq+0x4f8>)
20000834:	f884 32bc 	strb.w	r3, [r4, #700]	@ 0x2bc
20000838:	463e      	mov	r6, r7
2000083a:	f000 f9a3 	bl	20000b84 <hw_endpoint_start_next_buffer>
2000083e:	e62e      	b.n	2000049e <dcd_rp2040_irq+0x8a>
20000840:	2300      	movs	r3, #0
20000842:	4833      	ldr	r0, [pc, #204]	@ (20000910 <dcd_rp2040_irq+0x4fc>)
20000844:	f884 32fc 	strb.w	r3, [r4, #764]	@ 0x2fc
20000848:	463e      	mov	r6, r7
2000084a:	f000 f99b 	bl	20000b84 <hw_endpoint_start_next_buffer>
2000084e:	e62b      	b.n	200004a8 <dcd_rp2040_irq+0x94>
20000850:	2300      	movs	r3, #0
20000852:	4830      	ldr	r0, [pc, #192]	@ (20000914 <dcd_rp2040_irq+0x500>)
20000854:	f884 30bc 	strb.w	r3, [r4, #188]	@ 0xbc
20000858:	463e      	mov	r6, r7
2000085a:	f000 f993 	bl	20000b84 <hw_endpoint_start_next_buffer>
2000085e:	e5f6      	b.n	2000044e <dcd_rp2040_irq+0x3a>
20000860:	2300      	movs	r3, #0
20000862:	482d      	ldr	r0, [pc, #180]	@ (20000918 <dcd_rp2040_irq+0x504>)
20000864:	f884 30fc 	strb.w	r3, [r4, #252]	@ 0xfc
20000868:	463e      	mov	r6, r7
2000086a:	f000 f98b 	bl	20000b84 <hw_endpoint_start_next_buffer>
2000086e:	e5f3      	b.n	20000458 <dcd_rp2040_irq+0x44>
20000870:	2300      	movs	r3, #0
20000872:	482a      	ldr	r0, [pc, #168]	@ (2000091c <dcd_rp2040_irq+0x508>)
20000874:	f884 31bc 	strb.w	r3, [r4, #444]	@ 0x1bc
20000878:	463e      	mov	r6, r7
2000087a:	f000 f983 	bl	20000b84 <hw_endpoint_start_next_buffer>
2000087e:	e5fa      	b.n	20000476 <dcd_rp2040_irq+0x62>
20000880:	2300      	movs	r3, #0
20000882:	4827      	ldr	r0, [pc, #156]	@ (20000920 <dcd_rp2040_irq+0x50c>)
20000884:	f884 31fc 	strb.w	r3, [r4, #508]	@ 0x1fc
20000888:	463e      	mov	r6, r7
2000088a:	f000 f97b 	bl	20000b84 <hw_endpoint_start_next_buffer>
2000088e:	e5f7      	b.n	20000480 <dcd_rp2040_irq+0x6c>
20000890:	2300      	movs	r3, #0
20000892:	4824      	ldr	r0, [pc, #144]	@ (20000924 <dcd_rp2040_irq+0x510>)
20000894:	f884 323c 	strb.w	r3, [r4, #572]	@ 0x23c
20000898:	463e      	mov	r6, r7
2000089a:	f000 f973 	bl	20000b84 <hw_endpoint_start_next_buffer>
2000089e:	e5f4      	b.n	2000048a <dcd_rp2040_irq+0x76>
200008a0:	2300      	movs	r3, #0
200008a2:	4821      	ldr	r0, [pc, #132]	@ (20000928 <dcd_rp2040_irq+0x514>)
200008a4:	f884 327c 	strb.w	r3, [r4, #636]	@ 0x27c
200008a8:	463e      	mov	r6, r7
200008aa:	f000 f96b 	bl	20000b84 <hw_endpoint_start_next_buffer>
200008ae:	e5f1      	b.n	20000494 <dcd_rp2040_irq+0x80>
200008b0:	2300      	movs	r3, #0
200008b2:	481e      	ldr	r0, [pc, #120]	@ (2000092c <dcd_rp2040_irq+0x518>)
200008b4:	f884 313c 	strb.w	r3, [r4, #316]	@ 0x13c
200008b8:	463e      	mov	r6, r7
200008ba:	f000 f963 	bl	20000b84 <hw_endpoint_start_next_buffer>
200008be:	e5d0      	b.n	20000462 <dcd_rp2040_irq+0x4e>
200008c0:	2300      	movs	r3, #0
200008c2:	481b      	ldr	r0, [pc, #108]	@ (20000930 <dcd_rp2040_irq+0x51c>)
200008c4:	f884 317c 	strb.w	r3, [r4, #380]	@ 0x17c
200008c8:	463e      	mov	r6, r7
200008ca:	f000 f95b 	bl	20000b84 <hw_endpoint_start_next_buffer>
200008ce:	e5cd      	b.n	2000046c <dcd_rp2040_irq+0x58>
200008d0:	2300      	movs	r3, #0
200008d2:	4818      	ldr	r0, [pc, #96]	@ (20000934 <dcd_rp2040_irq+0x520>)
200008d4:	f884 307c 	strb.w	r3, [r4, #124]	@ 0x7c
200008d8:	463e      	mov	r6, r7
200008da:	f000 f953 	bl	20000b84 <hw_endpoint_start_next_buffer>
200008de:	e5b1      	b.n	20000444 <dcd_rp2040_irq+0x30>
200008e0:	2300      	movs	r3, #0
200008e2:	4815      	ldr	r0, [pc, #84]	@ (20000938 <dcd_rp2040_irq+0x524>)
200008e4:	f884 337c 	strb.w	r3, [r4, #892]	@ 0x37c
200008e8:	f000 f94c 	bl	20000b84 <hw_endpoint_start_next_buffer>
200008ec:	e694      	b.n	20000618 <dcd_rp2040_irq+0x204>
200008ee:	2300      	movs	r3, #0
200008f0:	4812      	ldr	r0, [pc, #72]	@ (2000093c <dcd_rp2040_irq+0x528>)
200008f2:	f884 33bc 	strb.w	r3, [r4, #956]	@ 0x3bc
200008f6:	f000 f945 	bl	20000b84 <hw_endpoint_start_next_buffer>
200008fa:	e786      	b.n	2000080a <dcd_rp2040_irq+0x3f6>
200008fc:	4810      	ldr	r0, [pc, #64]	@ (20000940 <dcd_rp2040_irq+0x52c>)
200008fe:	ea86 0105 	eor.w	r1, r6, r5
20000902:	f000 fe2d 	bl	20001560 <__panic_veneer>
20000906:	bf00      	nop
20000908:	20002844 	.word	0x20002844
2000090c:	200027c4 	.word	0x200027c4
20000910:	20002804 	.word	0x20002804
20000914:	200025c4 	.word	0x200025c4
20000918:	20002604 	.word	0x20002604
2000091c:	200026c4 	.word	0x200026c4
20000920:	20002704 	.word	0x20002704
20000924:	20002744 	.word	0x20002744
20000928:	20002784 	.word	0x20002784
2000092c:	20002644 	.word	0x20002644
20000930:	20002684 	.word	0x20002684
20000934:	20002584 	.word	0x20002584
20000938:	20002884 	.word	0x20002884
2000093c:	200028c4 	.word	0x200028c4
20000940:	100092fc 	.word	0x100092fc

20000944 <prepare_ep_buffer>:
20000944:	e92d 47f0 	stmdb	sp!, {r4, r5, r6, r7, r8, r9, sl, lr}
20000948:	8a84      	ldrh	r4, [r0, #20]
2000094a:	8b05      	ldrh	r5, [r0, #24]
2000094c:	78c2      	ldrb	r2, [r0, #3]
2000094e:	42a5      	cmp	r5, r4
20000950:	bf28      	it	cs
20000952:	4625      	movcs	r5, r4
20000954:	1e17      	subs	r7, r2, #0
20000956:	bf18      	it	ne
20000958:	2701      	movne	r7, #1
2000095a:	1b64      	subs	r4, r4, r5
2000095c:	7846      	ldrb	r6, [r0, #1]
2000095e:	f082 0201 	eor.w	r2, r2, #1
20000962:	b2a4      	uxth	r4, r4
20000964:	4603      	mov	r3, r0
20000966:	70c2      	strb	r2, [r0, #3]
20000968:	8284      	strh	r4, [r0, #20]
2000096a:	f445 6080 	orr.w	r0, r5, #1024	@ 0x400
2000096e:	ea40 3047 	orr.w	r0, r0, r7, lsl #13
20000972:	bba6      	cbnz	r6, 200009de <prepare_ep_buffer+0x9a>
20000974:	e9d3 2603 	ldrd	r2, r6, [r3, #12]
20000978:	1e6f      	subs	r7, r5, #1
2000097a:	eb02 1e81 	add.w	lr, r2, r1, lsl #6
2000097e:	b355      	cbz	r5, 200009d6 <prepare_ep_buffer+0x92>
20000980:	2f05      	cmp	r7, #5
20000982:	bf98      	it	ls
20000984:	1c72      	addls	r2, r6, #1
20000986:	d931      	bls.n	200009ec <prepare_ep_buffer+0xa8>
20000988:	eb02 1c81 	add.w	ip, r2, r1, lsl #6
2000098c:	1c72      	adds	r2, r6, #1
2000098e:	ebac 0402 	sub.w	r4, ip, r2
20000992:	2c02      	cmp	r4, #2
20000994:	d92a      	bls.n	200009ec <prepare_ep_buffer+0xa8>
20000996:	4632      	mov	r2, r6
20000998:	ea4f 0995 	mov.w	r9, r5, lsr #2
2000099c:	ea4f 0a89 	mov.w	sl, r9, lsl #2
200009a0:	eb06 0889 	add.w	r8, r6, r9, lsl #2
200009a4:	f852 4b04 	ldr.w	r4, [r2], #4
200009a8:	4542      	cmp	r2, r8
200009aa:	f84c 4b04 	str.w	r4, [ip], #4
200009ae:	d1f9      	bne.n	200009a4 <prepare_ep_buffer+0x60>
200009b0:	4555      	cmp	r5, sl
200009b2:	eba7 070a 	sub.w	r7, r7, sl
200009b6:	eb0e 040a 	add.w	r4, lr, sl
200009ba:	d00a      	beq.n	200009d2 <prepare_ep_buffer+0x8e>
200009bc:	f816 6029 	ldrb.w	r6, [r6, r9, lsl #2]
200009c0:	f80e 6029 	strb.w	r6, [lr, r9, lsl #2]
200009c4:	b12f      	cbz	r7, 200009d2 <prepare_ep_buffer+0x8e>
200009c6:	7856      	ldrb	r6, [r2, #1]
200009c8:	2f01      	cmp	r7, #1
200009ca:	7066      	strb	r6, [r4, #1]
200009cc:	d001      	beq.n	200009d2 <prepare_ep_buffer+0x8e>
200009ce:	7892      	ldrb	r2, [r2, #2]
200009d0:	70a2      	strb	r2, [r4, #2]
200009d2:	691e      	ldr	r6, [r3, #16]
200009d4:	8a9c      	ldrh	r4, [r3, #20]
200009d6:	442e      	add	r6, r5
200009d8:	611e      	str	r6, [r3, #16]
200009da:	f440 4000 	orr.w	r0, r0, #32768	@ 0x8000
200009de:	b90c      	cbnz	r4, 200009e4 <prepare_ep_buffer+0xa0>
200009e0:	f440 4080 	orr.w	r0, r0, #16384	@ 0x4000
200009e4:	b101      	cbz	r1, 200009e8 <prepare_ep_buffer+0xa4>
200009e6:	0400      	lsls	r0, r0, #16
200009e8:	e8bd 87f0 	ldmia.w	sp!, {r4, r5, r6, r7, r8, r9, sl, pc}
200009ec:	f10e 3eff 	add.w	lr, lr, #4294967295
200009f0:	442e      	add	r6, r5
200009f2:	e000      	b.n	200009f6 <prepare_ep_buffer+0xb2>
200009f4:	3201      	adds	r2, #1
200009f6:	f812 4c01 	ldrb.w	r4, [r2, #-1]
200009fa:	42b2      	cmp	r2, r6
200009fc:	f80e 4f01 	strb.w	r4, [lr, #1]!
20000a00:	d1f8      	bne.n	200009f4 <prepare_ep_buffer+0xb0>
20000a02:	e7e6      	b.n	200009d2 <prepare_ep_buffer+0x8e>

20000a04 <sync_ep_buffer>:
20000a04:	6883      	ldr	r3, [r0, #8]
20000a06:	4602      	mov	r2, r0
20000a08:	6818      	ldr	r0, [r3, #0]
20000a0a:	b101      	cbz	r1, 20000a0e <sync_ep_buffer+0xa>
20000a0c:	0c00      	lsrs	r0, r0, #16
20000a0e:	7853      	ldrb	r3, [r2, #1]
20000a10:	f3c0 0009 	ubfx	r0, r0, #0, #10
20000a14:	2b00      	cmp	r3, #0
20000a16:	d03c      	beq.n	20000a92 <sync_ep_buffer+0x8e>
20000a18:	e92d 41f0 	stmdb	sp!, {r4, r5, r6, r7, r8, lr}
20000a1c:	e9d2 3403 	ldrd	r3, r4, [r2, #12]
20000a20:	1e46      	subs	r6, r0, #1
20000a22:	eb03 1e81 	add.w	lr, r3, r1, lsl #6
20000a26:	b340      	cbz	r0, 20000a7a <sync_ep_buffer+0x76>
20000a28:	2e05      	cmp	r6, #5
20000a2a:	d93b      	bls.n	20000aa4 <sync_ep_buffer+0xa0>
20000a2c:	0189      	lsls	r1, r1, #6
20000a2e:	1c4d      	adds	r5, r1, #1
20000a30:	441d      	add	r5, r3
20000a32:	1b65      	subs	r5, r4, r5
20000a34:	2d02      	cmp	r5, #2
20000a36:	d935      	bls.n	20000aa4 <sync_ep_buffer+0xa0>
20000a38:	4673      	mov	r3, lr
20000a3a:	4621      	mov	r1, r4
20000a3c:	f400 777f 	and.w	r7, r0, #1020	@ 0x3fc
20000a40:	ea4f 0890 	mov.w	r8, r0, lsr #2
20000a44:	18fd      	adds	r5, r7, r3
20000a46:	f853 cb04 	ldr.w	ip, [r3], #4
20000a4a:	42ab      	cmp	r3, r5
20000a4c:	f841 cb04 	str.w	ip, [r1], #4
20000a50:	d1f9      	bne.n	20000a46 <sync_ep_buffer+0x42>
20000a52:	42b8      	cmp	r0, r7
20000a54:	eba6 0607 	sub.w	r6, r6, r7
20000a58:	eb04 0307 	add.w	r3, r4, r7
20000a5c:	eb0e 0107 	add.w	r1, lr, r7
20000a60:	d00a      	beq.n	20000a78 <sync_ep_buffer+0x74>
20000a62:	f81e 5028 	ldrb.w	r5, [lr, r8, lsl #2]
20000a66:	f804 5028 	strb.w	r5, [r4, r8, lsl #2]
20000a6a:	b12e      	cbz	r6, 20000a78 <sync_ep_buffer+0x74>
20000a6c:	784c      	ldrb	r4, [r1, #1]
20000a6e:	2e01      	cmp	r6, #1
20000a70:	705c      	strb	r4, [r3, #1]
20000a72:	d001      	beq.n	20000a78 <sync_ep_buffer+0x74>
20000a74:	7889      	ldrb	r1, [r1, #2]
20000a76:	7099      	strb	r1, [r3, #2]
20000a78:	6914      	ldr	r4, [r2, #16]
20000a7a:	8ad3      	ldrh	r3, [r2, #22]
20000a7c:	4404      	add	r4, r0
20000a7e:	4403      	add	r3, r0
20000a80:	82d3      	strh	r3, [r2, #22]
20000a82:	8b13      	ldrh	r3, [r2, #24]
20000a84:	6114      	str	r4, [r2, #16]
20000a86:	4283      	cmp	r3, r0
20000a88:	bf84      	itt	hi
20000a8a:	2300      	movhi	r3, #0
20000a8c:	8293      	strhhi	r3, [r2, #20]
20000a8e:	e8bd 81f0 	ldmia.w	sp!, {r4, r5, r6, r7, r8, pc}
20000a92:	8ad3      	ldrh	r3, [r2, #22]
20000a94:	4403      	add	r3, r0
20000a96:	82d3      	strh	r3, [r2, #22]
20000a98:	8b13      	ldrh	r3, [r2, #24]
20000a9a:	4283      	cmp	r3, r0
20000a9c:	bf84      	itt	hi
20000a9e:	2300      	movhi	r3, #0
20000aa0:	8293      	strhhi	r3, [r2, #20]
20000aa2:	4770      	bx	lr
20000aa4:	3c01      	subs	r4, #1
20000aa6:	eb0e 0100 	add.w	r1, lr, r0
20000aaa:	f81e 3b01 	ldrb.w	r3, [lr], #1
20000aae:	4571      	cmp	r1, lr
20000ab0:	f804 3f01 	strb.w	r3, [r4, #1]!
20000ab4:	d1f9      	bne.n	20000aaa <sync_ep_buffer+0xa6>
20000ab6:	e7df      	b.n	20000a78 <sync_ep_buffer+0x74>

20000ab8 <_hw_endpoint_xfer_sync>:
20000ab8:	b510      	push	{r4, lr}
20000aba:	4604      	mov	r4, r0
20000abc:	6883      	ldr	r3, [r0, #8]
20000abe:	2100      	movs	r1, #0
20000ac0:	681b      	ldr	r3, [r3, #0]
20000ac2:	f7ff ff9f 	bl	20000a04 <sync_ep_buffer>
20000ac6:	6863      	ldr	r3, [r4, #4]
20000ac8:	681b      	ldr	r3, [r3, #0]
20000aca:	005b      	lsls	r3, r3, #1
20000acc:	d502      	bpl.n	20000ad4 <_hw_endpoint_xfer_sync+0x1c>
20000ace:	8b23      	ldrh	r3, [r4, #24]
20000ad0:	4283      	cmp	r3, r0
20000ad2:	d000      	beq.n	20000ad6 <_hw_endpoint_xfer_sync+0x1e>
20000ad4:	bd10      	pop	{r4, pc}
20000ad6:	4620      	mov	r0, r4
20000ad8:	e8bd 4010 	ldmia.w	sp!, {r4, lr}
20000adc:	2101      	movs	r1, #1
20000ade:	f7ff bf91 	b.w	20000a04 <sync_ep_buffer>
20000ae2:	bf00      	nop

20000ae4 <e15_is_bulkin_ep>:
20000ae4:	4b08      	ldr	r3, [pc, #32]	@ (20000b08 <e15_is_bulkin_ep+0x24>)
20000ae6:	6c1b      	ldr	r3, [r3, #64]	@ 0x40
20000ae8:	f013 0302 	ands.w	r3, r3, #2
20000aec:	d102      	bne.n	20000af4 <e15_is_bulkin_ep+0x10>
20000aee:	7882      	ldrb	r2, [r0, #2]
20000af0:	09d2      	lsrs	r2, r2, #7
20000af2:	d101      	bne.n	20000af8 <e15_is_bulkin_ep+0x14>
20000af4:	2000      	movs	r0, #0
20000af6:	4770      	bx	lr
20000af8:	7ec0      	ldrb	r0, [r0, #27]
20000afa:	f1a0 0002 	sub.w	r0, r0, #2
20000afe:	fab0 f080 	clz	r0, r0
20000b02:	0940      	lsrs	r0, r0, #5
20000b04:	4770      	bx	lr
20000b06:	bf00      	nop
20000b08:	50110000 	.word	0x50110000

20000b0c <e15_is_critical_frame_period>:
20000b0c:	b508      	push	{r3, lr}
20000b0e:	f7ff ffe9 	bl	20000ae4 <e15_is_bulkin_ep>
20000b12:	b150      	cbz	r0, 20000b2a <e15_is_critical_frame_period+0x1e>
20000b14:	4a05      	ldr	r2, [pc, #20]	@ (20000b2c <e15_is_critical_frame_period+0x20>)
20000b16:	4b06      	ldr	r3, [pc, #24]	@ (20000b30 <e15_is_critical_frame_period+0x24>)
20000b18:	6a90      	ldr	r0, [r2, #40]	@ 0x28
20000b1a:	681b      	ldr	r3, [r3, #0]
20000b1c:	f5a0 7048 	sub.w	r0, r0, #800	@ 0x320
20000b20:	1ac0      	subs	r0, r0, r3
20000b22:	28c6      	cmp	r0, #198	@ 0xc6
20000b24:	bf8c      	ite	hi
20000b26:	2000      	movhi	r0, #0
20000b28:	2001      	movls	r0, #1
20000b2a:	bd08      	pop	{r3, pc}
20000b2c:	400b0000 	.word	0x400b0000
20000b30:	20002514 	.word	0x20002514

20000b34 <hw_endpoint_reset_transfer>:
20000b34:	2300      	movs	r3, #0
20000b36:	e9c0 3304 	strd	r3, r3, [r0, #16]
20000b3a:	7683      	strb	r3, [r0, #26]
20000b3c:	4770      	bx	lr
20000b3e:	bf00      	nop

20000b40 <_hw_endpoint_buffer_control_update32>:
20000b40:	b510      	push	{r4, lr}
20000b42:	6883      	ldr	r3, [r0, #8]
20000b44:	b109      	cbz	r1, 20000b4a <_hw_endpoint_buffer_control_update32+0xa>
20000b46:	681c      	ldr	r4, [r3, #0]
20000b48:	4021      	ands	r1, r4
20000b4a:	b182      	cbz	r2, 20000b6e <_hw_endpoint_buffer_control_update32+0x2e>
20000b4c:	4311      	orrs	r1, r2
20000b4e:	0552      	lsls	r2, r2, #21
20000b50:	d50d      	bpl.n	20000b6e <_hw_endpoint_buffer_control_update32+0x2e>
20000b52:	681a      	ldr	r2, [r3, #0]
20000b54:	0554      	lsls	r4, r2, #21
20000b56:	d40c      	bmi.n	20000b72 <_hw_endpoint_buffer_control_update32+0x32>
20000b58:	4a08      	ldr	r2, [pc, #32]	@ (20000b7c <_hw_endpoint_buffer_control_update32+0x3c>)
20000b5a:	f421 6480 	bic.w	r4, r1, #1024	@ 0x400
20000b5e:	601c      	str	r4, [r3, #0]
20000b60:	6c12      	ldr	r2, [r2, #64]	@ 0x40
20000b62:	0792      	lsls	r2, r2, #30
20000b64:	d403      	bmi.n	20000b6e <_hw_endpoint_buffer_control_update32+0x2e>
20000b66:	230c      	movs	r3, #12
20000b68:	3b03      	subs	r3, #3
20000b6a:	d2fd      	bcs.n	20000b68 <_hw_endpoint_buffer_control_update32+0x28>
20000b6c:	6883      	ldr	r3, [r0, #8]
20000b6e:	6019      	str	r1, [r3, #0]
20000b70:	bd10      	pop	{r4, pc}
20000b72:	7881      	ldrb	r1, [r0, #2]
20000b74:	4802      	ldr	r0, [pc, #8]	@ (20000b80 <_hw_endpoint_buffer_control_update32+0x40>)
20000b76:	f000 fcf3 	bl	20001560 <__panic_veneer>
20000b7a:	bf00      	nop
20000b7c:	50110000 	.word	0x50110000
20000b80:	10009310 	.word	0x10009310

20000b84 <hw_endpoint_start_next_buffer>:
20000b84:	b530      	push	{r4, r5, lr}
20000b86:	6843      	ldr	r3, [r0, #4]
20000b88:	2100      	movs	r1, #0
20000b8a:	b083      	sub	sp, #12
20000b8c:	4604      	mov	r4, r0
20000b8e:	681d      	ldr	r5, [r3, #0]
20000b90:	f7ff fed8 	bl	20000944 <prepare_ep_buffer>
20000b94:	4b13      	ldr	r3, [pc, #76]	@ (20000be4 <hw_endpoint_start_next_buffer+0x60>)
20000b96:	f440 5280 	orr.w	r2, r0, #4096	@ 0x1000
20000b9a:	6c19      	ldr	r1, [r3, #64]	@ 0x40
20000b9c:	78a3      	ldrb	r3, [r4, #2]
20000b9e:	0789      	lsls	r1, r1, #30
20000ba0:	d50e      	bpl.n	20000bc0 <hw_endpoint_start_next_buffer+0x3c>
20000ba2:	065b      	lsls	r3, r3, #25
20000ba4:	d00e      	beq.n	20000bc4 <hw_endpoint_start_next_buffer+0x40>
20000ba6:	f025 45a0 	bic.w	r5, r5, #1342177280	@ 0x50000000
20000baa:	f045 5500 	orr.w	r5, r5, #536870912	@ 0x20000000
20000bae:	2100      	movs	r1, #0
20000bb0:	4620      	mov	r0, r4
20000bb2:	6863      	ldr	r3, [r4, #4]
20000bb4:	601d      	str	r5, [r3, #0]
20000bb6:	b003      	add	sp, #12
20000bb8:	e8bd 4030 	ldmia.w	sp!, {r4, r5, lr}
20000bbc:	f7ff bfc0 	b.w	20000b40 <_hw_endpoint_buffer_control_update32>
20000bc0:	09db      	lsrs	r3, r3, #7
20000bc2:	d0f0      	beq.n	20000ba6 <hw_endpoint_start_next_buffer+0x22>
20000bc4:	8aa3      	ldrh	r3, [r4, #20]
20000bc6:	2b00      	cmp	r3, #0
20000bc8:	d0ed      	beq.n	20000ba6 <hw_endpoint_start_next_buffer+0x22>
20000bca:	2101      	movs	r1, #1
20000bcc:	4620      	mov	r0, r4
20000bce:	9201      	str	r2, [sp, #4]
20000bd0:	f7ff feb8 	bl	20000944 <prepare_ep_buffer>
20000bd4:	9a01      	ldr	r2, [sp, #4]
20000bd6:	f025 5500 	bic.w	r5, r5, #536870912	@ 0x20000000
20000bda:	4302      	orrs	r2, r0
20000bdc:	f045 45a0 	orr.w	r5, r5, #1342177280	@ 0x50000000
20000be0:	e7e5      	b.n	20000bae <hw_endpoint_start_next_buffer+0x2a>
20000be2:	bf00      	nop
20000be4:	50110000 	.word	0x50110000

20000be8 <hw_endpoint_xfer_continue>:
20000be8:	b538      	push	{r3, r4, r5, lr}
20000bea:	7e85      	ldrb	r5, [r0, #26]
20000bec:	4604      	mov	r4, r0
20000bee:	b195      	cbz	r5, 20000c16 <hw_endpoint_xfer_continue+0x2e>
20000bf0:	f7ff ff62 	bl	20000ab8 <_hw_endpoint_xfer_sync>
20000bf4:	8aa3      	ldrh	r3, [r4, #20]
20000bf6:	b90b      	cbnz	r3, 20000bfc <hw_endpoint_xfer_continue+0x14>
20000bf8:	4628      	mov	r0, r5
20000bfa:	bd38      	pop	{r3, r4, r5, pc}
20000bfc:	4620      	mov	r0, r4
20000bfe:	f7ff ff85 	bl	20000b0c <e15_is_critical_frame_period>
20000c02:	b120      	cbz	r0, 20000c0e <hw_endpoint_xfer_continue+0x26>
20000c04:	2301      	movs	r3, #1
20000c06:	7723      	strb	r3, [r4, #28]
20000c08:	2500      	movs	r5, #0
20000c0a:	4628      	mov	r0, r5
20000c0c:	bd38      	pop	{r3, r4, r5, pc}
20000c0e:	4620      	mov	r0, r4
20000c10:	f7ff ffb8 	bl	20000b84 <hw_endpoint_start_next_buffer>
20000c14:	e7f8      	b.n	20000c08 <hw_endpoint_xfer_continue+0x20>
20000c16:	7881      	ldrb	r1, [r0, #2]
20000c18:	4801      	ldr	r0, [pc, #4]	@ (20000c20 <hw_endpoint_xfer_continue+0x38>)
20000c1a:	f000 fca1 	bl	20001560 <__panic_veneer>
20000c1e:	bf00      	nop
20000c20:	10009330 	.word	0x10009330

20000c24 <dcd_event_handler>:
20000c24:	e92d 43f0 	stmdb	sp!, {r4, r5, r6, r7, r8, r9, lr}
20000c28:	7843      	ldrb	r3, [r0, #1]
20000c2a:	4681      	mov	r9, r0
20000c2c:	3b02      	subs	r3, #2
20000c2e:	460d      	mov	r5, r1
20000c30:	b085      	sub	sp, #20
20000c32:	2b04      	cmp	r3, #4
20000c34:	d813      	bhi.n	20000c5e <dcd_event_handler+0x3a>
20000c36:	e8df f003 	tbb	[pc, r3]
20000c3a:	4a03      	.short	0x4a03
20000c3c:	736a      	.short	0x736a
20000c3e:	44          	.byte	0x44
20000c3f:	00          	.byte	0x00
20000c40:	2100      	movs	r1, #0
20000c42:	4b7b      	ldr	r3, [pc, #492]	@ (20000e30 <dcd_event_handler+0x20c>)
20000c44:	781a      	ldrb	r2, [r3, #0]
20000c46:	f022 0201 	bic.w	r2, r2, #1
20000c4a:	701a      	strb	r2, [r3, #0]
20000c4c:	781a      	ldrb	r2, [r3, #0]
20000c4e:	f022 0202 	bic.w	r2, r2, #2
20000c52:	701a      	strb	r2, [r3, #0]
20000c54:	7059      	strb	r1, [r3, #1]
20000c56:	781a      	ldrb	r2, [r3, #0]
20000c58:	f361 0282 	bfi	r2, r1, #2, #1
20000c5c:	701a      	strb	r2, [r3, #0]
20000c5e:	4b75      	ldr	r3, [pc, #468]	@ (20000e34 <dcd_event_handler+0x210>)
20000c60:	681c      	ldr	r4, [r3, #0]
20000c62:	6963      	ldr	r3, [r4, #20]
20000c64:	f3ef 8210 	mrs	r2, PRIMASK
20000c68:	b672      	cpsid	i
20000c6a:	e8d3 0fcf 	ldaexb	r0, [r3]
20000c6e:	2101      	movs	r1, #1
20000c70:	2800      	cmp	r0, #0
20000c72:	d1fa      	bne.n	20000c6a <dcd_event_handler+0x46>
20000c74:	e8c3 1f40 	strexb	r0, r1, [r3]
20000c78:	2800      	cmp	r0, #0
20000c7a:	d1f6      	bne.n	20000c6a <dcd_event_handler+0x46>
20000c7c:	f3bf 8f5f 	dmb	sy
20000c80:	61a2      	str	r2, [r4, #24]
20000c82:	4649      	mov	r1, r9
20000c84:	4620      	mov	r0, r4
20000c86:	f000 fc67 	bl	20001558 <__tu_fifo_write_veneer>
20000c8a:	2300      	movs	r3, #0
20000c8c:	6962      	ldr	r2, [r4, #20]
20000c8e:	e8c2 3f8f 	stlb	r3, [r2]
20000c92:	69a3      	ldr	r3, [r4, #24]
20000c94:	f383 8810 	msr	PRIMASK, r3
20000c98:	b948      	cbnz	r0, 20000cae <dcd_event_handler+0x8a>
20000c9a:	f04f 23e0 	mov.w	r3, #3758153728	@ 0xe000e000
20000c9e:	f8d3 3df0 	ldr.w	r3, [r3, #3568]	@ 0xdf0
20000ca2:	07db      	lsls	r3, r3, #31
20000ca4:	d50a      	bpl.n	20000cbc <dcd_event_handler+0x98>
20000ca6:	be00      	bkpt	0x0000
20000ca8:	b005      	add	sp, #20
20000caa:	e8bd 83f0 	ldmia.w	sp!, {r4, r5, r6, r7, r8, r9, pc}
20000cae:	462a      	mov	r2, r5
20000cb0:	f899 1001 	ldrb.w	r1, [r9, #1]
20000cb4:	f899 0000 	ldrb.w	r0, [r9]
20000cb8:	f000 fc42 	bl	20001540 <__tud_event_hook_cb_veneer>
20000cbc:	b005      	add	sp, #20
20000cbe:	e8bd 83f0 	ldmia.w	sp!, {r4, r5, r6, r7, r8, r9, pc}
20000cc2:	4a5d      	ldr	r2, [pc, #372]	@ (20000e38 <dcd_event_handler+0x214>)
20000cc4:	7813      	ldrb	r3, [r2, #0]
20000cc6:	3301      	adds	r3, #1
20000cc8:	b2db      	uxtb	r3, r3
20000cca:	7013      	strb	r3, [r2, #0]
20000ccc:	e7c7      	b.n	20000c5e <dcd_event_handler+0x3a>
20000cce:	2400      	movs	r4, #0
20000cd0:	4e5a      	ldr	r6, [pc, #360]	@ (20000e3c <dcd_event_handler+0x218>)
20000cd2:	4623      	mov	r3, r4
20000cd4:	7831      	ldrb	r1, [r6, #0]
20000cd6:	f8df 816c 	ldr.w	r8, [pc, #364]	@ 20000e44 <dcd_event_handler+0x220>
20000cda:	4f59      	ldr	r7, [pc, #356]	@ (20000e40 <dcd_event_handler+0x21c>)
20000cdc:	e011      	b.n	20000d02 <dcd_event_handler+0xde>
20000cde:	683b      	ldr	r3, [r7, #0]
20000ce0:	eb13 1344 	adds.w	r3, r3, r4, lsl #5
20000ce4:	d007      	beq.n	20000cf6 <dcd_event_handler+0xd2>
20000ce6:	69db      	ldr	r3, [r3, #28]
20000ce8:	b12b      	cbz	r3, 20000cf6 <dcd_event_handler+0xd2>
20000cea:	f8d9 1004 	ldr.w	r1, [r9, #4]
20000cee:	f899 0000 	ldrb.w	r0, [r9]
20000cf2:	4798      	blx	r3
20000cf4:	7831      	ldrb	r1, [r6, #0]
20000cf6:	3401      	adds	r4, #1
20000cf8:	b2e4      	uxtb	r4, r4
20000cfa:	1c4a      	adds	r2, r1, #1
20000cfc:	42a2      	cmp	r2, r4
20000cfe:	4623      	mov	r3, r4
20000d00:	db17      	blt.n	20000d32 <dcd_event_handler+0x10e>
20000d02:	42a1      	cmp	r1, r4
20000d04:	d8eb      	bhi.n	20000cde <dcd_event_handler+0xba>
20000d06:	1a5b      	subs	r3, r3, r1
20000d08:	eb08 1343 	add.w	r3, r8, r3, lsl #5
20000d0c:	e7eb      	b.n	20000ce6 <dcd_event_handler+0xc2>
20000d0e:	4b48      	ldr	r3, [pc, #288]	@ (20000e30 <dcd_event_handler+0x20c>)
20000d10:	781a      	ldrb	r2, [r3, #0]
20000d12:	07d6      	lsls	r6, r2, #31
20000d14:	d5d2      	bpl.n	20000cbc <dcd_event_handler+0x98>
20000d16:	781a      	ldrb	r2, [r3, #0]
20000d18:	f042 0204 	orr.w	r2, r2, #4
20000d1c:	701a      	strb	r2, [r3, #0]
20000d1e:	e79e      	b.n	20000c5e <dcd_event_handler+0x3a>
20000d20:	4b43      	ldr	r3, [pc, #268]	@ (20000e30 <dcd_event_handler+0x20c>)
20000d22:	781a      	ldrb	r2, [r3, #0]
20000d24:	07d4      	lsls	r4, r2, #31
20000d26:	d5c9      	bpl.n	20000cbc <dcd_event_handler+0x98>
20000d28:	781a      	ldrb	r2, [r3, #0]
20000d2a:	f022 0204 	bic.w	r2, r2, #4
20000d2e:	701a      	strb	r2, [r3, #0]
20000d30:	e795      	b.n	20000c5e <dcd_event_handler+0x3a>
20000d32:	4c3f      	ldr	r4, [pc, #252]	@ (20000e30 <dcd_event_handler+0x20c>)
20000d34:	7823      	ldrb	r3, [r4, #0]
20000d36:	0758      	lsls	r0, r3, #29
20000d38:	d43a      	bmi.n	20000db0 <dcd_event_handler+0x18c>
20000d3a:	78e3      	ldrb	r3, [r4, #3]
20000d3c:	07da      	lsls	r2, r3, #31
20000d3e:	d5bd      	bpl.n	20000cbc <dcd_event_handler+0x98>
20000d40:	2303      	movs	r3, #3
20000d42:	2600      	movs	r6, #0
20000d44:	4a3b      	ldr	r2, [pc, #236]	@ (20000e34 <dcd_event_handler+0x210>)
20000d46:	f899 1000 	ldrb.w	r1, [r9]
20000d4a:	6814      	ldr	r4, [r2, #0]
20000d4c:	f8d9 2004 	ldr.w	r2, [r9, #4]
20000d50:	f88d 1004 	strb.w	r1, [sp, #4]
20000d54:	f88d 3005 	strb.w	r3, [sp, #5]
20000d58:	6963      	ldr	r3, [r4, #20]
20000d5a:	f8cd 6006 	str.w	r6, [sp, #6]
20000d5e:	f8cd 600a 	str.w	r6, [sp, #10]
20000d62:	f8ad 600e 	strh.w	r6, [sp, #14]
20000d66:	9202      	str	r2, [sp, #8]
20000d68:	f3ef 8210 	mrs	r2, PRIMASK
20000d6c:	b672      	cpsid	i
20000d6e:	e8d3 0fcf 	ldaexb	r0, [r3]
20000d72:	2101      	movs	r1, #1
20000d74:	2800      	cmp	r0, #0
20000d76:	d1fa      	bne.n	20000d6e <dcd_event_handler+0x14a>
20000d78:	e8c3 1f40 	strexb	r0, r1, [r3]
20000d7c:	2800      	cmp	r0, #0
20000d7e:	d1f6      	bne.n	20000d6e <dcd_event_handler+0x14a>
20000d80:	f3bf 8f5f 	dmb	sy
20000d84:	4620      	mov	r0, r4
20000d86:	61a2      	str	r2, [r4, #24]
20000d88:	a901      	add	r1, sp, #4
20000d8a:	f000 fbe5 	bl	20001558 <__tu_fifo_write_veneer>
20000d8e:	6963      	ldr	r3, [r4, #20]
20000d90:	e8c3 6f8f 	stlb	r6, [r3]
20000d94:	69a3      	ldr	r3, [r4, #24]
20000d96:	f383 8810 	msr	PRIMASK, r3
20000d9a:	2800      	cmp	r0, #0
20000d9c:	f43f af7d 	beq.w	20000c9a <dcd_event_handler+0x76>
20000da0:	462a      	mov	r2, r5
20000da2:	f89d 1005 	ldrb.w	r1, [sp, #5]
20000da6:	f89d 0004 	ldrb.w	r0, [sp, #4]
20000daa:	f000 fbc9 	bl	20001540 <__tud_event_hook_cb_veneer>
20000dae:	e785      	b.n	20000cbc <dcd_event_handler+0x98>
20000db0:	7823      	ldrb	r3, [r4, #0]
20000db2:	2700      	movs	r7, #0
20000db4:	f023 0304 	bic.w	r3, r3, #4
20000db8:	7023      	strb	r3, [r4, #0]
20000dba:	2305      	movs	r3, #5
20000dbc:	4a1d      	ldr	r2, [pc, #116]	@ (20000e34 <dcd_event_handler+0x210>)
20000dbe:	f88d 3005 	strb.w	r3, [sp, #5]
20000dc2:	6816      	ldr	r6, [r2, #0]
20000dc4:	f899 2000 	ldrb.w	r2, [r9]
20000dc8:	f8ad 700e 	strh.w	r7, [sp, #14]
20000dcc:	f88d 2004 	strb.w	r2, [sp, #4]
20000dd0:	6973      	ldr	r3, [r6, #20]
20000dd2:	f8cd 7006 	str.w	r7, [sp, #6]
20000dd6:	f8cd 700a 	str.w	r7, [sp, #10]
20000dda:	f3ef 8210 	mrs	r2, PRIMASK
20000dde:	b672      	cpsid	i
20000de0:	e8d3 0fcf 	ldaexb	r0, [r3]
20000de4:	2101      	movs	r1, #1
20000de6:	2800      	cmp	r0, #0
20000de8:	d1fa      	bne.n	20000de0 <dcd_event_handler+0x1bc>
20000dea:	e8c3 1f40 	strexb	r0, r1, [r3]
20000dee:	2800      	cmp	r0, #0
20000df0:	d1f6      	bne.n	20000de0 <dcd_event_handler+0x1bc>
20000df2:	f3bf 8f5f 	dmb	sy
20000df6:	4630      	mov	r0, r6
20000df8:	61b2      	str	r2, [r6, #24]
20000dfa:	a901      	add	r1, sp, #4
20000dfc:	f000 fbac 	bl	20001558 <__tu_fifo_write_veneer>
20000e00:	6973      	ldr	r3, [r6, #20]
20000e02:	e8c3 7f8f 	stlb	r7, [r3]
20000e06:	69b3      	ldr	r3, [r6, #24]
20000e08:	f383 8810 	msr	PRIMASK, r3
20000e0c:	b938      	cbnz	r0, 20000e1e <dcd_event_handler+0x1fa>
20000e0e:	f04f 23e0 	mov.w	r3, #3758153728	@ 0xe000e000
20000e12:	f8d3 3df0 	ldr.w	r3, [r3, #3568]	@ 0xdf0
20000e16:	07d9      	lsls	r1, r3, #31
20000e18:	d58f      	bpl.n	20000d3a <dcd_event_handler+0x116>
20000e1a:	be00      	bkpt	0x0000
20000e1c:	e78d      	b.n	20000d3a <dcd_event_handler+0x116>
20000e1e:	462a      	mov	r2, r5
20000e20:	f89d 1005 	ldrb.w	r1, [sp, #5]
20000e24:	f89d 0004 	ldrb.w	r0, [sp, #4]
20000e28:	f000 fb8a 	bl	20001540 <__tud_event_hook_cb_veneer>
20000e2c:	e785      	b.n	20000d3a <dcd_event_handler+0x116>
20000e2e:	bf00      	nop
20000e30:	200020c4 	.word	0x200020c4
20000e34:	2000211c 	.word	0x2000211c
20000e38:	20002bb2 	.word	0x20002bb2
20000e3c:	20002bb0 	.word	0x20002bb0
20000e40:	20001ef4 	.word	0x20001ef4
20000e44:	10009594 	.word	0x10009594

20000e48 <__aeabi_drsub>:
20000e48:	f081 4100 	eor.w	r1, r1, #2147483648	@ 0x80000000
20000e4c:	e002      	b.n	20000e54 <__adddf3>
20000e4e:	bf00      	nop

20000e50 <__aeabi_dsub>:
20000e50:	f083 4300 	eor.w	r3, r3, #2147483648	@ 0x80000000

20000e54 <__adddf3>:
20000e54:	b530      	push	{r4, r5, lr}
20000e56:	ea4f 0441 	mov.w	r4, r1, lsl #1
20000e5a:	ea4f 0543 	mov.w	r5, r3, lsl #1
20000e5e:	ea94 0f05 	teq	r4, r5
20000e62:	bf08      	it	eq
20000e64:	ea90 0f02 	teqeq	r0, r2
20000e68:	bf1f      	itttt	ne
20000e6a:	ea54 0c00 	orrsne.w	ip, r4, r0
20000e6e:	ea55 0c02 	orrsne.w	ip, r5, r2
20000e72:	ea7f 5c64 	mvnsne.w	ip, r4, asr #21
20000e76:	ea7f 5c65 	mvnsne.w	ip, r5, asr #21
20000e7a:	f000 80e2 	beq.w	20001042 <__adddf3+0x1ee>
20000e7e:	ea4f 5454 	mov.w	r4, r4, lsr #21
20000e82:	ebd4 5555 	rsbs	r5, r4, r5, lsr #21
20000e86:	bfb8      	it	lt
20000e88:	426d      	neglt	r5, r5
20000e8a:	dd0c      	ble.n	20000ea6 <__adddf3+0x52>
20000e8c:	442c      	add	r4, r5
20000e8e:	ea80 0202 	eor.w	r2, r0, r2
20000e92:	ea81 0303 	eor.w	r3, r1, r3
20000e96:	ea82 0000 	eor.w	r0, r2, r0
20000e9a:	ea83 0101 	eor.w	r1, r3, r1
20000e9e:	ea80 0202 	eor.w	r2, r0, r2
20000ea2:	ea81 0303 	eor.w	r3, r1, r3
20000ea6:	2d36      	cmp	r5, #54	@ 0x36
20000ea8:	bf88      	it	hi
20000eaa:	bd30      	pophi	{r4, r5, pc}
20000eac:	f011 4f00 	tst.w	r1, #2147483648	@ 0x80000000
20000eb0:	ea4f 3101 	mov.w	r1, r1, lsl #12
20000eb4:	f44f 1c80 	mov.w	ip, #1048576	@ 0x100000
20000eb8:	ea4c 3111 	orr.w	r1, ip, r1, lsr #12
20000ebc:	d002      	beq.n	20000ec4 <__adddf3+0x70>
20000ebe:	4240      	negs	r0, r0
20000ec0:	eb61 0141 	sbc.w	r1, r1, r1, lsl #1
20000ec4:	f013 4f00 	tst.w	r3, #2147483648	@ 0x80000000
20000ec8:	ea4f 3303 	mov.w	r3, r3, lsl #12
20000ecc:	ea4c 3313 	orr.w	r3, ip, r3, lsr #12
20000ed0:	d002      	beq.n	20000ed8 <__adddf3+0x84>
20000ed2:	4252      	negs	r2, r2
20000ed4:	eb63 0343 	sbc.w	r3, r3, r3, lsl #1
20000ed8:	ea94 0f05 	teq	r4, r5
20000edc:	f000 80a7 	beq.w	2000102e <__adddf3+0x1da>
20000ee0:	f1a4 0401 	sub.w	r4, r4, #1
20000ee4:	f1d5 0e20 	rsbs	lr, r5, #32
20000ee8:	db0d      	blt.n	20000f06 <__adddf3+0xb2>
20000eea:	fa02 fc0e 	lsl.w	ip, r2, lr
20000eee:	fa22 f205 	lsr.w	r2, r2, r5
20000ef2:	1880      	adds	r0, r0, r2
20000ef4:	f141 0100 	adc.w	r1, r1, #0
20000ef8:	fa03 f20e 	lsl.w	r2, r3, lr
20000efc:	1880      	adds	r0, r0, r2
20000efe:	fa43 f305 	asr.w	r3, r3, r5
20000f02:	4159      	adcs	r1, r3
20000f04:	e00e      	b.n	20000f24 <__adddf3+0xd0>
20000f06:	f1a5 0520 	sub.w	r5, r5, #32
20000f0a:	f10e 0e20 	add.w	lr, lr, #32
20000f0e:	2a01      	cmp	r2, #1
20000f10:	fa03 fc0e 	lsl.w	ip, r3, lr
20000f14:	bf28      	it	cs
20000f16:	f04c 0c02 	orrcs.w	ip, ip, #2
20000f1a:	fa43 f305 	asr.w	r3, r3, r5
20000f1e:	18c0      	adds	r0, r0, r3
20000f20:	eb51 71e3 	adcs.w	r1, r1, r3, asr #31
20000f24:	f001 4500 	and.w	r5, r1, #2147483648	@ 0x80000000
20000f28:	d507      	bpl.n	20000f3a <__adddf3+0xe6>
20000f2a:	f04f 0e00 	mov.w	lr, #0
20000f2e:	f1dc 0c00 	rsbs	ip, ip, #0
20000f32:	eb7e 0000 	sbcs.w	r0, lr, r0
20000f36:	eb6e 0101 	sbc.w	r1, lr, r1
20000f3a:	f5b1 1f80 	cmp.w	r1, #1048576	@ 0x100000
20000f3e:	d31b      	bcc.n	20000f78 <__adddf3+0x124>
20000f40:	f5b1 1f00 	cmp.w	r1, #2097152	@ 0x200000
20000f44:	d30c      	bcc.n	20000f60 <__adddf3+0x10c>
20000f46:	0849      	lsrs	r1, r1, #1
20000f48:	ea5f 0030 	movs.w	r0, r0, rrx
20000f4c:	ea4f 0c3c 	mov.w	ip, ip, rrx
20000f50:	f104 0401 	add.w	r4, r4, #1
20000f54:	ea4f 5244 	mov.w	r2, r4, lsl #21
20000f58:	f512 0f80 	cmn.w	r2, #4194304	@ 0x400000
20000f5c:	f080 809a 	bcs.w	20001094 <__adddf3+0x240>
20000f60:	f1bc 4f00 	cmp.w	ip, #2147483648	@ 0x80000000
20000f64:	bf08      	it	eq
20000f66:	ea5f 0c50 	movseq.w	ip, r0, lsr #1
20000f6a:	f150 0000 	adcs.w	r0, r0, #0
20000f6e:	eb41 5104 	adc.w	r1, r1, r4, lsl #20
20000f72:	ea41 0105 	orr.w	r1, r1, r5
20000f76:	bd30      	pop	{r4, r5, pc}
20000f78:	ea5f 0c4c 	movs.w	ip, ip, lsl #1
20000f7c:	4140      	adcs	r0, r0
20000f7e:	eb41 0101 	adc.w	r1, r1, r1
20000f82:	3c01      	subs	r4, #1
20000f84:	bf28      	it	cs
20000f86:	f5b1 1f80 	cmpcs.w	r1, #1048576	@ 0x100000
20000f8a:	d2e9      	bcs.n	20000f60 <__adddf3+0x10c>
20000f8c:	f091 0f00 	teq	r1, #0
20000f90:	bf04      	itt	eq
20000f92:	4601      	moveq	r1, r0
20000f94:	2000      	moveq	r0, #0
20000f96:	fab1 f381 	clz	r3, r1
20000f9a:	bf08      	it	eq
20000f9c:	3320      	addeq	r3, #32
20000f9e:	f1a3 030b 	sub.w	r3, r3, #11
20000fa2:	f1b3 0220 	subs.w	r2, r3, #32
20000fa6:	da0c      	bge.n	20000fc2 <__adddf3+0x16e>
20000fa8:	320c      	adds	r2, #12
20000faa:	dd08      	ble.n	20000fbe <__adddf3+0x16a>
20000fac:	f102 0c14 	add.w	ip, r2, #20
20000fb0:	f1c2 020c 	rsb	r2, r2, #12
20000fb4:	fa01 f00c 	lsl.w	r0, r1, ip
20000fb8:	fa21 f102 	lsr.w	r1, r1, r2
20000fbc:	e00c      	b.n	20000fd8 <__adddf3+0x184>
20000fbe:	f102 0214 	add.w	r2, r2, #20
20000fc2:	bfd8      	it	le
20000fc4:	f1c2 0c20 	rsble	ip, r2, #32
20000fc8:	fa01 f102 	lsl.w	r1, r1, r2
20000fcc:	fa20 fc0c 	lsr.w	ip, r0, ip
20000fd0:	bfdc      	itt	le
20000fd2:	ea41 010c 	orrle.w	r1, r1, ip
20000fd6:	4090      	lslle	r0, r2
20000fd8:	1ae4      	subs	r4, r4, r3
20000fda:	bfa2      	ittt	ge
20000fdc:	eb01 5104 	addge.w	r1, r1, r4, lsl #20
20000fe0:	4329      	orrge	r1, r5
20000fe2:	bd30      	popge	{r4, r5, pc}
20000fe4:	ea6f 0404 	mvn.w	r4, r4
20000fe8:	3c1f      	subs	r4, #31
20000fea:	da1c      	bge.n	20001026 <__adddf3+0x1d2>
20000fec:	340c      	adds	r4, #12
20000fee:	dc0e      	bgt.n	2000100e <__adddf3+0x1ba>
20000ff0:	f104 0414 	add.w	r4, r4, #20
20000ff4:	f1c4 0220 	rsb	r2, r4, #32
20000ff8:	fa20 f004 	lsr.w	r0, r0, r4
20000ffc:	fa01 f302 	lsl.w	r3, r1, r2
20001000:	ea40 0003 	orr.w	r0, r0, r3
20001004:	fa21 f304 	lsr.w	r3, r1, r4
20001008:	ea45 0103 	orr.w	r1, r5, r3
2000100c:	bd30      	pop	{r4, r5, pc}
2000100e:	f1c4 040c 	rsb	r4, r4, #12
20001012:	f1c4 0220 	rsb	r2, r4, #32
20001016:	fa20 f002 	lsr.w	r0, r0, r2
2000101a:	fa01 f304 	lsl.w	r3, r1, r4
2000101e:	ea40 0003 	orr.w	r0, r0, r3
20001022:	4629      	mov	r1, r5
20001024:	bd30      	pop	{r4, r5, pc}
20001026:	fa21 f004 	lsr.w	r0, r1, r4
2000102a:	4629      	mov	r1, r5
2000102c:	bd30      	pop	{r4, r5, pc}
2000102e:	f094 0f00 	teq	r4, #0
20001032:	f483 1380 	eor.w	r3, r3, #1048576	@ 0x100000
20001036:	bf06      	itte	eq
20001038:	f481 1180 	eoreq.w	r1, r1, #1048576	@ 0x100000
2000103c:	3401      	addeq	r4, #1
2000103e:	3d01      	subne	r5, #1
20001040:	e74e      	b.n	20000ee0 <__adddf3+0x8c>
20001042:	ea7f 5c64 	mvns.w	ip, r4, asr #21
20001046:	bf18      	it	ne
20001048:	ea7f 5c65 	mvnsne.w	ip, r5, asr #21
2000104c:	d029      	beq.n	200010a2 <__adddf3+0x24e>
2000104e:	ea94 0f05 	teq	r4, r5
20001052:	bf08      	it	eq
20001054:	ea90 0f02 	teqeq	r0, r2
20001058:	d005      	beq.n	20001066 <__adddf3+0x212>
2000105a:	ea54 0c00 	orrs.w	ip, r4, r0
2000105e:	bf04      	itt	eq
20001060:	4619      	moveq	r1, r3
20001062:	4610      	moveq	r0, r2
20001064:	bd30      	pop	{r4, r5, pc}
20001066:	ea91 0f03 	teq	r1, r3
2000106a:	bf1e      	ittt	ne
2000106c:	2100      	movne	r1, #0
2000106e:	2000      	movne	r0, #0
20001070:	bd30      	popne	{r4, r5, pc}
20001072:	ea5f 5c54 	movs.w	ip, r4, lsr #21
20001076:	d105      	bne.n	20001084 <__adddf3+0x230>
20001078:	0040      	lsls	r0, r0, #1
2000107a:	4149      	adcs	r1, r1
2000107c:	bf28      	it	cs
2000107e:	f041 4100 	orrcs.w	r1, r1, #2147483648	@ 0x80000000
20001082:	bd30      	pop	{r4, r5, pc}
20001084:	f514 0480 	adds.w	r4, r4, #4194304	@ 0x400000
20001088:	bf3c      	itt	cc
2000108a:	f501 1180 	addcc.w	r1, r1, #1048576	@ 0x100000
2000108e:	bd30      	popcc	{r4, r5, pc}
20001090:	f001 4500 	and.w	r5, r1, #2147483648	@ 0x80000000
20001094:	f045 41fe 	orr.w	r1, r5, #2130706432	@ 0x7f000000
20001098:	f441 0170 	orr.w	r1, r1, #15728640	@ 0xf00000
2000109c:	f04f 0000 	mov.w	r0, #0
200010a0:	bd30      	pop	{r4, r5, pc}
200010a2:	ea7f 5c64 	mvns.w	ip, r4, asr #21
200010a6:	bf1a      	itte	ne
200010a8:	4619      	movne	r1, r3
200010aa:	4610      	movne	r0, r2
200010ac:	ea7f 5c65 	mvnseq.w	ip, r5, asr #21
200010b0:	bf1c      	itt	ne
200010b2:	460b      	movne	r3, r1
200010b4:	4602      	movne	r2, r0
200010b6:	ea50 3401 	orrs.w	r4, r0, r1, lsl #12
200010ba:	bf06      	itte	eq
200010bc:	ea52 3503 	orrseq.w	r5, r2, r3, lsl #12
200010c0:	ea91 0f03 	teqeq	r1, r3
200010c4:	f441 2100 	orrne.w	r1, r1, #524288	@ 0x80000
200010c8:	bd30      	pop	{r4, r5, pc}
200010ca:	bf00      	nop

200010cc <__aeabi_ui2d>:
200010cc:	f090 0f00 	teq	r0, #0
200010d0:	bf04      	itt	eq
200010d2:	2100      	moveq	r1, #0
200010d4:	4770      	bxeq	lr
200010d6:	b530      	push	{r4, r5, lr}
200010d8:	f44f 6480 	mov.w	r4, #1024	@ 0x400
200010dc:	f104 0432 	add.w	r4, r4, #50	@ 0x32
200010e0:	f04f 0500 	mov.w	r5, #0
200010e4:	f04f 0100 	mov.w	r1, #0
200010e8:	e750      	b.n	20000f8c <__adddf3+0x138>
200010ea:	bf00      	nop

200010ec <__aeabi_i2d>:
200010ec:	f090 0f00 	teq	r0, #0
200010f0:	bf04      	itt	eq
200010f2:	2100      	moveq	r1, #0
200010f4:	4770      	bxeq	lr
200010f6:	b530      	push	{r4, r5, lr}
200010f8:	f44f 6480 	mov.w	r4, #1024	@ 0x400
200010fc:	f104 0432 	add.w	r4, r4, #50	@ 0x32
20001100:	f010 4500 	ands.w	r5, r0, #2147483648	@ 0x80000000
20001104:	bf48      	it	mi
20001106:	4240      	negmi	r0, r0
20001108:	f04f 0100 	mov.w	r1, #0
2000110c:	e73e      	b.n	20000f8c <__adddf3+0x138>
2000110e:	bf00      	nop

20001110 <__aeabi_f2d>:
20001110:	0042      	lsls	r2, r0, #1
20001112:	ea4f 01e2 	mov.w	r1, r2, asr #3
20001116:	ea4f 0131 	mov.w	r1, r1, rrx
2000111a:	ea4f 7002 	mov.w	r0, r2, lsl #28
2000111e:	bf1f      	itttt	ne
20001120:	f012 437f 	andsne.w	r3, r2, #4278190080	@ 0xff000000
20001124:	f093 4f7f 	teqne	r3, #4278190080	@ 0xff000000
20001128:	f081 5160 	eorne.w	r1, r1, #939524096	@ 0x38000000
2000112c:	4770      	bxne	lr
2000112e:	f032 427f 	bics.w	r2, r2, #4278190080	@ 0xff000000
20001132:	bf08      	it	eq
20001134:	4770      	bxeq	lr
20001136:	f093 4f7f 	teq	r3, #4278190080	@ 0xff000000
2000113a:	bf04      	itt	eq
2000113c:	f441 2100 	orreq.w	r1, r1, #524288	@ 0x80000
20001140:	4770      	bxeq	lr
20001142:	b530      	push	{r4, r5, lr}
20001144:	f44f 7460 	mov.w	r4, #896	@ 0x380
20001148:	f001 4500 	and.w	r5, r1, #2147483648	@ 0x80000000
2000114c:	f021 4100 	bic.w	r1, r1, #2147483648	@ 0x80000000
20001150:	e71c      	b.n	20000f8c <__adddf3+0x138>
20001152:	bf00      	nop

20001154 <__aeabi_ul2d>:
20001154:	ea50 0201 	orrs.w	r2, r0, r1
20001158:	bf08      	it	eq
2000115a:	4770      	bxeq	lr
2000115c:	b530      	push	{r4, r5, lr}
2000115e:	f04f 0500 	mov.w	r5, #0
20001162:	e00a      	b.n	2000117a <__aeabi_l2d+0x16>

20001164 <__aeabi_l2d>:
20001164:	ea50 0201 	orrs.w	r2, r0, r1
20001168:	bf08      	it	eq
2000116a:	4770      	bxeq	lr
2000116c:	b530      	push	{r4, r5, lr}
2000116e:	f011 4500 	ands.w	r5, r1, #2147483648	@ 0x80000000
20001172:	d502      	bpl.n	2000117a <__aeabi_l2d+0x16>
20001174:	4240      	negs	r0, r0
20001176:	eb61 0141 	sbc.w	r1, r1, r1, lsl #1
2000117a:	f44f 6480 	mov.w	r4, #1024	@ 0x400
2000117e:	f104 0432 	add.w	r4, r4, #50	@ 0x32
20001182:	ea5f 5c91 	movs.w	ip, r1, lsr #22
20001186:	f43f aed8 	beq.w	20000f3a <__adddf3+0xe6>
2000118a:	f04f 0203 	mov.w	r2, #3
2000118e:	ea5f 0cdc 	movs.w	ip, ip, lsr #3
20001192:	bf18      	it	ne
20001194:	3203      	addne	r2, #3
20001196:	ea5f 0cdc 	movs.w	ip, ip, lsr #3
2000119a:	bf18      	it	ne
2000119c:	3203      	addne	r2, #3
2000119e:	eb02 02dc 	add.w	r2, r2, ip, lsr #3
200011a2:	f1c2 0320 	rsb	r3, r2, #32
200011a6:	fa00 fc03 	lsl.w	ip, r0, r3
200011aa:	fa20 f002 	lsr.w	r0, r0, r2
200011ae:	fa01 fe03 	lsl.w	lr, r1, r3
200011b2:	ea40 000e 	orr.w	r0, r0, lr
200011b6:	fa21 f102 	lsr.w	r1, r1, r2
200011ba:	4414      	add	r4, r2
200011bc:	e6bd      	b.n	20000f3a <__adddf3+0xe6>
200011be:	bf00      	nop

200011c0 <__aeabi_uldivmod>:
200011c0:	b953      	cbnz	r3, 200011d8 <__aeabi_uldivmod+0x18>
200011c2:	b94a      	cbnz	r2, 200011d8 <__aeabi_uldivmod+0x18>
200011c4:	2900      	cmp	r1, #0
200011c6:	bf08      	it	eq
200011c8:	2800      	cmpeq	r0, #0
200011ca:	bf1c      	itt	ne
200011cc:	f04f 31ff 	movne.w	r1, #4294967295
200011d0:	f04f 30ff 	movne.w	r0, #4294967295
200011d4:	f000 b9b2 	b.w	2000153c <__aeabi_idiv0>
200011d8:	f1ad 0c08 	sub.w	ip, sp, #8
200011dc:	e96d ce04 	strd	ip, lr, [sp, #-16]!
200011e0:	f000 f806 	bl	200011f0 <__udivmoddi4>
200011e4:	f8dd e004 	ldr.w	lr, [sp, #4]
200011e8:	e9dd 2302 	ldrd	r2, r3, [sp, #8]
200011ec:	b004      	add	sp, #16
200011ee:	4770      	bx	lr

200011f0 <__udivmoddi4>:
200011f0:	e92d 4ff0 	stmdb	sp!, {r4, r5, r6, r7, r8, r9, sl, fp, lr}
200011f4:	468c      	mov	ip, r1
200011f6:	9e09      	ldr	r6, [sp, #36]	@ 0x24
200011f8:	4604      	mov	r4, r0
200011fa:	460f      	mov	r7, r1
200011fc:	2b00      	cmp	r3, #0
200011fe:	d148      	bne.n	20001292 <__udivmoddi4+0xa2>
20001200:	428a      	cmp	r2, r1
20001202:	4615      	mov	r5, r2
20001204:	d95e      	bls.n	200012c4 <__udivmoddi4+0xd4>
20001206:	fab2 f382 	clz	r3, r2
2000120a:	b13b      	cbz	r3, 2000121c <__udivmoddi4+0x2c>
2000120c:	f1c3 0220 	rsb	r2, r3, #32
20001210:	409f      	lsls	r7, r3
20001212:	409d      	lsls	r5, r3
20001214:	409c      	lsls	r4, r3
20001216:	fa20 f202 	lsr.w	r2, r0, r2
2000121a:	4317      	orrs	r7, r2
2000121c:	ea4f 4e15 	mov.w	lr, r5, lsr #16
20001220:	fa1f fc85 	uxth.w	ip, r5
20001224:	0c22      	lsrs	r2, r4, #16
20001226:	fbb7 f1fe 	udiv	r1, r7, lr
2000122a:	fb0e 7711 	mls	r7, lr, r1, r7
2000122e:	fb01 f00c 	mul.w	r0, r1, ip
20001232:	ea42 4207 	orr.w	r2, r2, r7, lsl #16
20001236:	4290      	cmp	r0, r2
20001238:	d907      	bls.n	2000124a <__udivmoddi4+0x5a>
2000123a:	18aa      	adds	r2, r5, r2
2000123c:	f101 37ff 	add.w	r7, r1, #4294967295
20001240:	d202      	bcs.n	20001248 <__udivmoddi4+0x58>
20001242:	4290      	cmp	r0, r2
20001244:	f200 8158 	bhi.w	200014f8 <__udivmoddi4+0x308>
20001248:	4639      	mov	r1, r7
2000124a:	1a12      	subs	r2, r2, r0
2000124c:	b2a4      	uxth	r4, r4
2000124e:	fbb2 f0fe 	udiv	r0, r2, lr
20001252:	fb0e 2210 	mls	r2, lr, r0, r2
20001256:	fb00 fc0c 	mul.w	ip, r0, ip
2000125a:	ea44 4402 	orr.w	r4, r4, r2, lsl #16
2000125e:	45a4      	cmp	ip, r4
20001260:	d90b      	bls.n	2000127a <__udivmoddi4+0x8a>
20001262:	192c      	adds	r4, r5, r4
20001264:	f100 32ff 	add.w	r2, r0, #4294967295
20001268:	bf2c      	ite	cs
2000126a:	2701      	movcs	r7, #1
2000126c:	2700      	movcc	r7, #0
2000126e:	45a4      	cmp	ip, r4
20001270:	d902      	bls.n	20001278 <__udivmoddi4+0x88>
20001272:	2f00      	cmp	r7, #0
20001274:	f000 8143 	beq.w	200014fe <__udivmoddi4+0x30e>
20001278:	4610      	mov	r0, r2
2000127a:	ea40 4001 	orr.w	r0, r0, r1, lsl #16
2000127e:	eba4 040c 	sub.w	r4, r4, ip
20001282:	2100      	movs	r1, #0
20001284:	b11e      	cbz	r6, 2000128e <__udivmoddi4+0x9e>
20001286:	40dc      	lsrs	r4, r3
20001288:	2300      	movs	r3, #0
2000128a:	e9c6 4300 	strd	r4, r3, [r6]
2000128e:	e8bd 8ff0 	ldmia.w	sp!, {r4, r5, r6, r7, r8, r9, sl, fp, pc}
20001292:	428b      	cmp	r3, r1
20001294:	d906      	bls.n	200012a4 <__udivmoddi4+0xb4>
20001296:	b10e      	cbz	r6, 2000129c <__udivmoddi4+0xac>
20001298:	e9c6 0100 	strd	r0, r1, [r6]
2000129c:	2100      	movs	r1, #0
2000129e:	4608      	mov	r0, r1
200012a0:	e8bd 8ff0 	ldmia.w	sp!, {r4, r5, r6, r7, r8, r9, sl, fp, pc}
200012a4:	fab3 f183 	clz	r1, r3
200012a8:	2900      	cmp	r1, #0
200012aa:	d151      	bne.n	20001350 <__udivmoddi4+0x160>
200012ac:	4563      	cmp	r3, ip
200012ae:	f0c0 8116 	bcc.w	200014de <__udivmoddi4+0x2ee>
200012b2:	4282      	cmp	r2, r0
200012b4:	f240 8113 	bls.w	200014de <__udivmoddi4+0x2ee>
200012b8:	4608      	mov	r0, r1
200012ba:	2e00      	cmp	r6, #0
200012bc:	d0e7      	beq.n	2000128e <__udivmoddi4+0x9e>
200012be:	e9c6 4700 	strd	r4, r7, [r6]
200012c2:	e7e4      	b.n	2000128e <__udivmoddi4+0x9e>
200012c4:	2a00      	cmp	r2, #0
200012c6:	f000 80af 	beq.w	20001428 <__udivmoddi4+0x238>
200012ca:	fab2 f382 	clz	r3, r2
200012ce:	2b00      	cmp	r3, #0
200012d0:	f040 80c2 	bne.w	20001458 <__udivmoddi4+0x268>
200012d4:	1a8a      	subs	r2, r1, r2
200012d6:	ea4f 4e15 	mov.w	lr, r5, lsr #16
200012da:	b2af      	uxth	r7, r5
200012dc:	2101      	movs	r1, #1
200012de:	0c20      	lsrs	r0, r4, #16
200012e0:	fbb2 fcfe 	udiv	ip, r2, lr
200012e4:	fb0e 221c 	mls	r2, lr, ip, r2
200012e8:	ea40 4202 	orr.w	r2, r0, r2, lsl #16
200012ec:	fb07 f00c 	mul.w	r0, r7, ip
200012f0:	4290      	cmp	r0, r2
200012f2:	d90e      	bls.n	20001312 <__udivmoddi4+0x122>
200012f4:	18aa      	adds	r2, r5, r2
200012f6:	f10c 38ff 	add.w	r8, ip, #4294967295
200012fa:	bf2c      	ite	cs
200012fc:	f04f 0901 	movcs.w	r9, #1
20001300:	f04f 0900 	movcc.w	r9, #0
20001304:	4290      	cmp	r0, r2
20001306:	d903      	bls.n	20001310 <__udivmoddi4+0x120>
20001308:	f1b9 0f00 	cmp.w	r9, #0
2000130c:	f000 80f0 	beq.w	200014f0 <__udivmoddi4+0x300>
20001310:	46c4      	mov	ip, r8
20001312:	1a12      	subs	r2, r2, r0
20001314:	b2a4      	uxth	r4, r4
20001316:	fbb2 f0fe 	udiv	r0, r2, lr
2000131a:	fb0e 2210 	mls	r2, lr, r0, r2
2000131e:	fb00 f707 	mul.w	r7, r0, r7
20001322:	ea44 4402 	orr.w	r4, r4, r2, lsl #16
20001326:	42a7      	cmp	r7, r4
20001328:	d90e      	bls.n	20001348 <__udivmoddi4+0x158>
2000132a:	192c      	adds	r4, r5, r4
2000132c:	f100 32ff 	add.w	r2, r0, #4294967295
20001330:	bf2c      	ite	cs
20001332:	f04f 0e01 	movcs.w	lr, #1
20001336:	f04f 0e00 	movcc.w	lr, #0
2000133a:	42a7      	cmp	r7, r4
2000133c:	d903      	bls.n	20001346 <__udivmoddi4+0x156>
2000133e:	f1be 0f00 	cmp.w	lr, #0
20001342:	f000 80d2 	beq.w	200014ea <__udivmoddi4+0x2fa>
20001346:	4610      	mov	r0, r2
20001348:	1be4      	subs	r4, r4, r7
2000134a:	ea40 400c 	orr.w	r0, r0, ip, lsl #16
2000134e:	e799      	b.n	20001284 <__udivmoddi4+0x94>
20001350:	f1c1 0520 	rsb	r5, r1, #32
20001354:	408b      	lsls	r3, r1
20001356:	fa0c f401 	lsl.w	r4, ip, r1
2000135a:	fa00 f901 	lsl.w	r9, r0, r1
2000135e:	fa22 f705 	lsr.w	r7, r2, r5
20001362:	fa2c fc05 	lsr.w	ip, ip, r5
20001366:	408a      	lsls	r2, r1
20001368:	431f      	orrs	r7, r3
2000136a:	fa20 f305 	lsr.w	r3, r0, r5
2000136e:	0c38      	lsrs	r0, r7, #16
20001370:	4323      	orrs	r3, r4
20001372:	fa1f fe87 	uxth.w	lr, r7
20001376:	0c1c      	lsrs	r4, r3, #16
20001378:	fbbc f8f0 	udiv	r8, ip, r0
2000137c:	fb00 cc18 	mls	ip, r0, r8, ip
20001380:	ea44 440c 	orr.w	r4, r4, ip, lsl #16
20001384:	fb08 fc0e 	mul.w	ip, r8, lr
20001388:	45a4      	cmp	ip, r4
2000138a:	d90e      	bls.n	200013aa <__udivmoddi4+0x1ba>
2000138c:	193c      	adds	r4, r7, r4
2000138e:	f108 3aff 	add.w	sl, r8, #4294967295
20001392:	bf2c      	ite	cs
20001394:	f04f 0b01 	movcs.w	fp, #1
20001398:	f04f 0b00 	movcc.w	fp, #0
2000139c:	45a4      	cmp	ip, r4
2000139e:	d903      	bls.n	200013a8 <__udivmoddi4+0x1b8>
200013a0:	f1bb 0f00 	cmp.w	fp, #0
200013a4:	f000 80b8 	beq.w	20001518 <__udivmoddi4+0x328>
200013a8:	46d0      	mov	r8, sl
200013aa:	eba4 040c 	sub.w	r4, r4, ip
200013ae:	fa1f fc83 	uxth.w	ip, r3
200013b2:	fbb4 f3f0 	udiv	r3, r4, r0
200013b6:	fb00 4413 	mls	r4, r0, r3, r4
200013ba:	fb03 fe0e 	mul.w	lr, r3, lr
200013be:	ea4c 4404 	orr.w	r4, ip, r4, lsl #16
200013c2:	45a6      	cmp	lr, r4
200013c4:	d90e      	bls.n	200013e4 <__udivmoddi4+0x1f4>
200013c6:	193c      	adds	r4, r7, r4
200013c8:	f103 30ff 	add.w	r0, r3, #4294967295
200013cc:	bf2c      	ite	cs
200013ce:	f04f 0c01 	movcs.w	ip, #1
200013d2:	f04f 0c00 	movcc.w	ip, #0
200013d6:	45a6      	cmp	lr, r4
200013d8:	d903      	bls.n	200013e2 <__udivmoddi4+0x1f2>
200013da:	f1bc 0f00 	cmp.w	ip, #0
200013de:	f000 809f 	beq.w	20001520 <__udivmoddi4+0x330>
200013e2:	4603      	mov	r3, r0
200013e4:	ea43 4008 	orr.w	r0, r3, r8, lsl #16
200013e8:	eba4 040e 	sub.w	r4, r4, lr
200013ec:	fba0 ec02 	umull	lr, ip, r0, r2
200013f0:	4564      	cmp	r4, ip
200013f2:	4673      	mov	r3, lr
200013f4:	46e0      	mov	r8, ip
200013f6:	d302      	bcc.n	200013fe <__udivmoddi4+0x20e>
200013f8:	d107      	bne.n	2000140a <__udivmoddi4+0x21a>
200013fa:	45f1      	cmp	r9, lr
200013fc:	d205      	bcs.n	2000140a <__udivmoddi4+0x21a>
200013fe:	ebbe 0302 	subs.w	r3, lr, r2
20001402:	eb6c 0c07 	sbc.w	ip, ip, r7
20001406:	3801      	subs	r0, #1
20001408:	46e0      	mov	r8, ip
2000140a:	b15e      	cbz	r6, 20001424 <__udivmoddi4+0x234>
2000140c:	ebb9 0203 	subs.w	r2, r9, r3
20001410:	eb64 0408 	sbc.w	r4, r4, r8
20001414:	fa04 f505 	lsl.w	r5, r4, r5
20001418:	fa22 f301 	lsr.w	r3, r2, r1
2000141c:	40cc      	lsrs	r4, r1
2000141e:	431d      	orrs	r5, r3
20001420:	e9c6 5400 	strd	r5, r4, [r6]
20001424:	2100      	movs	r1, #0
20001426:	e732      	b.n	2000128e <__udivmoddi4+0x9e>
20001428:	0842      	lsrs	r2, r0, #1
2000142a:	462f      	mov	r7, r5
2000142c:	084b      	lsrs	r3, r1, #1
2000142e:	46ac      	mov	ip, r5
20001430:	ea42 72c1 	orr.w	r2, r2, r1, lsl #31
20001434:	46ae      	mov	lr, r5
20001436:	07c4      	lsls	r4, r0, #31
20001438:	0c11      	lsrs	r1, r2, #16
2000143a:	b292      	uxth	r2, r2
2000143c:	ea41 4103 	orr.w	r1, r1, r3, lsl #16
20001440:	ea42 4201 	orr.w	r2, r2, r1, lsl #16
20001444:	fbb1 f1f5 	udiv	r1, r1, r5
20001448:	fbb3 f0f5 	udiv	r0, r3, r5
2000144c:	231f      	movs	r3, #31
2000144e:	eba2 020c 	sub.w	r2, r2, ip
20001452:	ea41 4100 	orr.w	r1, r1, r0, lsl #16
20001456:	e742      	b.n	200012de <__udivmoddi4+0xee>
20001458:	409d      	lsls	r5, r3
2000145a:	f1c3 0220 	rsb	r2, r3, #32
2000145e:	4099      	lsls	r1, r3
20001460:	409c      	lsls	r4, r3
20001462:	fa2c fc02 	lsr.w	ip, ip, r2
20001466:	ea4f 4e15 	mov.w	lr, r5, lsr #16
2000146a:	fa20 f202 	lsr.w	r2, r0, r2
2000146e:	b2af      	uxth	r7, r5
20001470:	fbbc f8fe 	udiv	r8, ip, lr
20001474:	430a      	orrs	r2, r1
20001476:	fb0e cc18 	mls	ip, lr, r8, ip
2000147a:	0c11      	lsrs	r1, r2, #16
2000147c:	ea41 410c 	orr.w	r1, r1, ip, lsl #16
20001480:	fb08 fc07 	mul.w	ip, r8, r7
20001484:	458c      	cmp	ip, r1
20001486:	d950      	bls.n	2000152a <__udivmoddi4+0x33a>
20001488:	1869      	adds	r1, r5, r1
2000148a:	f108 30ff 	add.w	r0, r8, #4294967295
2000148e:	bf2c      	ite	cs
20001490:	f04f 0901 	movcs.w	r9, #1
20001494:	f04f 0900 	movcc.w	r9, #0
20001498:	458c      	cmp	ip, r1
2000149a:	d902      	bls.n	200014a2 <__udivmoddi4+0x2b2>
2000149c:	f1b9 0f00 	cmp.w	r9, #0
200014a0:	d030      	beq.n	20001504 <__udivmoddi4+0x314>
200014a2:	eba1 010c 	sub.w	r1, r1, ip
200014a6:	fbb1 f8fe 	udiv	r8, r1, lr
200014aa:	fb08 fc07 	mul.w	ip, r8, r7
200014ae:	fb0e 1118 	mls	r1, lr, r8, r1
200014b2:	b292      	uxth	r2, r2
200014b4:	ea42 4201 	orr.w	r2, r2, r1, lsl #16
200014b8:	4562      	cmp	r2, ip
200014ba:	d234      	bcs.n	20001526 <__udivmoddi4+0x336>
200014bc:	18aa      	adds	r2, r5, r2
200014be:	f108 31ff 	add.w	r1, r8, #4294967295
200014c2:	bf2c      	ite	cs
200014c4:	f04f 0901 	movcs.w	r9, #1
200014c8:	f04f 0900 	movcc.w	r9, #0
200014cc:	4562      	cmp	r2, ip
200014ce:	d2be      	bcs.n	2000144e <__udivmoddi4+0x25e>
200014d0:	f1b9 0f00 	cmp.w	r9, #0
200014d4:	d1bb      	bne.n	2000144e <__udivmoddi4+0x25e>
200014d6:	f1a8 0102 	sub.w	r1, r8, #2
200014da:	442a      	add	r2, r5
200014dc:	e7b7      	b.n	2000144e <__udivmoddi4+0x25e>
200014de:	1a84      	subs	r4, r0, r2
200014e0:	eb6c 0203 	sbc.w	r2, ip, r3
200014e4:	2001      	movs	r0, #1
200014e6:	4617      	mov	r7, r2
200014e8:	e6e7      	b.n	200012ba <__udivmoddi4+0xca>
200014ea:	442c      	add	r4, r5
200014ec:	3802      	subs	r0, #2
200014ee:	e72b      	b.n	20001348 <__udivmoddi4+0x158>
200014f0:	f1ac 0c02 	sub.w	ip, ip, #2
200014f4:	442a      	add	r2, r5
200014f6:	e70c      	b.n	20001312 <__udivmoddi4+0x122>
200014f8:	3902      	subs	r1, #2
200014fa:	442a      	add	r2, r5
200014fc:	e6a5      	b.n	2000124a <__udivmoddi4+0x5a>
200014fe:	442c      	add	r4, r5
20001500:	3802      	subs	r0, #2
20001502:	e6ba      	b.n	2000127a <__udivmoddi4+0x8a>
20001504:	eba5 0c0c 	sub.w	ip, r5, ip
20001508:	f1a8 0002 	sub.w	r0, r8, #2
2000150c:	4461      	add	r1, ip
2000150e:	fbb1 f8fe 	udiv	r8, r1, lr
20001512:	fb08 fc07 	mul.w	ip, r8, r7
20001516:	e7ca      	b.n	200014ae <__udivmoddi4+0x2be>
20001518:	f1a8 0802 	sub.w	r8, r8, #2
2000151c:	443c      	add	r4, r7
2000151e:	e744      	b.n	200013aa <__udivmoddi4+0x1ba>
20001520:	3b02      	subs	r3, #2
20001522:	443c      	add	r4, r7
20001524:	e75e      	b.n	200013e4 <__udivmoddi4+0x1f4>
20001526:	4641      	mov	r1, r8
20001528:	e791      	b.n	2000144e <__udivmoddi4+0x25e>
2000152a:	eba1 010c 	sub.w	r1, r1, ip
2000152e:	4640      	mov	r0, r8
20001530:	fbb1 f8fe 	udiv	r8, r1, lr
20001534:	fb08 fc07 	mul.w	ip, r8, r7
20001538:	e7b9      	b.n	200014ae <__udivmoddi4+0x2be>
2000153a:	bf00      	nop

2000153c <__aeabi_idiv0>:
2000153c:	4770      	bx	lr
2000153e:	bf00      	nop

20001540 <__tud_event_hook_cb_veneer>:
20001540:	f85f f000 	ldr.w	pc, [pc]	@ 20001544 <__tud_event_hook_cb_veneer+0x4>
20001544:	10004591 	.word	0x10004591

20001548 <__memset_veneer>:
20001548:	f85f f000 	ldr.w	pc, [pc]	@ 2000154c <__memset_veneer+0x4>
2000154c:	100087b5 	.word	0x100087b5

20001550 <__time_us_64_veneer>:
20001550:	f85f f000 	ldr.w	pc, [pc]	@ 20001554 <__time_us_64_veneer+0x4>
20001554:	100016a1 	.word	0x100016a1

20001558 <__tu_fifo_write_veneer>:
20001558:	f85f f000 	ldr.w	pc, [pc]	@ 2000155c <__tu_fifo_write_veneer+0x4>
2000155c:	10005f69 	.word	0x10005f69

20001560 <__panic_veneer>:
20001560:	f85f f000 	ldr.w	pc, [pc]	@ 20001564 <__panic_veneer+0x4>
20001564:	10000941 	.word	0x10000941

20001568 <__best_effort_wfe_or_timeout_veneer>:
20001568:	f85f f000 	ldr.w	pc, [pc]	@ 2000156c <__best_effort_wfe_or_timeout_veneer+0x4>
2000156c:	10001599 	.word	0x10001599

20001570 <cooler>:
20001570:	0000000a 00000000 00000000 00001387     ................
20001580:	00000001                                ....

20001584 <striped_spin_lock_num>:
20001584:	00000010                                ....

20001588 <irq_handler_chain_slots>:
20001588:	00000000 	.word	0x00000000
2000158c:	00010000 	.word	0x00010000
	...
20001598:	00020000 	.word	0x00020000
	...
200015a4:	00030000 	.word	0x00030000
	...
200015b0:	00ff0000 	.word	0x00ff0000
200015b4:	00000000 	.word	0x00000000

200015b8 <irq_handler_chain_first_slot>:
200015b8:	b501      	push	{r0, lr}
200015ba:	6848      	ldr	r0, [r1, #4]
200015bc:	3101      	adds	r1, #1
200015be:	468e      	mov	lr, r1
200015c0:	4700      	bx	r0

200015c2 <irq_handler_chain_remove_tail>:
200015c2:	4670      	mov	r0, lr
200015c4:	3809      	subs	r0, #9
200015c6:	4901      	ldr	r1, [pc, #4]	@ (200015cc <irq_handler_chain_remove_tail+0xa>)
200015c8:	4788      	blx	r1
200015ca:	bd01      	pop	{r0, pc}
200015cc:	10000db5 	.word	0x10000db5

200015d0 <default_alarm_pool>:
	...
200015e4:	20001ba0                                ... 

200015e8 <stdio_usb>:
200015e8:	10003d3d 10003ce9 10003c61 10003bd1     ==...<..a<...;..
200015f8:	00000000 00000100                       ........

20001600 <_usbd_qdef>:
20001600:	20002120 000c0010 00000000 00000000      !. ............
	...

2000161c <_usbd_rhport>:
2000161c:	000000ff                                ....

20001620 <i2c0_inst>:
20001620:	40090000 00000000                       ...@....

20001628 <ucPrimaryCoreNum>:
20001628:	000000ff                                ....

2000162c <ulCriticalNesting>:
2000162c:	aaaaaaaa                                ....

20001630 <__malloc_sbrk_base>:
20001630:	ffffffff                                ....

20001634 <__malloc_trim_threshold>:
20001634:	00020000                                ....

20001638 <__malloc_av_>:
	...
20001640:	20001638 20001638 20001640 20001640     8.. 8.. @.. @.. 
20001650:	20001648 20001648 20001650 20001650     H.. H.. P.. P.. 
20001660:	20001658 20001658 20001660 20001660     X.. X.. `.. `.. 
20001670:	20001668 20001668 20001670 20001670     h.. h.. p.. p.. 
20001680:	20001678 20001678 20001680 20001680     x.. x.. ... ... 
20001690:	20001688 20001688 20001690 20001690     ... ... ... ... 
200016a0:	20001698 20001698 200016a0 200016a0     ... ... ... ... 
200016b0:	200016a8 200016a8 200016b0 200016b0     ... ... ... ... 
200016c0:	200016b8 200016b8 200016c0 200016c0     ... ... ... ... 
200016d0:	200016c8 200016c8 200016d0 200016d0     ... ... ... ... 
200016e0:	200016d8 200016d8 200016e0 200016e0     ... ... ... ... 
200016f0:	200016e8 200016e8 200016f0 200016f0     ... ... ... ... 
20001700:	200016f8 200016f8 20001700 20001700     ... ... ... ... 
20001710:	20001708 20001708 20001710 20001710     ... ... ... ... 
20001720:	20001718 20001718 20001720 20001720     ... ...  ..  .. 
20001730:	20001728 20001728 20001730 20001730     (.. (.. 0.. 0.. 
20001740:	20001738 20001738 20001740 20001740     8.. 8.. @.. @.. 
20001750:	20001748 20001748 20001750 20001750     H.. H.. P.. P.. 
20001760:	20001758 20001758 20001760 20001760     X.. X.. `.. `.. 
20001770:	20001768 20001768 20001770 20001770     h.. h.. p.. p.. 
20001780:	20001778 20001778 20001780 20001780     x.. x.. ... ... 
20001790:	20001788 20001788 20001790 20001790     ... ... ... ... 
200017a0:	20001798 20001798 200017a0 200017a0     ... ... ... ... 
200017b0:	200017a8 200017a8 200017b0 200017b0     ... ... ... ... 
200017c0:	200017b8 200017b8 200017c0 200017c0     ... ... ... ... 
200017d0:	200017c8 200017c8 200017d0 200017d0     ... ... ... ... 
200017e0:	200017d8 200017d8 200017e0 200017e0     ... ... ... ... 
200017f0:	200017e8 200017e8 200017f0 200017f0     ... ... ... ... 
20001800:	200017f8 200017f8 20001800 20001800     ... ... ... ... 
20001810:	20001808 20001808 20001810 20001810     ... ... ... ... 
20001820:	20001818 20001818 20001820 20001820     ... ...  ..  .. 
20001830:	20001828 20001828 20001830 20001830     (.. (.. 0.. 0.. 
20001840:	20001838 20001838 20001840 20001840     8.. 8.. @.. @.. 
20001850:	20001848 20001848 20001850 20001850     H.. H.. P.. P.. 
20001860:	20001858 20001858 20001860 20001860     X.. X.. `.. `.. 
20001870:	20001868 20001868 20001870 20001870     h.. h.. p.. p.. 
20001880:	20001878 20001878 20001880 20001880     x.. x.. ... ... 
20001890:	20001888 20001888 20001890 20001890     ... ... ... ... 
200018a0:	20001898 20001898 200018a0 200018a0     ... ... ... ... 
200018b0:	200018a8 200018a8 200018b0 200018b0     ... ... ... ... 
200018c0:	200018b8 200018b8 200018c0 200018c0     ... ... ... ... 
200018d0:	200018c8 200018c8 200018d0 200018d0     ... ... ... ... 
200018e0:	200018d8 200018d8 200018e0 200018e0     ... ... ... ... 
200018f0:	200018e8 200018e8 200018f0 200018f0     ... ... ... ... 
20001900:	200018f8 200018f8 20001900 20001900     ... ... ... ... 
20001910:	20001908 20001908 20001910 20001910     ... ... ... ... 
20001920:	20001918 20001918 20001920 20001920     ... ...  ..  .. 
20001930:	20001928 20001928 20001930 20001930     (.. (.. 0.. 0.. 
20001940:	20001938 20001938 20001940 20001940     8.. 8.. @.. @.. 
20001950:	20001948 20001948 20001950 20001950     H.. H.. P.. P.. 
20001960:	20001958 20001958 20001960 20001960     X.. X.. `.. `.. 
20001970:	20001968 20001968 20001970 20001970     h.. h.. p.. p.. 
20001980:	20001978 20001978 20001980 20001980     x.. x.. ... ... 
20001990:	20001988 20001988 20001990 20001990     ... ... ... ... 
200019a0:	20001998 20001998 200019a0 200019a0     ... ... ... ... 
200019b0:	200019a8 200019a8 200019b0 200019b0     ... ... ... ... 
200019c0:	200019b8 200019b8 200019c0 200019c0     ... ... ... ... 
200019d0:	200019c8 200019c8 200019d0 200019d0     ... ... ... ... 
200019e0:	200019d8 200019d8 200019e0 200019e0     ... ... ... ... 
200019f0:	200019e8 200019e8 200019f0 200019f0     ... ... ... ... 
20001a00:	200019f8 200019f8 20001a00 20001a00     ... ... ... ... 
20001a10:	20001a08 20001a08 20001a10 20001a10     ... ... ... ... 
20001a20:	20001a18 20001a18 20001a20 20001a20     ... ...  ..  .. 
20001a30:	20001a28 20001a28 20001a30 20001a30     (.. (.. 0.. 0.. 

20001a40 <_impure_ptr>:
20001a40:	20001a48 00000000                       H.. ....

20001a48 <_impure_data>:
20001a48:	00000000 20001dbc 20001e24 20001e8c     ....... $.. ... 
	...
20001ae0:	00000001 00000000 abcd330e e66d1234     .........3..4.m.
20001af0:	0005deec 0000000b 00000000 00000000     ................
	...

20001b88 <print_mutex>:
	...

20001b90 <initialized_mutex.1>:
	...

20001b98 <my_spi_init_mutex.1>:
	...
